"id","nombre","precio_min","precio_max"
20526,"Yerba Mate Bajo Polvo 4 Flex Mañanita 500 Gr","2109.00","4450.00"
20527,"Huevo de Chocolate Sorpresa Kinder 20 Gr","1630.00","2615.00"
20528,"Chocolate Confitado Rocklets 40 Gr","899.00","1470.00"
20529,"Galletitas Chocolate con Relleno de Limon Melba 120 Gr","919.00","1450.00"
20530,"Galletitas Obleas Rellena Opera 92 Gr","769.00","1450.00"
20531,"Chocolate Leche Arcor 25 Gr","615.00","1065.00"
20532,"Huevo de Pascua con Sorpresa en Caja Kinder 20 Gr","1630.00","2615.00"
20533,"Galletitas Vainilla con Relleno de Limon Duquesa 115 Gr","920.00","1330.00"
20534,"Pastilla Mentita Menta 26 Gr","320.00","600.00"
20535,"Pastillas Frutal Mentitas Lacasa 26 Gr","320.00","600.00"
20536,"Galletitas Rellena Sabor Frambuesa Sonrisas 108 Gr","799.00","1650.00"
20537,"Yerba Mate Campo Origen Controlado La Merced 500 Gr","3570.00","4274.00"
20538,"Azucar Molida Superior Ledesma 1 Kg","1035.84","1109.00"
20539,"Alfajor Clasico Terrabusi 50 Gr","850.00","1095.00"
20540,"Galletitas Salvado Frutigran Granix 250 Gr","1290.00","1469.00"
20541,"Te Comun La Virginia 50 Un","1430.00","1859.00"
20542,"Pure de Papas Knorr 125 Gr","1993.00","2119.00"
20543,"Te Verde en Saquitos La Virginia 20 Un","1190.00","1250.00"
20544,"Bombones Chocolate Avellana Ferrero Rocher 37.5 Gr","2290.00","4025.00"
20545,"Harina de Trigo 0000 Morixe 1 Kg","955.00","1078.00"
20546,"Mayonesa Clasica Doypack Hellmanns 950 Gr","3333.00","3540.00"
20547,"Sal Gruesa en Paquete Celusal 1 Kg","1729.00","1979.00"
20548,"Mermelada de Ciruela Bc 390 Gr","1829.00","2389.00"
20549,"Yerba Mate con Palo Suave Chamigo 500 Gr","1574.40","1675.00"
20550,"Bizcochos Agridulces Don Satur 200 Gr","844.00","1100.00"
20551,"Alfajor Triple Dulce de Leche Terrabusi 70 Gr","1345.00","1650.00"
20552,"Polvo para Preparar Flan Sabor Vainilla Exquisita 40 Gr","763.20","795.00"
20553,"Turron Arcor 25 Gr","180.00","370.00"
20554,"Caldo de Verdura Maggi 114 Gr","1119.00","1398.50"
20555,"Tableta de Chocolate con Leche Kinder 50 Gr","1819.00","3060.00"
20556,"Fideos Dedalitos Lucchetti 500 Gr","1152.00","1299.00"
20557,"Yerba Mate en Saquitos Taragui 50 Un","1740.00","1957.00"
20558,"Bombon Chocolate con Leche Relleno Bon O Bon 16 Gr","330.00","459.00"
20559,"Leche en Polvo Descremada Fortificada La Serenisima 200 Gr","2549.00","2629.00"
20560,"Yerba Mate con Palo 4Flex Suave Union 500 Gr","2109.00","4450.00"
20561,"Galletitas Surtidas Mix Chocolate Variedad 300 Gr","2065.00","2359.00"
20562,"Te con Limon en Saquitos Ensobrados La Virginia 20 Un","1635.00","1711.00"
20563,"Dulce de Leche Repostero La Serenisima 400 Gr","2840.00","2925.00"
20564,"Alfajor con Chips Triple Pepitos 57 Gr","1229.00","1650.00"
20565,"Galletitas Golden Rellenas Sabor Vainilla Oreo 118 Gr","1575.00","1889.99"
20566,"Alfajor Triple Leche Milka 70 Gr","1215.00","1650.00"
20567,"Mermelada de Durazno Bc La Campagnola 390 Gr","1830.00","2389.00"
20568,"Yerba 4 Flex Mañanita 1 Kg","4385.00","4899.00"
20569,"Tableta de Chocolate Kinder 12.5 Gr","527.00","649.99"
20570,"Bizcochitos Clasicas 9 de Oro 200 Gr","709.00","809.00"
20571,"Caldo de Gallina Maggi 12Un 114 Gr","1170.00","1469.00"
20572,"Cafe Molido Clasico Bolsa La Morenita 250 Gr","3475.00","3750.00"
20573,"Mostaza Original Tips Doypack Savora 250 Gr","1039.00","1069.00"
20574,"Tostada de Arroz Clasica Ala 150 Gr","1500.00","2400.00"
20575,"Galletitas Surtidas Mix Chocolate Variedad 300 Gr","2065.00","2359.00"
20576,"Yerba Mate con Palo Suave Chamigo 500 Gr","1574.40","1675.00"
20577,"Te Comun La Virginia 50 Un","1430.00","1859.00"
20578,"Fideos Dedalitos Lucchetti 500 Gr","1152.00","1299.00"
20579,"Yerba 4 Flex Mañanita 1 Kg","4385.00","4899.00"
20580,"Mermelada Naranja sin TACC Arcor 454 Gr","1819.00","2185.53"
20581,"Gomitas Dino Frutal Yummy 30 Gr","360.00","678.00"
20582,"Harina con Levadura Pizza Pureza 1 Kg","1460.00","1562.00"
20583,"Fideos Letritas Lucchetti 500 Gr","1195.00","1289.00"
20584,"Galletitas con Chips Chocolate Pepitos 119 Gr","1339.00","2000.00"
20585,"Galletitas Clasicas Cerealitas 212 Gr","1149.00","1900.00"
20586,"Yerba Mate Suave con Palo Playadito 500 Gr","1890.00","2595.00"
20587,"Galletitas de Arroz Crackers Dips sin Gluten Molinos Ala 100 Gr","1319.00","1900.00"
20588,"Yerba Mate Amanda 1 Kg","3400.00","4127.00"
20589,"Alfajor Chococrunch Gallo Snacks 20 Gr","605.00","890.00"
20590,"Te de Boldo en Saquitos La Virgina 25 Un","1690.00","1810.00"
20591,"Te Negro Sabor Frutilla Saquitos Ensobrado Green Hills 20 Un","1715.00","1949.00"
20592,"Tableta de Chocolate con Yogur Frutilla Cadbury 29 Gr","1115.00","1220.00"
20593,"Alfajor Triple Trishot 60 Gr","1350.00","1650.00"
20594,"Aderezo para Ensaladas Caesar Dos Anclas 350 Gr","3140.00","3272.00"
20595,"Polvo para Hornear Royal 50 Gr","890.00","1115.00"
20596,"Mayonesa Liviana sin TACC Doypack Hellmann's 237 Gr","1020.00","1089.00"
20597,"Te Manzanillas Hierbas La Virginia 25 Un","1350.00","1455.00"
20598,"Chocolate Semi Amargo Classic Nestle 80 Gr","2450.00","3545.00"
20599,"Cafe Molido Intenso La Morenita 500 Gr","5690.00","7499.00"
20600,"Chocolate Crunch Nestle 80 Gr","2500.00","3545.00"
20601,"Cafe Molido Torrado Clasico La Virginia 125 Gr","1990.00","2129.00"
20602,"Tostadas Integrales de Arroz sin Sal Molinos Ala 150 Gr","2060.00","2550.00"
20603,"Yerba Mate Suave Romance 1 Kg","3845.00","4777.00"
20604,"Palitos Salados con Queso Pehuamar 165 Gr","2140.00","2669.00"
20605,"Chocolate Blanco Milka Oreo 20 Gr","669.00","779.00"
20606,"Galletitas con Avena y Pasas Frutigran Granix 250 Gr","1555.00","1895.00"
20607,"Galletitas con Chia y Amaranto Naturalmente Granix 240 Gr","1549.99","1750.00"
20608,"Galletitas con Chips Pepitos 357 Gr","3649.00","4270.00"
20609,"Galletitas Dulces Clasicas Lincoln 219 Gr","1539.00","1730.00"
20610,"Te de Manzanilla Saquitos Ensobrado Green Hills 20 Un","1195.00","1447.79"
20611,"Aderezo para Ensaladas Alioli Dos Anclas 340 Gr","3425.00","3776.64"
20612,"Bizcochitos con Grasa Salados Don Satur 200 Gr","869.00","1100.00"
20613,"Sopa de Choclo Perejil Nuez Moscada Quick Knorr 5 Un","2350.00","2405.00"
20614,"Snack Palitos Salados Krach-Itos 110 Gr","1010.00","1068.99"
20615,"Galletitas con Chips de Chocolate Toddy 126 Gr","1450.00","2250.00"
20616,"Dulce de Leche Clasico La Serenisima 400 Gr","2625.00","2626.55"
20617,"Sopa de Zapallo con Pimienta Quick Balance Knorr 5 Un","2229.00","2405.00"
20618,"Fideos Spaghetti N3 Matarazzo 500 Gr","1385.00","1439.00"
20619,"Fideos Tallarines N5 Matarazzo 500 Gr","1379.00","1400.00"
20620,"Almidon de Maiz Bolsa Maizena 500 Gr","2386.00","2486.00"
20621,"Sal Fina en Salero Celusal 500 Gr","3091.00","3220.00"
20622,"Galletitas Surtidas Variedad Terrabusi 390 Gr","2095.00","2630.00"
20623,"Mayonesa Regular Doypack Hellmanns 475 Gr","1809.00","1905.00"
20624,"Galletitas Dulces Clasicas Lincoln 219 Gr","1539.00","1730.00"
20625,"Pan para Panchos Artesano Bimbo 6 Un","2650.00","2800.00"
20626,"Chocolate con Leche Milka Te Quiero 55 Gr","2150.00","3300.00"
20627,"Cafe Molido Torrado en Bolsa Cabrales 250 Gr","4139.00","4269.00"
20628,"Galletitas con Chips de Chocolate Toddy 126 Gr","1450.00","2250.00"
20629,"Mermelada Diet sabor Durazno Arcor 390 Gr","2055.00","2139.00"
20630,"Granola Crocante Granix 350 Gr","1990.00","2777.99"
20631,"Galletitas con Chips Pepitos 357 Gr","3649.00","4270.00"
20632,"Tostadas Integrales de Arroz Molinos Ala 150 Gr","2060.00","2550.00"
20633,"Sopa de Vegetales Apio Quick Knorr 5 Un","2350.00","2405.00"
20634,"Sopa Crema de Zapallo con Nuez Moscada Knorr 70 Gr","1425.00","1669.00"
20635,"Galletitas Dulces Rellenas Vainilla Oreo 182 Gr","1985.00","2430.00"
20636,"Pate de Foie Swift Lata 90 Gr","755.00","779.00"
20637,"Fideos Tallarines N5 Matarazzo 500 Gr","1379.00","1400.00"
20638,"Yerba Mate Elaborada sin Palo Playadito 500 Gr","2390.00","3432.00"
20639,"Fideos Spaghetti N3 Matarazzo 500 Gr","1385.00","1439.00"
20640,"Papas Fritas Clasicas Lays 134 Gr","2685.00","2830.00"
20641,"Arroz Parboil Luchetti 500 Gr","1365.00","1405.00"
20642,"Leche Entera Larga Vida Tradicion Tres Niñas 1 Lt","1830.00","1885.00"
20643,"Galletitas con Chia y Amaranto Naturalmente Granix 240 Gr","1549.99","1750.00"
20644,"Bizcochitos con Grasa Salados Don Satur 200 Gr","869.00","1100.00"
20645,"Papas Fritas Clasicas Lays 85 Gr","2449.00","2580.00"
20646,"Cafe Molido Torrado en Bolsa Cabrales 500 Gr","7350.00","8230.00"
20647,"Cafe Instantaneo Suave Origen Dolca 170 Gr","4900.00","10029.00"
20648,"Arroz Parboil Bolsa Gallo Oro 1 Kg","2720.00","3400.00"
20649,"Bizcochitos Agridulces 9 de Oro 200 Gr","756.00","929.00"
20650,"Cafe Instantaneo Suave Extra Aroma Arlistan 170 Gr","4250.00","4460.00"
20651,"Cafe Molido Clasico La Virginia 500 Gr","6790.00","7612.00"
20652,"Palitos Salados con Queso Pehuamar 165 Gr","2140.00","2669.00"
20653,"Sopa Crema Vegetales Balance Knorr 60 Gr","1830.00","1869.00"
20654,"Dulce de Leche Estilo Colonial La Serenisima 400 Gr","3139.00","3200.00"
20655,"Obleas Bañadas de Chocolate Rhodesia 22 Gr","645.00","759.00"
20656,"Galletitas Surtidas Variedad Terrabusi 390 Gr","2095.00","2630.00"
20657,"Caldo de Gallina Maggi 6 Un 57 Gr","590.00","750.00"
20658,"Cafe Instantaneo Cappuccino Dolca 125 Gr","1790.00","2679.00"
20659,"Yerba Mate Suave Romance 1 Kg","3845.00","4777.00"
20660,"Yerba Suave Playadito 1 Kg","3690.00","4865.00"
20661,"Snack Palitos Salados Krach-Itos 110 Gr","1010.00","1068.99"
20662,"Almidon de Maiz Bolsa Maizena 500 Gr","2386.00","2486.00"
20663,"Miel Squeezze Aleluya 250 Gr","3180.00","3770.00"
20664,"Sal Fina en Salero Celusal 500 Gr","3091.00","3220.00"
20665,"Yerba Mate Seleccion Especial La Tranquera 500 Gr","1729.00","2275.10"
20666,"Galletitas Dulces Rellenas con Crema Oreo 354 Gr","3599.00","4415.00"
20667,"Mermelada Durazno Arcor 454 Gr","1900.00","1959.00"
20668,"Tostadas de Arroz Cerealitas 160 Gr","1995.00","2119.00"
20669,"Galletitas con Chips de Chocolate Toddy 126 Gr","1450.00","2250.00"
20670,"Cafe Instantaneo Suave Origen Dolca 170 Gr","4900.00","10029.00"
20671,"Cafe Molido Torrado en Bolsa Cabrales 250 Gr","4139.00","4269.00"
20672,"Bizcochitos Agridulces 9 de Oro 200 Gr","756.00","929.00"
20673,"Cafe Molido Torrado en Bolsa Cabrales 500 Gr","7350.00","8230.00"
20674,"Palitos Salados con Queso Pehuamar 165 Gr","2140.00","2669.00"
20675,"Cafe Instantaneo Suave Extra Aroma Arlistan 170 Gr","4250.00","4460.00"
20676,"Sopa de Pollo con Dedalitos Integrales Knorr 80 Gr","1335.00","1635.00"
20677,"Alfajores Glaseados Terrabusi 6 Un 228 Gr","850.00","885.00"
20678,"Oblea Bañada en Chocolate Choco Pause Milda 45 Gr","1195.00","1315.00"
20679,"Cereal con Formas de Frutas Caja Trix 230 Gr","4699.00","4905.00"
20680,"Mini Crackers 5 Semillas Paseo 300 Gr","1130.00","1259.00"
20681,"Chocolate Blanco Milka 55 Gr","2150.00","2525.00"
20682,"Tostadas de Arroz Clasicas sin TACC Tia Maruca 120 Gr","935.00","1025.00"
20683,"Mermelada de Frutilla Frasco Dulcor 454 Gr","1919.00","2949.00"
20684,"Ketchup Squeeze Hellmanns 400 Gr","3965.00","4130.00"
20685,"Spaghetti Rina Matarazzo 500 Gr","2000.00","2060.00"
20686,"Mermelada de Durazno en Frasco Dulcor 454 Gr","1690.00","2609.00"
20687,"Tostaditas de Arroz Clasicas Molinos Ala 100 Gr","930.00","1550.00"
20688,"Yerba Hierbas Serranas Cbse 500 Gr","1589.00","1639.00"
20689,"Caramelos sin Azucar Frambuesa Clight 20 Gr","605.00","829.00"
20690,"Galletitas Dulces Lincoln 459 Gr","2989.00","3349.00"
20691,"Galletitas Vainilla Rellenas Smams 105 Gr","1295.00","1335.00"
20692,"Ravioles Ricota Mozzarella Danbo Parmesano La Salteña 450 Gr","2300.00","2369.00"
20693,"Cafe Molido Torrado Intenso Bonafide 250 Gr","3595.00","4145.00"
20694,"Galletitas Chocolate Lincoln 153 Gr","1039.00","1249.00"
20695,"Te Mezcla de Hierbas en Saquitos La Virginia 25 Un","1550.00","1689.00"
20696,"Chocolate Semiamargo Aguila 100 Gr","2990.00","3083.99"
20697,"Bizcocho Negrito Don Satur 200 Gr","859.00","899.00"
20698,"Copos de Maiz Azucarados Granix Skarchitos 500 Gr","2680.00","2760.00"
20699,"Bananita Dolca 30 Gr","949.00","1030.00"
20700,"Alfajor Triple Caja Oreo 36 Un","1139.00","1469.00"
20701,"Crackers Salvado Tripac 360 Gr","2789.00","3239.00"
20702,"Ravioles Jamon y Mozzarella La Salteña 450 Gr","2300.00","2369.00"
20703,"Cappuccino Instantaneo Doypack La Virginia 125 Gr","2810.00","2895.00"
20704,"Cafe Instantaneo Suave Origen Doypack Dolca 170 Gr","5750.00","8220.00"
20705,"Premezcla para Preparar Mousse Chocolate Royal 65 Gr","1800.00","1915.00"
20706,"Espinaca Deshidratada Knorr 50 Gr","1635.00","1960.00"
20707,"Arroz Parboil Luchetti 1 Kg","2599.00","2679.00"
20708,"Galletitas Dulces Rellenas Vainilla Oreo 118 Gr","1360.00","1619.00"
20709,"Capuccino Instantaneo Light Doypack La Virginia 100 Gr","2990.00","3269.00"
20710,"Caramelos Masticables Menta Mentos 29.7 Gr","959.00","1240.00"
20711,"Mermelada Ciruela Light Arcor 390 Gr","1995.00","2552.00"
21995,"Mix Supremo 50 Gr","1490.00","1490.00"
20712,"Chocolate Bueno White Kinder 39 Gr 1 Un","2199.00","2350.99"
20713,"Picadillo de Carne en Lata Swift 90 Gr","755.00","779.00"
20714,"Chicle Menta Beldent 10 Gr","609.00","705.00"
20715,"Barra de Cereal de Frutas y Almendras Vita Cereal 6 Un 138 Gr","3014.00","3569.99"
20716,"Pan para Hamburguesas Artesano Bimbo 4 Un","2650.00","2799.99"
20717,"Cafe Molido Torrado Intenso Bonafide 500 Gr","7190.00","7405.00"
20718,"Alfajor Triple Caja Oreo 36 Un","1139.00","1469.00"
20719,"Cafe en Saquitos Intenso Bonafide 18 Gr","3360.00","4990.00"
20720,"Galletitas Criollitas Pentapack 499 Gr","1779.00","2070.00"
20721,"Sal Fina Modificada 66% Menos de Sodio Genser 300 Gr","5185.00","5401.00"
20722,"Fideos Tirabuzones Fortificados Favorita 500 Gr","850.00","875.00"
20723,"Chocolate Semiamargo Aguila 100 Gr","2990.00","3083.99"
20724,"Ketchup Squeeze Hellmanns 400 Gr","3965.00","4130.00"
20725,"Mermelada de Durazno en Frasco Dulcor 454 Gr","1690.00","2609.00"
20726,"Bananita Dolca 30 Gr","949.00","1030.00"
20727,"Galletitas Vainilla Rellenas Smams 105 Gr","1295.00","1335.00"
20728,"Fideos Mostachol Rayado N52 Matarazzo 500 Gr","1359.00","1400.00"
20729,"Ravioles Ricota Mozzarella Danbo Parmesano La Salteña 450 Gr","2300.00","2369.00"
20730,"Mermelada de Ciruela Arcor 454 Gr","1810.00","2185.53"
20731,"Te Mezcla de Hierbas en Saquitos La Virginia 25 Un","1550.00","1689.00"
20732,"Te en Saquitos La Virginia 25 Un","785.00","809.00"
20733,"Galletitas Dulces Rellenas Vainilla Oreo 118 Gr","1360.00","1619.00"
20734,"Pan para Hamburguesas Artesano Bimbo 4 Un","2650.00","2799.99"
20735,"Arroz Parboil Luchetti 1 Kg","2599.00","2679.00"
20736,"Mini Crackers 5 Semillas Paseo 300 Gr","1130.00","1259.00"
20737,"Picadillo de Carne en Lata Swift 90 Gr","755.00","779.00"
20738,"Barra de Cereal de Frutas y Almendras Vita Cereal 6 Un 138 Gr","3014.00","3569.99"
20739,"Mermelada Ciruela Light Arcor 390 Gr","1995.00","2552.00"
20740,"Chocolate Classic Duo Nestle 80 Gr","2500.00","3545.00"
20741,"Cafe Instantaneo Suave Origen Doypack Dolca 170 Gr","5750.00","8220.00"
20742,"Harina de Trigo Leudante Morixe 1 Kg","1090.00","1270.00"
20743,"Aderezo Not Cream Cheese 210 Gr","3490.00","3595.00"
20744,"Tostadas de Arroz Clasicas sin TACC Tia Maruca 120 Gr","935.00","1025.00"
20745,"Arroz Largo Fino sin TACC Maximo 1 kG","1800.00","1939.00"
20746,"Chicle Menta Beldent 10 Gr","609.00","705.00"
20747,"Ravioles Jamon y Mozzarella La Salteña 450 Gr","2300.00","2369.00"
20748,"Oblea Rellena Oreo Chocopause Milka 45 Gr","1195.00","1280.00"
20749,"Espinaca Deshidratada Knorr 50 Gr","1635.00","1960.00"
20750,"Sopa de Vegetales con Fideos Caracolitos Knorr 107 Gr","1630.00","1669.00"
20751,"Arroz Largo Fino 00000 Molinos Ala 1 Kg","1625.00","2475.00"
20752,"Jugo de Limon Minerva 500 Ml","1449.00","1450.00"
20753,"Yerba Mate Tradicional Cruz De Malta 1 Kg","4339.00","4360.00"
20754,"Cafe en Capsulas Brasil Caja Morenita 10 Un","5749.00","7589.00"
20755,"Galletitas con Semillas 150 Gr","1550.00","1690.00"
20756,"Salsa Barbacoa Doypack Hellmanns 250 Gr","1629.00","1701.00"
20757,"Aceitunas Verdes Clasicas Doypack Castell 180 Gr","1799.00","1804.00"
20758,"Mermelada de Frutilla La Campagnola 454 Gr","2700.00","3239.69"
20759,"Salsa de Queso Cheddar Dos Anclas 350 Gr","3574.00","3722.00"
20760,"Yerba Mate Cp Natural Salus 1 Kg","4360.00","4679.00"
20761,"Pastas Rellenas Cappellettis Jamon y Queso Lucchettinis 500 Gr","3225.60","3360.00"
20762,"Pure de Fruta Sabor Manzana Zummy Pou 90 Gr","1000.00","1040.00"
20763,"Avena Tradicional Morixe 400 Gr","1725.00","2405.99"
20764,"Sopa Crema de Verduras Knorr 60 Gr","1599.00","1659.00"
20765,"Cafe Instantaneo Origen Doypack Dolca 170 Gr","5790.00","8220.00"
20766,"Budin con Relleno de Dulce de Leche 350 Gr","3100.00","3590.00"
20767,"Polvo para Preparar Bizcochuelo Chocolate Mama Cocina 540 Gr","2300.00","2415.00"
20768,"Avena Instantanea Morixe 400 Gr","1989.00","2405.99"
20769,"Budin con Frutos Secos 320 Gr","3100.00","3590.00"
20770,"Oblea Rellena y Cubierta de Chocolate Dark Kit Kat 41 Gr","1200.00","1695.00"
20771,"Fideos Penne Rigate Libre De Gluten Matarazzo 500 Gr","2759.00","2980.00"
20772,"Aceite de Girasol Cañuelas 1.5 Lt","2880.01","3000.01"
20773,"Cafe Instantaneo Choco/Mocha Doypack Nescafe 125 Gr","1790.00","2600.00"
20774,"Fajitas Sabor Queso Tia Maruca 120 Gr","490.00","1036.00"
20775,"Arroz Grano Largo Fino Ita Caabo Molinos Ala 1 Kg","2350.00","3659.00"
20776,"Copos de Maiz Azucarados Granix Skarchitos 240 Gr","1200.00","1450.00"
20777,"Arroz Largo Fino 00000 Molinos Ala 1 Kg","1625.00","2475.00"
20778,"Budin Chocolate con Chips 300 Gr","3100.00","3890.00"
20779,"Sal Fina en Salero Celusal 250 Gr","2495.00","2765.00"
20780,"Sopa de Vegetales con Fideos Caracolitos Knorr 107 Gr","1630.00","1669.00"
20781,"Cafe en Capsulas Brasil Caja Morenita 10 Un","5749.00","7589.00"
20782,"Pan de Viena para Panchos Cortos 240 Gr","1479.00","1490.00"
20783,"Edulcorante Liquido Hileret Zucra 200 Cc","3978.00","4909.00"
20784,"Galletitas de Miel Melitas 159 Gr","1023.99","1079.00"
20785,"Salsa de Queso Cheddar Dos Anclas 350 Gr","3574.00","3722.00"
20786,"Caramelos Duro Naranja Dulce Clight 20 Gr","605.00","829.00"
20787,"Mayonesa Doypack Natura 237 Gr","1009.00","1150.00"
20788,"Aceite de Girasol Cocinero 1.5 Lt","2880.00","3000.00"
20789,"Cafe Instantaneo Sabor Cookies y Cream Nescafe 125 Gr","1790.00","2600.00"
20790,"Mayonesa Vegana sin TACC Doypack Hellmanns 250 Gr","1262.00","1315.00"
20791,"Aceite Oliva Extra Virgen Morixe 500 Ml","11390.00","12863.00"
20792,"Fideos Penne Rigate N45 Lucchetti 500 Gr","1145.00","1200.00"
20793,"Sopa Crema de Verduras Knorr 60 Gr","1599.00","1659.00"
20794,"Aceitunas Verdes Clasicas Doypack Castell 180 Gr","1799.00","1804.00"
20795,"Yerba Seleccion Nobleza Gaucha 500 Gr","2040.00","2040.00"
20796,"Yerba Silueta Dr Cormillot Cbse 500 Gr","1589.00","1590.00"
20797,"Aceitunas Verdes Clasicas Doy Pack Castell 100 Gr","1109.00","1110.00"
20798,"Galletitas Cereal Clasicas Cerealitas Pack 3 Un 212 Gr","3000.00","3605.00"
20799,"Fideos Mostacholes Fortificado Favorita 500 Gr","850.00","850.00"
20800,"Aceite de Girasol Cañuelas 900 Cc","1890.00","1899.00"
20801,"Aderezo de Ketchup Doypack Hellman's 500 Gr","3005.00","3035.00"
20802,"Salsa de Queso Sabor Cheddar Adler 250 Gr","3300.00","3505.00"
20803,"Yerba Mate Cp Natural Salus 500 Gr","2290.00","2459.00"
20804,"Jugo de Limon Minerva 500 Ml","1449.00","1450.00"
20805,"Premezcla para Brownies Chocolate Mama Cocina 425 Gr","2007.00","2160.00"
20806,"Yerba Mate con Naranja Cbse 500 Gr","1589.00","1590.00"
20807,"Cafe en Capsulas Espresso Roast Starbucks Caja 57 Gr","10980.00","13076.00"
20808,"Papas Fritas Clasicas Pehuamar 135 Gr","2459.00","2805.00"
20809,"Galletitas con Avena Soja y Chips de Chocolate Frutigran Granix 255 Gr","1749.99","1840.00"
20810,"Aceite de Girasol Legitimo 1.5 Lt","2520.00","2890.00"
20811,"Salsa Barbacoa Doypack Hellmanns 250 Gr","1629.00","1701.00"
20812,"Arroz Parboil Molinos Ala 1 Kg","1885.00","2900.00"
20813,"Mix Saborizante Tomate Cebolla y Morron Sobres Knorr 4 Un 30 Gr","1079.00","1295.00"
20814,"Galletitas con Avena Soja y Chips de Chocolate Frutigran Granix 255 Gr","1749.99","1840.00"
20815,"Pastas Rellenas Cappellettis Jamon y Queso Lucchettinis 500 Gr","3225.60","3360.00"
20816,"Mayonesa Vegana sin TACC Doypack Hellmanns 500 Gr","2101.00","2199.00"
20817,"Sopa de Pollo con Fideos Cabello de Angel Knorr 105 Gr","1630.00","1669.00"
20818,"Aceitunas Verdes Clasicas Doypack Castell 180 Gr","1799.00","1804.00"
20819,"Fajitas Sabor Queso Tia Maruca 120 Gr","490.00","1036.00"
20820,"Pan de Viena para Panchos Cortos 240 Gr","1479.00","1490.00"
20821,"Salsa de Queso Cheddar Dos Anclas 350 Gr","3574.00","3722.00"
20822,"Fideos Penne Rigate Libre De Gluten Matarazzo 500 Gr","2759.00","2980.00"
20823,"Avena Tradicional Morixe 400 Gr","1725.00","2405.99"
20824,"Cafe en Capsulas Brasil Caja Morenita 10 Un","5749.00","7589.00"
20825,"Mix Saborizante Tomate Cebolla y Morron Sobres Knorr 4 Un 30 Gr","1079.00","1295.00"
20826,"Premezcla para Pizza Integral con Levadura Pureza 550 Gr","1587.00","1654.00"
20827,"Sopa Crema de Verduras Knorr 60 Gr","1599.00","1659.00"
20828,"Yerba Mate Seleccion Nobleza Gaucha 1 Kg","3045.00","3910.00"
20829,"Galletitas Cereal Clasicas Cerealitas Pack 3 Un 212 Gr","3000.00","3605.00"
20830,"Te Negro Sabor Limon Saquitos Ensobrado Green Hills 20 Un","1890.00","2039.00"
20831,"Mayonesa Clasica Doypack Hellmanns 237 Gr","969.00","1060.00"
20832,"Aceite Oliva Extra Virgen Morixe 500 Ml","11390.00","12863.00"
20833,"Yerba Mate con Naranja Cbse 500 Gr","1589.00","1590.00"
20834,"Arroz Largo Fino 00000 Molinos Ala 1 Kg","1625.00","2475.00"
20835,"Fideos Mostacholes Fortificado Favorita 500 Gr","850.00","850.00"
20836,"Aceite de Girasol Natura 900 Ml","1943.04","2050.00"
20837,"Arroz Grano Largo Fino Ita Caabo Molinos Ala 1 Kg","2350.00","3659.00"
20838,"Sopa Light Vegetales Quick Balance Knorr 5 Un","2350.00","2369.00"
20839,"Yerba Mate en Saquitos La Tranquera 50 Un","1620.00","1622.00"
20840,"Papas Fritas Clasicas Pehuamar 135 Gr","2459.00","2805.00"
20841,"Avena Instantanea Morixe 400 Gr","1989.00","2405.99"
20842,"Budin con Relleno de Dulce de Leche 350 Gr","3100.00","3590.00"
20843,"Aceite de Girasol Cañuelas 900 Cc","1890.00","1899.00"
20844,"Aceite de Oliva Cocinero 500 Cc","10665.60","12250.00"
20845,"Aderezo de Ketchup Doypack Hellman's 500 Gr","3005.00","3035.00"
20846,"Mayonesa Vegana sin TACC Doypack Hellmanns 250 Gr","1262.00","1315.00"
20847,"Budin Chocolate con Chips 300 Gr","3100.00","3890.00"
20848,"Jugo de Limon Minerva 500 Ml","1449.00","1450.00"
20849,"Mayonesa Liviana sin TACC Doypack Hellmann's 475 Gr","1829.00","1889.00"
20850,"Sopa de Vegetales con Fideos Caracolitos Knorr 107 Gr","1630.00","1669.00"
20851,"Aderezo a Base de Aceite Ahumada Doypack Hellmann's 250 Gr","1779.00","2286.00"
20852,"Harina 000 Fortificada con Calcio Cañuelas 1 Kg","769.00","840.00"
20853,"Pastilla La Yapa 17 Gr","304.99","375.00"
20854,"Palitos de Maiz Pehuamar 125 Gr","2150.00","2299.00"
20855,"Harina de Trigo 000 Pureza 1 Kg","863.04","909.70"
20856,"Yerba Mate Cp Natural Salus 500 Gr","2290.00","2459.00"
20857,"Budin con Frutos Secos 320 Gr","3100.00","3590.00"
20858,"Bizcochuelo Vainilla Bolsa Mama Cocina 540 Gr","2009.00","2200.00"
20859,"Cafe Instantaneo Choco/Mocha Doypack Nescafe 125 Gr","1790.00","2600.00"
20860,"Cafe Clasico en Saquitos La Virginia 20 Un","3745.00","3779.00"
20861,"Polvo para Preparar Postre Sabor Chocolate Exquisita 80 Gr","859.20","895.00"
20862,"Sopa de Pollo con Fideos Cabello de Angel Knorr 105 Gr","1630.00","1669.00"
20863,"Barbacoa Hellmanns 500 Gr","2869.00","2875.00"
20864,"Alfajor Triple Chocolate Turimar 1 Un","500.00","500.00"
20865,"Premezcla para Pizza con Levadura Pureza 550 Gr","1449.00","1510.00"
20866,"Alfajor de Dulce de Leche Sol Serrano 40 Gr","330.00","362.00"
20867,"Papas Fritas sabor Queso y Cebolla Lays 77 Gr","2505.00","2506.99"
20868,"Bocadito Bonafide Dulce de Leche Flowpack 16 Gr","540.00","968.00"
20869,"Premezcla para Bizcochuelo Chocolate Morixe 540 Gr","2059.00","2423.52"
20870,"Papas Fritas Pay Krachitos 55 Gr","1200.00","1235.00"
20871,"Fideos Caserito Don Vicente 500 Gr","2300.00","2400.00"
20872,"Chocolate Blanco Galak 80 Gr","2969.00","3440.00"
20873,"Mani Japones 50 Gr","990.00","990.00"
20874,"Sopa de Vegetales con Municiones Knorr 78 Gr","1630.00","1659.00"
20875,"Triangulos Azucarado 150 Gr","1300.00","1555.00"
20876,"Pan Hamburguesa con Sesamo Fargo 4 Un","2125.00","2130.00"
20877,"Aritos Frutales Granix 130 Gr","1105.00","1105.00"
20878,"Salsa Chimichurri Dos Anclas 375 Gr","2760.00","3212.00"
20879,"Bolitas de Cereal Chocolate Nesquik 210 Gr","4320.00","4703.99"
20880,"Yerba Compuesta con Poleo Chamigo 1 Kg","3110.00","3110.00"
20881,"Aceitunas Verdes en Rodajas Castell 150 Gr","1925.00","1927.00"
20882,"Galletitas de Agua Argentitas Pack 3 Un 306 Gr","1410.00","1410.00"
20883,"Copos de Maiz Azucarados Zucaritas 150 Gr","1500.00","1600.00"
20884,"Pasta de Mani Frasco Mani King 500 Gr","3675.00","3740.00"
20885,"Mayonesa Sabor Original Libre de Gluten Doypack Menoyo 500 Gr","959.04","1430.00"
20886,"Fideos Coditos Rayados Fortificados Favorita 500 Gr","850.00","850.00"
20887,"Yerba Mate Suave Amanda 500 Gr","1860.00","2229.00"
20888,"Mayonesa Liviana Pou Hellmann'S 950 Gr","3470.00","3475.00"
20889,"Yerba Hierbas Serranas Cbse 1 Kg","2949.00","3120.00"
20890,"Aceite de Girasol Legitimo 900 Ml","1289.00","1690.00"
20891,"Mermelada de Frutilla Emeth 420 Gr","1240.00","1795.00"
20892,"Harina de Trigo Fortivac 000 Morixe 1 Kg","381.24","790.00"
20893,"Mini Budin Vainilla 9 de Oro 140 Gr","1680.00","1790.00"
20894,"Galletitas Clasicas Express Pack 3 Un 103 Gr","1989.00","1995.00"
20895,"Pasta de Mani Crunch con Trocitos de Mani sin TACC King 350 Gr","2779.00","3533.99"
22022,"Alfajor Negro Tofi 44 Gr","509.00","625.00"
20896,"Tostadas de Arroz sin Sal sin TACC Tia Maruca 120 Gr","984.00","1030.00"
20897,"Palitos Salados Pep 120 Gr","2288.99","2525.00"
20898,"Harina Leudante Ultra Refinada con Vitamina D Pureza 1 Kg","1227.84","1280.00"
20899,"Pan de Hamburguesa Lactal 210 Gr","1645.00","1650.00"
20900,"Avena Integral Instantanea Quaker 500 Gr","3100.00","3150.00"
20901,"Alfajor Triple Dulce de Leche Turimar 60 Gr","500.00","500.00"
20902,"Papas Fritas Ondas Lays 70 Gr","2229.00","2505.00"
20903,"Flan para Preparar Vainilla Emeth 60 Gr","401.76","1199.00"
20904,"Tableta de Chocolate Aireado Suflair Nestle 80 Gr","2659.00","3730.00"
20905,"Aceite de Oliva Extra Virgen Clasico Cañuelas 500 Ml","11265.19","11734.57"
20906,"Mini Alfajor Chocolate Negro Alfa Pampa 32 Gr","550.00","896.00"
20907,"Galletitas con Chips Mini Pepitos 50 Gr","735.00","759.00"
20908,"Sopa de Vegetales con Caracol Verde Knorr 80 Gr","1630.00","1659.00"
20909,"Nachos Tostitos 129 Gr","3209.00","3575.00"
20910,"Alfajor Triple de Chocolate Fantoche 85 Gr","949.99","979.00"
20911,"Salsa Chimichurri Dos Anclas 375 Gr","2760.00","3212.00"
20912,"Flan para Preparar Vainilla Emeth 60 Gr","401.76","1199.00"
20913,"Alfajor de Dulce de Leche Sol Serrano 40 Gr","330.00","362.00"
20914,"Alfajor Triple Dulce de Leche Turimar 60 Gr","500.00","500.00"
20915,"Galletitas con Chips Mini Pepitos 50 Gr","735.00","759.00"
20916,"Tostadas de Arroz sin Sal sin TACC Tia Maruca 120 Gr","984.00","1030.00"
20917,"Alfajorcito de Maicena 6 Un","2100.00","2190.00"
20918,"Premezcla para Pizza con Levadura Pureza 550 Gr","1449.00","1510.00"
20919,"Papas Fritas sabor Jamon Serrano Lays 77 Gr","2130.00","2195.00"
20920,"Chupetin Crazy Dips de Uva Chupa Chups 12 Gr","650.00","928.00"
20921,"Papas Fritas Ondas Lays 70 Gr","2229.00","2505.00"
20922,"Nachos Tostitos 129 Gr","3209.00","3575.00"
20923,"Aceitunas Verdes Rellenas en Doy Pack Castell 180 Gr","2465.00","2469.00"
20924,"Polvo de Cacao Toddy 360 Gr","2300.00","3035.00"
20925,"Cafe Molido Tostado Super Cabrales 125 Gr","4990.00","5040.00"
20926,"Aceite de Oliva Extra Virgen Suave Cocinero 500 Ml","10665.60","12250.00"
20927,"Harina Leudante Ultra Refinada con Vitamina D Pureza 1 Kg","1227.84","1280.00"
20928,"Aceite de Girasol Cocinero 900 Ml","1814.40","1890.00"
20929,"Aceite de Oliva Extra Virgen Clasico Cañuelas 500 Ml","11265.19","11734.57"
20930,"Grisines de Salvado Panex 180 Gr","1690.00","1790.00"
20931,"Aritos Frutales Granix 130 Gr","1105.00","1105.00"
20932,"Premezcla para Bizcochuelo Vainilla Morixe 540 Gr","2005.00","2111.40"
20933,"Miel Liquida Aleluya 470 Gr","4859.00","5766.00"
20934,"Mermelada de Ciruela Emeth 420 Gr","1190.00","1650.00"
20935,"Pickles Castell 140 Gr","1855.00","1855.00"
20936,"Aceite de Girasol Legitimo 900 Ml","1289.00","1690.00"
20937,"Yerba Compuesta con Poleo Chamigo 1 Kg","3110.00","3110.00"
20938,"Avena Tradicional Quaker 550 Gr","3375.00","3500.00"
20939,"Mini Budin Vainilla 9 de Oro 140 Gr","1680.00","1790.00"
20940,"Barra de Chocolate Classic Diplomata Nestle 80 Gr","2500.00","3440.00"
20941,"Arroz Monovarietal Corto Molinos Ala 1 Kg","2470.00","3800.00"
20942,"Mermelada de Durazno Emeth 420 Gr","1150.00","1650.00"
20943,"Pan de Hamburguesa Lactal 210 Gr","1645.00","1650.00"
20944,"Sal Light en Salero Celusal 235 Gr","4455.00","4800.00"
20945,"Nachos Tostitos 77 Gr","2535.00","4065.00"
20946,"Galletitas de Agua Argentitas Pack 3 Un 306 Gr","1410.00","1410.00"
20947,"Yerba Mate Jengibre Cbse 500 Gr","1590.00","1590.00"
20948,"Merengue Medianos Blancos 130 Gr","1390.00","2075.00"
20949,"Mermelada Durazno Cuarto Creciente 400 Gr","3349.00","5180.00"
20950,"Tableta de Chocolate con Mani Nestle 33 Gr","1150.00","1200.00"
20951,"Endulzante en Sobres Hileret Stevia 200 Un","8870.00","8970.00"
20952,"Galletitas La Providencia 505 Gr","1400.00","1400.00"
20953,"Yerba Mate con Palo Guarana Cbse 500 Gr","1589.00","1590.00"
20954,"Biscuit Bolsa Cristal 142 Gr","1590.00","1590.00"
20955,"Alfajor Mediano Los Artesanos 500 Gr","949.99","950.00"
20956,"Gomitas Animalitos Yummy 30 Gr","140.00","377.99"
20957,"Te en Saquitos Filtro Diamantado Taragui 25 Un","795.00","829.00"
20958,"Flan Casero Entero con Dulce de Leche Sancor 2 Un 115 Gr","2659.00","2725.00"
20959,"Mermelada Durazno Cuarto Creciente 400 Gr","3349.00","5180.00"
20960,"Cebolla Deshidratada Knorr 100 Gr","1635.00","1960.00"
20961,"Tostadas Dulces Libres Riera 200 Gr","1650.99","1810.00"
20962,"Pan de Pancho Lactal 210 Gr","1645.00","1650.00"
20963,"Galletitas La Providencia 505 Gr","1400.00","1400.00"
20964,"Alfajor Mediano Los Artesanos 500 Gr","949.99","950.00"
20965,"Galletitas Dulces Porteñitas 130 Gr","733.99","1005.00"
20966,"Aceto Balsamico Tipo Di Modena Cocinero 250 Cc","2490.00","2490.00"
20967,"Avena Instantanea La Española 300 Gr","1450.00","1599.99"
20968,"Tostadas Clasicas Libres Riera 200 Gr","1435.99","1850.00"
20969,"Premezcla para Faina Natural Pop Paq 210 Gr","1359.90","1500.00"
20970,"Te en Saquitos Green Hills 50 Un","2150.00","2198.00"
20971,"Merengue Medianos Blancos 130 Gr","1390.00","2075.00"
20972,"Endulzante en Sobres Hileret Stevia 200 Un","8870.00","8970.00"
20973,"Papas Fritas Acanaladas Pehuamar 135 Gr","2300.00","2300.00"
20974,"Edulcorante Liquido Hileret 500 Ml","3680.00","4250.00"
20975,"Tableta de Chocolate con Mani Nestle 33 Gr","1150.00","1200.00"
20976,"Mermelada de Durazno sin Azucar Cormillot 390 Gr","3150.00","3169.00"
20977,"Cacao Menos Azucar Nesquik 300 Gr","2500.00","5050.00"
20978,"Barras de Mani y Cacao Zafran 4 Un 112 Gr","3600.00","3600.00"
20979,"Te en Saquitos Crysf 50 Un","960.00","1326.00"
20980,"Bocadito Relleno con Chocolate Blanco Granix 180 Gr","2270.00","2300.00"
20981,"Budin de Limon con Semillas de Amapola Pudding 100 Ducados 300 Gr","3100.00","4005.00"
20982,"Biscuit Bolsa Cristal 142 Gr","1590.00","1590.00"
20983,"Edulcorante Liquido Hileret Zucra 400 Cc","4740.00","4752.00"
20984,"Budin de Chocolate Cañuelas 220 Gr","1090.00","1679.99"
20985,"Mini Crackers Salvado Paseo 300 Gr","1574.99","1640.00"
20986,"Postre para Preparar Dulce de Leche Exquisita 80 Gr","865.00","865.00"
20987,"Dulce de Leche Colonial La Serenisima 1 Kg","6850.95","6985.00"
20988,"Mermelada de Frutilla Light Frasco Cormillot 390 Gr","2940.00","3240.00"
20989,"Galletitas Crackers Mas Grande Criollitas 169 Gr","760.00","760.00"
20990,"Mermelada Emeth Light Ciruela 390 Gr","3680.00","4200.00"
20991,"Barra de Arroz con Chocolate Choco Black 20 Gr","459.00","680.00"
20992,"Te en Saquitos Green Hills 25 Un","1230.00","1230.90"
20993,"Tartellete con Mermelada Sabor Frutos del Bosque Trio 300 Gr","1827.99","2035.00"
20994,"Arroz Integral sin TACC Cormillot Paquete Molinos Ala 500 Gr","1135.00","1695.00"
20995,"Barra de Cereales con Almendras Tostadas Vita Cereal 138 Gr","3000.00","3139.00"
20996,"Vinagre de Manzana Menoyo 500 Cc","1730.00","1925.00"
20997,"Risotto Pronto 4 Quesos Gallo 240 Gr","2500.00","2501.00"
20998,"Edulcorante Liquido Hileret Zucra 400 Cc","4740.00","4752.00"
20999,"Tableta de Chocolate con Mani Nestle 33 Gr","1150.00","1200.00"
21000,"Endulzante en Sobres Hileret Stevia 200 Un","8870.00","8970.00"
21001,"Edulcorante Liquido Clasico Hileret 250 Ml","2134.00","2240.00"
21002,"Mermelada Emeth Light Ciruela 390 Gr","3680.00","4200.00"
21003,"Mermelada de Frutilla Light Frasco Cormillot 390 Gr","2940.00","3240.00"
21004,"Mayonesa Liviana Hellmann'S 320 Gr","2260.00","2260.00"
21005,"Barra de Arroz con Chocolate Choco Black 20 Gr","459.00","680.00"
21006,"Tartellete con Mermelada Sabor Frutos del Bosque Trio 300 Gr","1827.99","2035.00"
21007,"Galletitas Crackers Mas Grande Criollitas 169 Gr","760.00","760.00"
21008,"Barra de Cereales con Almendras Tostadas Vita Cereal 138 Gr","3000.00","3139.00"
21009,"Vinagre de Manzana Menoyo 500 Cc","1730.00","1925.00"
21010,"Azucar Light Doypack Hileret 500 Gr","2200.00","2217.00"
21011,"Pasta de Avellana y Cacao Nutella 350 Gr","7415.00","7415.99"
21012,"Harina de Maiz Blanco para Arepas Morixe 20 Un 1 Kg","3538.00","3695.00"
21013,"Yerba Mate Tradicional Natura 500 Gr","1990.00","2150.00"
21014,"Barras de Almendras y Cocos Zafran 4 Un 112 Gr","3600.00","3600.00"
21015,"Yerba Mate Seleccion Especial Amanda 500 Gr","1929.00","1940.00"
21016,"Biscuit Bolsa Cristal 142 Gr","1590.00","1590.00"
21017,"Dulce de Leche Colonial La Serenisima 1 Kg","6850.95","6985.00"
21018,"Budin de Limon con Semillas de Amapola Pudding 100 Ducados 300 Gr","3100.00","4005.00"
21019,"Azucar Light Doypack Hileret 250 Gr","1360.00","1440.00"
21020,"Galletitas con Chips Chocolate Parnor 120 Gr","1150.00","1150.00"
21021,"Mani con Cascara 250 Gr","2790.00","2790.00"
21022,"Galletitas Chocolate Chocodias 220 Gr","1230.00","1230.00"
21023,"Fideos Cabellos de Angel Dia 500 Gr","1750.00","1750.00"
21024,"Aderezo a Base de Mayonesa y Ajo Kansas 400 Gr","4190.00","4190.00"
21025,"Polenta Instantanea La Española 500 Gr","440.00","440.00"
21026,"Pure de Tomate con Albahaca y Ajo Dia 520 Gr","1140.00","1140.00"
21027,"Atun en Lomitos al Natural Dia 240 Gr","4690.00","4690.00"
21028,"Galletitas Sabor Frambuesa Dia 140 Gr","1160.00","1160.00"
21029,"Malta Soluble Instantanea Dia 170 Gr","1750.00","1750.00"
21030,"Galletitas Pepas Dia 250 Gr","1250.00","1250.00"
21031,"Copos de Maiz Dia 400 Gr","1400.00","1400.00"
21032,"Galletitas Rellenas Dia 400 Gr","1850.00","1850.00"
21033,"Postre de Mani Clasico Mantecol 111 Gr","2890.00","2890.00"
21034,"Edulcorante Liquido con Stevia Dia 500 Ml","3050.00","3050.00"
21035,"Dulce de Leche Light Dia 400 Gr","1990.00","1990.00"
21036,"Tartellete con Mermelada Sabor Frutilla Trio 300 Gr","2035.00","2035.00"
21037,"Alfajor Glaseado Dia 40 Gr","590.00","590.00"
21038,"Edulcorante con Stevia en Sobres Dia 100 Un","3100.00","3100.00"
21039,"Granas Verde Dia 50 Gr","580.00","580.00"
21040,"Alfajor Mousse Dia 42 Gr","690.00","690.00"
21041,"Tartellete con Mermelada Sabor Frutilla Trio 300 Gr","2035.00","2035.00"
21042,"Porotos en Lata Montenevi 340 Gr","1070.00","1070.00"
21043,"Alfajor Glaseado Dia 40 Gr","590.00","590.00"
21044,"Leche en Polvo Entera con Vitaminas Purisima 200 Gr","2400.00","2400.00"
21045,"Grisines Malteados 200 Gr","990.00","990.00"
21046,"Barra de Arroz Dia 60 Gr","1000.00","1000.00"
21047,"Barra de Chocolate Rellena Smack 35 Gr","400.00","400.00"
21048,"Polvo para Preparar Gelatina de Frambuesa Emeth 70 Gr","1550.00","1550.00"
21049,"Alfajor Chocolate Dia 55 Gr","750.00","750.00"
21050,"Fideos Tirabuzones Cuquets 500 Gr","1040.00","1040.00"
21051,"Aceite de Girasol Dia 1.5 Lt","2930.00","2930.00"
21052,"Mayonesa Sabor Original Libre de Gluten Menoyo 1 Un","2320.00","2320.00"
21053,"Galletas de Avena con Chocolate Dia 100 Gr","920.00","920.00"
21054,"Snack Pizzitos de Jamon y Queso Nikitos 100 Gr","890.00","890.00"
21055,"Mermelada Durazno Dia 454 Gr","2200.00","2200.00"
21056,"Galletitas Vainilla Mousse Mini Pitusas 160 Gr","1240.00","1240.00"
21057,"Palitos Salados Dia 100 Gr","1195.00","1195.00"
21058,"Aji Molido Dia 50 Gr","1155.00","1155.00"
21059,"Lentejas Secas Remojadas Dia 300 Gr","790.00","790.00"
21060,"Edulcorante Liquido sin TACC Dia 500 Ml","3260.00","3260.00"
21061,"Mermelada Light de Frutos Rojos Dia 390 Gr","2700.00","2700.00"
21062,"Barra de Cereales con Yogur Frutos del Bosque Flow 6 Un 162 Gr","2880.00","2880.00"
21063,"Cereales Honey Nuts Quaker 200 Gr","4250.00","4250.00"
21064,"Te Boldo en Saquitos Dia 25 Un","1380.00","1380.00"
21065,"Galletitas Frutos del Bosque Dia 140 Gr","1160.00","1160.00"
21066,"Mayonesa Dia 500 Gr","1250.00","1250.00"
21067,"Choclo Amarillo sin Sal Agregada Dia 300 Gr","1840.00","1840.00"
21068,"Mostaza sin TACC Doypack Menoyo 250 Gr","870.00","870.00"
21069,"Oblea Chocolate y Choc Blanco Dia 100 Gr","790.00","790.00"
21070,"Mayonesa Sabor Original Libre de Gluten Menoyo 1 Un","760.00","760.00"
21071,"Leche en Polvo Entera Dia 800 Gr","8400.00","8400.00"
21072,"Mezcla para Pizza Dia 500 Gr","1180.00","1180.00"
21073,"Pionono Salado Dia 150 Gr","1850.00","1850.00"
21074,"Tomate Triturado Dia 950 Gr","2090.00","2090.00"
21075,"Pimenton Dia 50 Gr","1310.00","1310.00"
21076,"Pan de Hamburguesa 6 Un","1000.00","1000.00"
21077,"Budin Marmolado 250 Gr","2620.00","2620.00"
21078,"Mermelada de Frambuesa Dia 454 Gr","2700.00","2700.00"
21079,"Mani sin Sal 500 Gr","3790.00","3790.00"
21080,"Bolitas de Cereales Chocolate Granix 150 Gr","1250.00","1250.00"
21081,"Pepitas de Membrillo 1 Un","1575.00","1575.00"
21082,"Granas Celeste Dia 50 Gr","580.00","580.00"
21083,"Galletitas Polvorone Celosas 120 Gr","590.00","590.00"
21084,"Caramelos Confitados Halloween Sugus 50 Gr","370.00","370.00"
21085,"Anchoas Calabresa Dia 90 Gr","4990.00","4990.00"
21086,"Te Verde en Saquitos sin TACC Dia 25 Un","880.00","880.00"
21087,"Pan para Hamburguesa Mendia 4 Un","1285.00","1285.00"
21088,"Picadillo de Carne Dia 90 Gr","680.00","680.00"
21089,"Aceite de Girasol Dia 900 Ml","1670.00","1670.00"
21090,"Galletitas con Relleno de Chocolate Dia 140 Gr","1160.00","1160.00"
21091,"Atun en Lomitos al Natural Dia 354 Gr","4690.00","4690.00"
21092,"Salsa de Soja Menoyo 250 Ml","1740.00","1740.00"
21093,"Bizcochos de Grasa Dia 200 Gr","1070.00","1070.00"
21094,"Garrapiñadas de Mani Arcor 80 Gr","1200.00","1200.00"
21095,"Galletitas Tapa de Alfajor Dia 400 Gr","2900.00","2900.00"
21096,"Hummus con Aceite de Oliva Kyros 230 Gr","3190.00","3190.00"
21097,"Cereal Aritos Frutados Dia 200 Gr","1790.00","1790.00"
21098,"Hummus con Pimenton Kyros 230 Gr","3190.00","3190.00"
21099,"Palmitos Enteros Dia 400 Gr","3140.00","3140.00"
21100,"Copos de Maiz Dia 400 Gr","1400.00","1400.00"
21101,"Porotos en Lata Montenevi 340 Gr","1070.00","1070.00"
21102,"Galletitas Terepin 200 Gr","940.00","940.00"
21103,"Dulce de Leche Dia 400 Gr","1890.00","1890.00"
21104,"Obleas con Relleno de Limon Dia 100 Gr","705.00","705.00"
21105,"Galletas de Avena con Chocolate Dia 100 Gr","920.00","920.00"
21106,"Barra de Arroz Dia 60 Gr","1000.00","1000.00"
21107,"Grisines Malteados 200 Gr","990.00","990.00"
21108,"Relleno Bon o Bon 290 Gr","3670.00","3670.00"
21109,"Barra de Chocolate Rellena Smack 35 Gr","400.00","400.00"
21110,"Mayonesa Sabor Original Libre de Gluten Menoyo 1 Un","760.00","760.00"
21111,"Turron de Mani Dia 80 Gr","1150.00","1150.00"
21112,"Polvo para Cappuccino Dia 125 Gr","1990.00","1990.00"
21113,"Obleas con Relleno de Vainilla Dia 100 Gr","705.00","705.00"
21114,"Te Mezcla de Hierbas en Saquitos sin TACC Dia 25 Un","1050.00","1050.00"
21115,"Provenzal Dia 50 Gr","1500.00","1500.00"
21116,"Alfajor Mousse Dia 42 Gr","690.00","690.00"
21117,"Grisines Malteados 180 Gr","1790.00","1790.00"
21118,"Galletitas Pepas Membrillo Dia 900 Gr","3150.00","3150.00"
21119,"Fideos Tirabuzones Cuquets 500 Gr","1040.00","1040.00"
21120,"Bombon Mousse Chocolate Smack 16 Gr","300.00","300.00"
21121,"Chocolate con Mani Dia 80 Gr","1450.00","1450.00"
21122,"Fideos Spaghetti Dia 500 Gr","1180.00","1180.00"
21123,"Harina Especial para Pizza Dia 1 Kg","1610.00","1610.00"
21124,"Yerba Mate Caa Yari 500 Gr","2090.00","2090.00"
21125,"Dulce de Leche Light Dia 400 Gr","1990.00","1990.00"
21126,"Edulcorante en Polvo Dia 100 Un","2500.00","2500.00"
21127,"Bizcochos de Azucar Dia 200 Gr","1070.00","1070.00"
21128,"Snack Palitos Sabor Queos Cheddar Dia 120 Gr","1400.00","1400.00"
21129,"Vinagre de Vino Dia 500 Ml","1050.00","1050.00"
21130,"Gomitas Doggie Gummi Zone 24 Un 9 Gr","350.00","350.00"
21131,"Galletas con Relleno de Frutilla Dia 140 Gr","1160.00","1160.00"
21132,"Budin con Fruta Cuque 170 Gr","1450.00","1450.00"
21133,"Turron Crujiente Dia 90 Gr","1450.00","1450.00"
21134,"Pan para Hamburguesa Mendia 4 Un","1285.00","1285.00"
21135,"Cubanitos Relleno de Dulce De Leche Arbanit 28 Gr","800.00","800.00"
21136,"Polvo para Hornear Dia 50 Gr","840.00","840.00"
21137,"Galletitas Tapa de Alfajor Dia 400 Gr","2900.00","2900.00"
21138,"Vinagre de Alcohol Dia 1 Lt","990.00","990.00"
21139,"Choclo Amarillo Recart Dia 340 Gr","840.00","840.00"
21140,"Budin Vainilla Cuquets 170 Gr","1450.00","1450.00"
21141,"Postre de Mani Dia 105 Gr","1690.00","1690.00"
21142,"Galletitas Crackers Cuquets 110 Gr","355.00","355.00"
21143,"Tomate Triturado Don Francisco Noel 960 Ml","2550.00","2550.00"
21144,"Anchoas Calabresa Dia 90 Gr","4990.00","4990.00"
21145,"Leche en Polvo Descremada Dia 800 Gr","8400.00","8400.00"
21146,"Bolitas de Cereales Chocolate Granix 150 Gr","1250.00","1250.00"
21147,"Budin Naranja 250 Gr","2990.00","2990.00"
21148,"Dulce de Leche Repostero Dia 400 Gr","2050.00","2050.00"
21149,"Porotos en Lata Montenevi 340 Gr","1070.00","1070.00"
21150,"Bizcochos de Grasa Dia 200 Gr","1070.00","1070.00"
21151,"Galletas de Avena con Chocolate Dia 100 Gr","920.00","920.00"
21152,"Barra de Arroz Dia 60 Gr","1000.00","1000.00"
21153,"Galletitas Pepas Membrillo Dia 900 Gr","3150.00","3150.00"
21154,"Alfajor Negro Mogy 21 Gr","500.00","500.00"
21155,"Galletitas Mantequitas Dia 250 Gr","1210.00","1210.00"
21156,"Barra de Chocolate Rellena Smack 35 Gr","400.00","400.00"
21157,"Garrapiñadas de Mani Arcor 80 Gr","1200.00","1200.00"
21158,"Te Verde en Saquitos sin TACC Dia 25 Un","880.00","880.00"
21159,"Leche en Polvo Entera con Vitaminas Purisima 200 Gr","2400.00","2400.00"
21160,"Grisines Malteados 200 Gr","990.00","990.00"
21161,"Cereal Bolas Chocolatas Dia 200 Gr","1700.00","1700.00"
21162,"Nachos Tradicionales Dia 100 Gr","1500.00","1500.00"
21163,"Atun en Lomitos al Natural Dia 170 Gr","2390.00","2390.00"
21164,"Chocolate con Leche Dia 80 Gr","1450.00","1450.00"
21165,"Bizcochos Salados Smams 150 Gr","1760.00","1760.00"
21166,"Dulce de Leche Repostero Dia 400 Gr","2050.00","2050.00"
21167,"Te de Manzanilla en Saquitos sin TACC Dia 25 Un","860.00","860.00"
21168,"Cubanitos Relleno de Dulce De Leche Arbanit 28 Gr","800.00","800.00"
21169,"Turron Crujiente Dia 90 Gr","1450.00","1450.00"
21170,"Mayonesa Dia 250 Ml","690.00","690.00"
21171,"Galletas con Relleno de Frutilla Dia 140 Gr","1160.00","1160.00"
21172,"Mate Cocido en Saquitos Crysf 50 Un","1290.00","1290.00"
21173,"Alfajor Negro Mogy 21 Gr","500.00","500.00"
21174,"Anchoas Provenzal Dia 90 Gr","4990.00","4990.00"
21175,"Galletitas Rellenas Chocolate Dia 97 Gr","630.00","630.00"
21176,"Durazno en Mitades Dia Light 800 Gr","2490.00","2490.00"
21177,"Endulzante Liquido Mate Hileret 200 Ml","2060.00","2060.00"
21178,"Alfajor Negro 1 Un","625.00","625.00"
21179,"Mermelada Frutos Rojos Cuarto Creciente 400 Gr","4740.00","4740.00"
21180,"Galletitas Sabor Vainilla con Chips de Chocolate Dia 185 Gr","1260.00","1260.00"
21181,"Obleas con Relleno de Frutilla Dia 100 Gr","705.00","705.00"
21182,"Galletitas Vainilla Bañadas En Chocolate Celosas 110 Gr","665.00","665.00"
21183,"Bizcochos de Azucar Dia 200 Gr","1070.00","1070.00"
21184,"Snack Palitos Sabor Queos Cheddar Dia 120 Gr","1400.00","1400.00"
21185,"Cookies Americanas 180 Gr","2590.00","2590.00"
21186,"Jalea de Membrillo Dia 454 Gr","2700.00","2700.00"
21187,"Budin de Vainilla con Dulce de Leche Cañuelas 220 Gr","1090.00","1090.00"
22023,"Chocolate Milka 150 Gr","5385.00","5549.00"
21188,"Pan para Hamburguesa Mendia 4 Un","1285.00","1285.00"
21189,"Bocadito Relleno con Crema de Limon Granix 180 Gr","1850.00","1850.00"
21190,"Granas Celeste Dia 50 Gr","580.00","580.00"
21191,"Duraznos en Mitades Dia 820 Gr","2490.00","2490.00"
21192,"Dueto de Arvejas y Choclo Lata Dia 350 Gr","1080.00","1080.00"
21193,"Galletitas Pepas Dia 250 Gr","1250.00","1250.00"
21194,"Oregano Dia 25 Gr","1400.00","1400.00"
21195,"Bombon Mousse Chocolate Smack 16 Gr","300.00","300.00"
21196,"Anchoas Calabresa Dia 90 Gr","4990.00","4990.00"
21197,"Vinagre de Alcohol Menoyo 500 Cc","1150.00","1150.00"
21198,"Bizcochuelo Rectangular Vainilla 450 Gr","3390.00","3390.00"
21199,"Harina Especial para Pizza Dia 1 Kg","1610.00","1610.00"
21200,"Dulce de Leche Familiar Granja de Oro 400 Gr","1900.00","1900.00"
21201,"Obleas con Relleno de Chocolate Dia 100 Gr","705.00","705.00"
21202,"Cookies Americanas 180 Gr","2590.00","2590.00"
21203,"Sal Fina Dia 500 Gr","980.00","980.00"
21204,"Budin de Vainilla con Dulce de Leche Cañuelas 220 Gr","1090.00","1090.00"
21205,"Mani con Chocolate Dia 80 Gr","1990.00","1990.00"
21206,"Turron de Mani Arcor 80 Gr","1200.00","1200.00"
21207,"Bizcochitos de Grasa 160","125.00","125.00"
21208,"Pastillas Corazoncitos Dorin's 1 Un","450.00","450.00"
21209,"Vinagre de Alcohol Menoyo 500 Cc","1150.00","1150.00"
21210,"Yerba Mate Sabor Naranja sin TACC Dia 500 Gr","2310.00","2310.00"
21211,"Mate Cocido en Saquitos Dia 25 Un","1750.00","1750.00"
21212,"Bizcochuelo Rectangular Vainilla 450 Gr","3390.00","3390.00"
21213,"Chocolate Confitado Felices Fiestas Arcor Rocklets 120 Gr","3900.00","3900.00"
21214,"Avena Dia 500 Gr","2300.00","2300.00"
21215,"Budin Limon Bon Mase 220 Gr","1690.00","1690.00"
21216,"Barra de Cereales con Yogur Frutos del Bosque Flow 6 Un 162 Gr","2880.00","2880.00"
21217,"Dulce de Leche Repostero Dia 1 Kg","5100.00","5100.00"
21218,"Te en Saquitos Dia 50 Un","940.00","940.00"
21219,"Atun en Lomitos al Natural Dia 170 Gr","2390.00","2390.00"
21220,"Cubanitos Relleno de Dulce De Leche Arbanit 28 Gr","800.00","800.00"
21221,"Tostadas Gruesa Dia Light 200 Gr","1255.00","1255.00"
21222,"Anchoas Provenzal Dia 90 Gr","4990.00","4990.00"
21223,"Galleta de Salvado 3 en 1 Granix 720 Gr","3630.00","3630.00"
21224,"Durazno en Mitades Dia Light 800 Gr","2490.00","2490.00"
21225,"Aderezo a Base de Mostaza Dia 220 Gr","740.00","740.00"
21226,"Budin Vainilla Cuquets 170 Gr","1450.00","1450.00"
21227,"Mayonesa Light sin TACC Pou Menoyo 500 Ml","1490.00","1490.00"
21228,"Turron de Mani Dia 80 Gr","1150.00","1150.00"
21229,"Budin Chocolate 250 Gr","2990.00","2990.00"
21230,"Mayonesa Dia 250 Ml","690.00","690.00"
21231,"Cubanito Relleno Smack Nevares 27 Gr","500.00","500.00"
21232,"Grisines Malteados 180 Gr","1790.00","1790.00"
21233,"Chocolate con Relleno de Dulce de Leche Dia 80 Gr","1450.00","1450.00"
21234,"Bizcochos de Azucar Dia 200 Gr","1070.00","1070.00"
21235,"Pan para Hamburguesa Mendia 4 Un","1285.00","1285.00"
21236,"Gelatina Cereza Light Emeth 25 Gr","1550.00","1550.00"
21237,"Lunitas Bañadas Dia 200 Gr","1160.00","1160.00"
21238,"Palmito en Trozos Dia 400 Gr","2840.00","2840.00"
21239,"Granas Celeste Dia 50 Gr","580.00","580.00"
21240,"Snack Palitos Sabor Queos Cheddar Dia 120 Gr","1400.00","1400.00"
21241,"Palmeritas 250 Gr","1575.00","1575.00"
21242,"Galletitas Sabor Frambuesa Dia 140 Gr","1160.00","1160.00"
21243,"Copos de Maiz Dia 400 Gr","1400.00","1400.00"
21244,"Anchoas Calabresa Dia 90 Gr","4990.00","4990.00"
21245,"Cereal Bolas Chocolatas Dia 200 Gr","1700.00","1700.00"
21246,"Mermelada Durazno Dia 454 Gr","2200.00","2200.00"
21247,"Dulce de Leche Repostero Dia 1 Kg","5100.00","5100.00"
21248,"Aceite de Girasol Dia 1.5 Lt","2930.00","2930.00"
21249,"Dulce de Leche Clasico Pote Sancor 400 Gr","2500.00","2500.00"
21250,"Arveja Secas Remojada sin Sal Dia 300 Gr","930.00","930.00"
21251,"Arvejas Secas Remojadas Dia 300 Gr","600.00","600.00"
21252,"Budin Chocolate 250 Gr","2990.00","2990.00"
21253,"Mostaza sin TACC Doypack Menoyo 250 Gr","870.00","870.00"
21254,"Cubanito Relleno Smack Nevares 27 Gr","500.00","500.00"
21255,"Mate Cocido en Saquitos Dia 50 Un","1150.00","1150.00"
21256,"Polvo para Preparar Gelatina de Frambuesa Emeth 70 Gr","1550.00","1550.00"
21257,"Te de Manzanilla en Saquitos sin TACC Dia 25 Un","860.00","860.00"
21258,"Sal Entrefina Dia 500 Gr","845.00","845.00"
21259,"Condimento para Arroz Dia 25 Gr","525.00","525.00"
21260,"Provenzal Dia 50 Gr","1500.00","1500.00"
21261,"Miel de Abejas Dia 210 Gr","2800.00","2800.00"
21262,"Polvo Bizcochuelo Vainilla Emeth 450 Gr","2630.00","2630.00"
21263,"Alfajor Mousse Dia 42 Gr","690.00","690.00"
21264,"Arvejas Secas Remoja Dia 340 Gr","640.00","640.00"
21265,"Mostaza con Semillas Especias Sin Tacc Menoyo 60 Gr","235.00","235.00"
21266,"Palmito en Trozos Dia 400 Gr","2840.00","2840.00"
21267,"Budin Vainilla Cuquets 170 Gr","1450.00","1450.00"
21268,"Palmeritas 250 Gr","1575.00","1575.00"
21269,"Coctel de Cuatro Frutas Dia 820 Gr","3470.00","3470.00"
21270,"Edulcorante Liquido con Stevia Dia 500 Ml","3050.00","3050.00"
21271,"Galletitas Rellenas Chocolate Dia 97 Gr","630.00","630.00"
21272,"Budin Relleno de Dulce de Leche 250 Gr","2990.00","2990.00"
21273,"Polvo para Preparar Postre de Vainilla Emeth 120 Gr","1330.00","1330.00"
21274,"Mani con Chocolate Dia 80 Gr","1990.00","1990.00"
21275,"Galletitas Pepas Membrillo Dia 900 Gr","3150.00","3150.00"
21276,"Cubanitos Relleno de Dulce De Leche Arbanit 28 Gr","800.00","800.00"
21277,"Mayonesa Dia 250 Ml","690.00","690.00"
21278,"Te Negro en Saquitos Nory 25 Un","550.00","550.00"
21279,"Granas Verde Dia 50 Gr","580.00","580.00"
21280,"Galletitas Limon Mini Pitusas 160 Gr","1240.00","1240.00"
21281,"Durazno en Mitades Dia Light 800 Gr","2490.00","2490.00"
21282,"Aceite de Girasol Dia 900 Ml","1670.00","1670.00"
21283,"Chocolate Confitado Felices Fiestas Arcor Rocklets 120 Gr","3900.00","3900.00"
21284,"Pate de Foie Dia 90 Gr","680.00","680.00"
21285,"Hummus con Ajo Ahumado Kyros 230 Gr","3190.00","3190.00"
21286,"Atun al Natural Desmenuzado Dia 170 Gr","1260.00","1260.00"
21287,"Te Negro en Saquitos Nory 25 Un","550.00","550.00"
21288,"Leche en Polvo Entera Dia 400 Gr","4300.00","4300.00"
21289,"Galletitas Limon Mini Pitusas 160 Gr","1240.00","1240.00"
22063,"Alfajor Negro Tofi 44 Gr","509.00","625.00"
21290,"Premezcla para Hamburguesas Vegetal Natural Pop 210 Gr","1600.00","1600.00"
21291,"Garbanzos Secos Remojados Dia 300 Gr","920.00","920.00"
21292,"Bocadito Relleno con Crema de Limon Granix 180 Gr","1850.00","1850.00"
21293,"Atun en Lomitos al Natural Dia 240 Gr","4690.00","4690.00"
21294,"Sal Entrefina Dia 500 Gr","845.00","845.00"
21295,"Pure de Tomate con Albahaca y Ajo Dia 520 Gr","1140.00","1140.00"
21296,"Pate de Foie Dia 90 Gr","680.00","680.00"
21297,"Tapa Confitera 120 Gr","1990.00","1990.00"
21298,"Galletitas Hojaldradas Dia 150 Gr","1020.00","1020.00"
21299,"Te de Manzanilla en Saquitos sin TACC Dia 25 Un","860.00","860.00"
21300,"Galletitas Terepin 200 Gr","940.00","940.00"
21301,"Chocolate Blanco Dia 80 Gr","1450.00","1450.00"
21302,"Dulce de Leche Familiar Granja de Oro 400 Gr","1900.00","1900.00"
21303,"Nachos Tradicionales Dia 100 Gr","1500.00","1500.00"
21304,"Budin Marmolado Cañuelas 220 Gr","1090.00","1090.00"
21305,"Cereal Bolas Chocolatas Dia 200 Gr","1700.00","1700.00"
21306,"Alfajor Chocolate Cuque 38 Gr","390.00","390.00"
21307,"Dulce de Leche Dia 1 Kg","4500.00","4500.00"
21308,"Vinagre de Alcohol Menoyo 1 Lt","1300.00","1300.00"
21309,"Anchoas Provenzal Dia 90 Gr","4990.00","4990.00"
21310,"Mezcla para Pizza Dia 500 Gr","1180.00","1180.00"
21311,"Copos Maiz Azucarados Dia 200 Gr","1050.00","1050.00"
21312,"Bocaditos de Cereales Rellenos con Frutilla Granix 180 Gr","2070.00","2070.00"
21313,"Mostaza sin TACC Doypack Menoyo 250 Gr","870.00","870.00"
21314,"Malta Soluble Instantanea Dia 170 Gr","1750.00","1750.00"
21315,"Te en Saquitos Crysf 25 Un","580.00","580.00"
21316,"Pasta Dulce Tradicional Dulcisimo Opi 400 Gr","1400.00","1400.00"
21317,"Mermelada de Ciruela Canale 454 Gr","2540.00","2540.00"
21318,"Flan Vainilla con Caramelo Pote Dia 110 Gr","830.00","830.00"
21319,"Mermelada Durazno Dia 454 Gr","2200.00","2200.00"
21320,"Dulce de Leche Repostero Dia 1 Kg","5100.00","5100.00"
21321,"Galletitas Frutos del Bosque Dia 140 Gr","1160.00","1160.00"
21322,"Pan para Panchos El Chacarero 210 Gr","1360.00","1360.00"
21323,"Aceite de Girasol Dia 1.5 Lt","2930.00","2930.00"
21324,"Cereales Honey Graham Quaker 200 Gr","4250.00","4250.00"
21325,"Polvo para Preparar Postre de Vainilla Emeth 120 Gr","1330.00","1330.00"
21326,"Galletitas con Relleno de Vainilla Dia 140 Gr","1160.00","1160.00"
21327,"Galletitas Vainilla Mousse Mini Pitusas 160 Gr","1240.00","1240.00"
21328,"Budin Marmolado 250 Gr","2620.00","2620.00"
21329,"Hummus con Ajo Ahumado Kyros 230 Gr","3190.00","3190.00"
21330,"Alfajor Chocolate Dia 55 Gr","750.00","750.00"
21331,"Porotos en Lata Montenevi 340 Gr","1070.00","1070.00"
21332,"Oblea Bañada Chocolate Dia 20 Gr","500.00","500.00"
21333,"Oblea Chocolate y Choc Blanco Dia 100 Gr","790.00","790.00"
21334,"Polvo para Preparar Mousse de Chocolate Light Royal 40 Gr","1800.00","1800.00"
21335,"Mermelada de Ciruela Canale 454 Gr","2540.00","2540.00"
21336,"Flan Vainilla con Caramelo Pote Dia 110 Gr","830.00","830.00"
21337,"Pionono Dia 150 Gr","1850.00","1850.00"
21338,"Cereales Honey Graham Quaker 200 Gr","4250.00","4250.00"
21339,"Atun Desmenuzado en Aceite Dia 170 Gr","1260.00","1260.00"
21340,"Arvejas Secas Remojadas Dia 300 Gr","600.00","600.00"
21341,"Harina de Trigo 0000 Dia 1 Kg","960.00","960.00"
21342,"Cafe Soluble Seleccion Suave Arlistan 100 Gr","3475.00","3475.00"
21343,"Duraznos en Trozos Dia 820 Gr","2490.00","2490.00"
21344,"Miel de Abejas Dia 210 Gr","2800.00","2800.00"
21345,"Edulcorante Liquido Dia 250 Ml","1580.00","1580.00"
21346,"Garbanzos Secos Remojados Dia 300 Gr","920.00","920.00"
21347,"Tomate Triturado Doypack Dia 950 Gr","2020.00","2020.00"
21348,"Galletitas Rellenas Chocolate Dia 97 Gr","630.00","630.00"
21349,"Sal Entrefina Dia 500 Gr","845.00","845.00"
21350,"Leche en Polvo Entera Dia 400 Gr","4300.00","4300.00"
21351,"Lentejas Remojas Dia 340 Gr","890.00","890.00"
21352,"Galletas con Chips de Chocolate Dia 90 Gr","800.00","800.00"
21353,"Pasta Dulce Tradicional Dulcisimo Opi 400 Gr","1400.00","1400.00"
21354,"Galletitas Rellenas Black Mini Pitusas 130 Gr","1160.00","1160.00"
21355,"Te de Manzanilla en Saquitos sin TACC Dia 25 Un","860.00","860.00"
21356,"Snack Galletitas Pancitos Sabor Pizza Dia 70 Gr","710.00","710.00"
21357,"Dulce de Leche Dia 1 Kg","4500.00","4500.00"
21358,"Mermelada de Frutos Rojos Dia 454 Gr","2700.00","2700.00"
21359,"Minitostaditas sabor Jamon Iberico Twistos 95 Gr","2255.00","2255.00"
21360,"Tostada de Arroz Dia 150 Gr","1330.00","1330.00"
21361,"Malta Soluble Instantanea Dia 170 Gr","1750.00","1750.00"
21362,"Pan Hamburguesa Brioche Rey Oro 300 Gr","1840.00","1840.00"
21363,"Anchoas Dia 90 Gr","4990.00","4990.00"
21364,"Coco Rallado Dia 25 Gr","600.00","600.00"
21365,"Edulcorante con Stevia en Sobres Dia 100 Un","3100.00","3100.00"
21366,"Galletitas Tapa de Alfajor Dia 400 Gr","2900.00","2900.00"
21367,"Pionono Dia 150 Gr","1850.00","1850.00"
21368,"Azucar Comun Tipo A Azucena 500 Gr","710.00","710.00"
21369,"Dulce de Leche Familiar Granja de Oro 400 Gr","1900.00","1900.00"
21370,"Coco Rallado Dia 25 Gr","600.00","600.00"
21371,"Snack Pizzitos de Jamon y Queso Nikitos 100 Gr","890.00","890.00"
21372,"Caramelos Masticables Sabor Tuti Frutti Lenguetazo 13 Gr","350.00","350.00"
21373,"Bolitas de Cereal Sabor Chocolate Toddy 160 Gr","2315.00","2315.00"
21374,"Marinera Original 240 Gr","1565.00","1565.00"
21375,"Duraznos en Mitades Dia 820 Gr","2490.00","2490.00"
21376,"Tartellete con Mermelada Sabor Frutilla Trio 300 Gr","2035.00","2035.00"
21377,"Leche en Polvo Entera con Vitaminas Purisima 200 Gr","2400.00","2400.00"
21378,"Mermelada Dietetica Ciruela Frasco Cuarto Creciente 400 Gr","4060.00","4060.00"
21379,"Mayonesa Sabor Original Libre de Gluten Menoyo 1 Un","760.00","760.00"
21380,"Leche en Polvo Entera Dia 400 Gr","4300.00","4300.00"
21381,"Mate Cocido en Saquitos Crysf 25 Un","730.00","730.00"
21382,"Pan para Panchos Blanco Mendia 210 Gr","1285.00","1285.00"
21383,"Mermelada Diet de Frutos Del Bosque Frasco Cuarto Creciente 400 Gr","4060.00","4060.00"
21384,"Mermelada de Frutilla Canale 454 Gr","3250.00","3250.00"
21385,"Te Negro en Saquitos Dia 25 Un","730.00","730.00"
21386,"Te Amarillo en Saquitos Ensobrados Cachamai 20 Un","1001.33","1534.00"
21387,"Pastillas Tic Tac Menta Caja 16 Gr","604.00","1065.00"
21388,"Pastillas Tic Tac Naranja Caja 16 Gr","604.00","1065.00"
21389,"Chocolate Blanco Arcor 25 Gr","615.00","1065.00"
21390,"Tableta de Chocolate Shot 35 Gr","1069.00","1860.00"
21391,"Mani con Chocolate M&M 49 Gr","2255.00","2740.00"
21392,"Bizcochos Dulces Gallo Snack 100 Gr","1000.00","2265.00"
21393,"Bizcochos Salado Gallo Snack 100 Gr","1000.00","2265.00"
21394,"Barra de Cereal con Yogurt Frutilla Cereal Mix Light 26 Gr","609.00","970.00"
21395,"Galletitas Merengadas 88 Gr","980.00","1650.00"
21396,"Galletitas Vainilla Rellenas Chocolate Mana 152 Gr","420.00","1670.00"
21397,"Ketchup Natura 250 Gr","1133.00","1229.00"
21398,"Condimento para Preparar Chicmichurri Sobre Alicante 50 Gr","1736.00","1870.00"
21399,"Yerba Mate con Palo 4Flex Taragui 500 Gr","2109.00","4450.00"
21400,"Capsulas Cafe Dolce Gusto Cappuccino Nescafe 200 Gr","15750.00","17559.00"
21401,"Bizcochitos con Salvado 9 de Oro 200 Gr","890.00","995.99"
21402,"Galletitas Crackers sabor Original Club Social 24 Gr","1809.00","1969.00"
21403,"Pastillas Tic Tac Dupla de Frutilla Tic Tac 16 Gr","604.00","1065.00"
21404,"Yerba Bajo Contenido en Polvo Suave Union 500 Gr","2510.00","2829.00"
21405,"Mermelada de Damasco Bc La Campagnola 390 Gr","1830.00","2460.00"
21406,"Fideos Ave Maria Matarazzo 500 Gr","1400.00","1509.00"
21407,"Almidon de Maiz Bolsa Maizena 220 Gr","1369.00","1479.00"
21408,"Endulcorante Clasico Forte Sobres Hileret 100 Un","2966.00","3090.00"
21409,"Galletitas de Arroz Crackeadas Gallo Snacks 100 Gr","1680.00","2265.00"
21410,"Ketchup Natura 250 Gr","1133.00","1229.00"
21411,"Almidon de Maiz Bolsa Maizena 220 Gr","1369.00","1479.00"
21412,"Galletitas Crackers sabor Original Club Social 24 Gr","1809.00","1969.00"
21413,"Bizcochitos con Salvado 9 de Oro 200 Gr","890.00","995.99"
21414,"Yerba Bajo Contenido en Polvo Suave Union 500 Gr","2510.00","2829.00"
21415,"Capsulas Cafe Dolce Gusto Cappuccino Nescafe 200 Gr","15750.00","17559.00"
21416,"Fideos Ave Maria Lucchetti 500 Gr","1152.00","1299.00"
21417,"Aceitunas Verdes Descarozadas en Salmuera Nucete 190 Gr","735.26","869.00"
21418,"Pastillas Tic Tac Dupla de Frutilla Tic Tac 16 Gr","604.00","1065.00"
21419,"Caramelos Gomitas Cerebro Mogul 30 Gr","418.99","740.00"
21420,"Fideos Dedalitos Matarazzo 500 Gr","1344.00","1509.00"
21421,"Fideos Ave Maria Matarazzo 500 Gr","1400.00","1509.00"
21422,"Sal Fina en Estuche Celusal 500 Gr","1229.00","1415.00"
21423,"Polvo para Preparar Gelatina sin Sabor Royal 14 Gr","698.00","769.00"
21424,"Mermelada de Damasco Bc La Campagnola 390 Gr","1830.00","2460.00"
21425,"Bizcocho Tortita Negra Gallo Snack 100 Gr","1809.00","2265.00"
21426,"Yerba Mate con Palo 4Flex Taragui 1 Kg","3790.00","4899.00"
21427,"Condimento para Empanadas Alicante 25 Gr","960.04","1165.00"
21428,"Cafe en Saquitos La Morenita 20 Un","3333.12","3759.00"
21429,"Baño de Reposteria Blanco Aguila 150 Gr","2310.00","2499.00"
21430,"Mate Cocido Filtro Diamantado Union 25 Un","1009.00","1149.00"
21431,"Baño Reposteria Chocolate con Leche Aguila 150 Gr","2310.00","2499.00"
21432,"Mermelada de Damasco Arcor 454 Gr","1900.00","2185.53"
21433,"Sal Fina en Salero Celusal 100 Gr","1440.00","1628.00"
21434,"Caramelos Menta Cristal Arcor 140 Gr","1479.00","1556.99"
21435,"Galletitas Original Rex 125 Gr","1430.00","2250.00"
21436,"Galletitas Original Crackers Criollitas 100 Gr","455.69","620.00"
21437,"Fajitas Clasicas Tia Maruca 120 Gr","490.00","1036.00"
21438,"Mermelada de Naranja Bc La Campagnola 390 Gr","2294.00","2925.00"
21439,"Alfajores Chocolate Negro Bon o Bon 40 Gr","719.00","1040.00"
21440,"Bizcochos Dulces Gallo Snack 50 Gr","959.00","1299.00"
21441,"Granas Verdes La Parmesana 50 Gr","469.00","699.00"
21442,"Alfajor de Arroz Marroc Chocoarroz 22 Gr","575.00","809.00"
21443,"Fideos Ave Maria Terrabusi 500 Gr","975.00","1059.00"
21444,"Chocolates con Almendras Aireado Cofler 100 Gr","3759.00","4493.00"
21445,"Cafe en Capsulas Lungo NesCafe Dolce Gusto 16 Un 112 Gr","15750.00","16899.00"
21446,"Yerba Mate con Palo Suave Nobleza Gaucha 1 Kg","3753.60","4029.00"
21447,"Pastillas Mix de Frutas Tic Tac 16 Gr","605.00","1065.00"
21448,"Sal Fina en Paquete Celusal 500 Gr","1169.00","1200.00"
21449,"Chocolate Amargo Extra Fino Aguila 150 Gr","4139.00","5100.00"
21450,"Chocolate con Almendras Milka 55 Gr","2150.00","3300.00"
21451,"Galletitas Anillos Clasicos Terrabusi 170 Gr","1069.00","1189.00"
21452,"Te Boldo en Saquitos Ensobrado Hierbas Silvestre Taragui 25 Un","1445.00","1560.60"
21453,"Confites de Chocolate M&M 48 Gr","2255.00","2740.00"
21454,"Aderezo para Ensaladas Cheddar Tau 300 Gr","3299.00","3560.32"
21455,"Leche en Polvo Descremada Fortificada La Serenisima 400 Gr","5139.00","5315.00"
21456,"Yerba Mate en Saquitos Taragui 25 Un","919.00","1086.00"
21457,"Galletas Dulces Rellenas Vainilla Mana 165 Gr","420.00","1283.00"
21458,"Barra de Cereales con Chocolate Cereal Mix 23 Gr","700.00","970.00"
21459,"Caramelos Acido Extreme Mogul 35 Gr","479.00","654.00"
21460,"Arvejas Secas Remojadas sin Conservantes Lata Arcor 300 Gr","946.20","985.63"
21461,"Te de Boldoen Saquitos Morenita 20 Un","1175.00","1409.00"
21462,"Caramelos Super Acidos Lipo 150 Gr","1439.00","1535.00"
21463,"Salsa Lista para Pizza Arcor 340 Gr","809.00","945.00"
21464,"Nuez Moscada Molida La Parmesana 25 Gr","1438.80","3699.00"
21465,"Tableta de Chocolate Tres Sueños Cadbury 80 Gr","2939.00","3339.00"
21466,"Polvo para Hornear Royal 100 Gr","1820.00","1905.00"
21467,"Chocolate con Leche Nugaton 27 Gr","589.00","956.00"
21468,"Gomitas Dientes Mogul 150 Gr","2110.00","2710.00"
21469,"Gomitas Ositos Yummy 30 Gr","356.00","678.00"
21470,"Te Tilo Manzanilla en Saquitos La Virginia 25 Un","1702.00","1829.00"
21471,"Turron Namur 25 Gr","220.00","260.00"
21472,"Alfajores Triple Bon o Bon 60 Gr","1175.00","1495.00"
21473,"Chicles Infinit Menta Beldent 14 Un 26 Gr","1880.00","2319.00"
21474,"Edulcorante con Sacaruba Sobres 1A10 Hileret 500 Un","12365.00","13109.00"
21475,"Bizcochitos Light 9 de Oro 170 Gr","756.00","986.00"
21476,"Mate Cocido en Saquitos Union 50 Un","1929.00","2169.00"
21477,"Harina Leudante Caserita 1 Kg","1129.00","1225.00"
21478,"Baño de Reposteria Semiamargo Aguila 150 Gr","2308.99","2499.00"
21479,"Coco Rallado Sobre Alicante 50 Gr","1056.00","1185.00"
21480,"Chicles Seven Mandarina 14 Gr","685.00","1030.00"
21481,"Galletitas Crackers Smams 150 Gr","2100.00","2199.00"
21482,"Oblea Rellena Graffiti Cofler 45 Gr","900.00","1450.00"
21483,"Premezcla para Preparar Bizcochuelo 1 Minuto Exquisita 60 Gr","865.00","995.00"
21484,"Harina de Trigo 000 Caserita 1 Kg","767.00","800.00"
21485,"Mayonesa con Aceite de Oliva Mayoliva 227 Gr","1680.00","1826.00"
21486,"Chicles Infinit Spearmint Beldent 7 Un","609.00","870.00"
21487,"Gomitas Surtidas Frutales Billiken 30 Gr","350.00","678.00"
21488,"Chupetin Frutal Push Pop 14 Gr","635.00","1070.00"
21489,"Galletas Dulces Rellenas Vainilla Mana 165 Gr","420.00","1283.00"
21490,"Barra de Cereales Cereal Mix 23 Gr","619.00","970.00"
21491,"Malvavisco Trenza Vainilla Gongys 28 Gr","339.00","640.00"
21492,"Salsa Lista Pomarola Arcor 340 Gr","809.00","945.00"
21493,"Mix Europa 300 Gr","4899.00","4990.00"
21494,"Condimento para Pizza Alicante 25 Un 25 Gr","792.00","849.00"
21495,"Te en Saquitos Durazno y Mango Ensobrados Green Hills 20 Un","1671.60","2045.00"
21496,"Chocolate Rhodesia 22 Gr","759.00","825.00"
21497,"Fideos Municiones Lucchetti 500 Gr","1195.00","1299.00"
21498,"Galletitas Chocolate con Relleno Vainilla Formis 102 Gr","829.00","889.00"
21499,"Fideos Coditos Rayados Matarazzo 500 Gr","1344.00","1509.00"
21500,"Yerba Mate Hojas mas Grandes Cruz de Malta 500 Gr","1955.00","2699.00"
21501,"Galletitas Biscuits Soriano 125 Gr","1289.00","1799.00"
21502,"Galletitas Rellenas Frutilla Mana 152 Gr","1050.00","1400.00"
21503,"Cafe en Capsulas Cortado La Virginia 10 Un","7525.00","7750.00"
21504,"Chocolate Taza 60 % Cacao Bonafide 100 Gr","1920.00","2939.00"
21505,"Alimento a Base de Miel La Clotilde 190 Gr","919.00","1145.00"
21506,"Chocolate Aireado Relleno con Bon O Cofler 30 Gr","1239.00","1599.00"
21507,"Galletitas Rellenas Frutilla Mana 152 Gr","1050.00","1400.00"
21508,"Arroz Parboil Dos Hermanos 1 Kg","2479.00","2592.86"
21509,"Garbanzos Secos Remojados Lata La Campagnola 300 Gr","1084.00","1185.00"
21510,"Cafe Instantaneo Descafeinado NesCafe 100 Gr","10045.00","11028.75"
21511,"Yerba Mate Hojas mas Grandes Cruz de Malta 500 Gr","1955.00","2699.00"
21512,"Galletitas Biscuits Soriano 125 Gr","1289.00","1799.00"
21513,"Salsa Lista Pomarola Arcor 340 Gr","809.00","945.00"
21514,"Pimienta Negra Molida La Parmesana 25 Gr","1225.00","1700.00"
21515,"Chocolate Rhodesia 22 Gr","759.00","825.00"
21516,"Harina de Trigo 0000 Chacabuco 1 Kg","959.00","1049.00"
21517,"Yerba Suave Union 1 Kg","3339.00","4935.00"
21518,"Chocolate Aireado Relleno con Bon O Cofler 30 Gr","1239.00","1599.00"
21519,"Galletitas Sabor Vainilla Mana 3 Un 131 Gr","1879.00","2049.00"
21520,"Chocolate Taza 60 % Cacao Bonafide 100 Gr","1920.00","2939.00"
21521,"Galletas Dulces Rellenas Vainilla Mana 165 Gr","420.00","1283.00"
21522,"Galletitas Calabresa Saladix 100 Gr","1186.49","1830.00"
21523,"Semillas de Chia Doypack Genser 150 Gr","2689.00","3025.00"
21524,"Leche en Polvo Entera Bolsa La Serenisima 200 Gr","2549.00","2569.00"
21525,"Pastillas Rueditas Billiken 30 Gr","339.00","620.00"
21526,"Gelatina en Polvo Sabor Durazno Royal 25 Gr","1075.00","1109.00"
21527,"Salsa de Soja Tradicional en Frasco La Parmesana 300 Gr","1725.00","1929.00"
21528,"Huevo Chocolate Milk con Sorpresa Arcor 22 Gr","1550.00","1700.00"
21529,"Barra de Cereal Frutal Flow 23 Gr","499.00","669.00"
21530,"Chocolate con Leche Milka 20 Gr","669.00","779.00"
21531,"Fideos Mostachol 5 Cereales Matarazzo 500 Gr","2759.00","2915.00"
21532,"Chicles Infinit Menta Beldent 7 Un","609.00","865.00"
21533,"Dulce de Leche Repostero San Ignacio 410 Gr","2560.00","2639.00"
21534,"Edulcorante Equalsweet Sucralosa 100 Un","4073.00","5639.00"
21535,"Conos sabor Queso Bolsa 3D 85 Gr","2319.00","2390.00"
21536,"Salsa para Pizza La Campagnola 340 Gr","1039.00","1091.00"
21537,"Alfajor Limon Chocoarroz 6 Un 22 Gr","3799.00","4669.00"
21538,"Galleta de Arroz Slim sin Sal Dos Hermanos 100 Gr","919.00","1010.00"
21539,"Mix Multisemillas Doypack Genser 120 Gr","2399.00","2900.00"
21540,"Gelatina en Polvo Sabor Frutilla Royal 25 Gr","1029.00","1079.00"
21541,"Yerba Mate con Palo Boldo y Menta Cruz De Malta 500 Gr","2040.00","2209.00"
21542,"Alfajor Arroz Limon Chocoarroz 22 Gr","575.00","739.00"
21543,"Salsa Cheddar La Parmesana 300 Gr","2789.00","3925.00"
21544,"Cafe en Capsulas Cortado Expreso Macchiato NesCafe Dolce Gusto 159 Gr","15750.00","16899.00"
21545,"Galletitas Vainilla Rellenas de Frutilla Formis 72 Gr","579.00","605.99"
21546,"Lomo de Atun Natural Gomes da Costa 170 Gr","2885.00","3330.00"
21547,"Jardinera Hortalizas y Legumbres Lata Inalpa 300 Gr","750.00","810.00"
21548,"Endulzante Liquido con Sucralosa Chuker 200 Ml","2814.00","2899.00"
21549,"Chocolate Blanco Familiar Aguila 100 Gr","2990.00","3299.00"
21550,"Tableta Chocolate Taza Bonafide Tableta 100 Gr","1735.00","2649.00"
21551,"Sal Entrefina en Salero Dos Anclas 500 Gr","2505.00","2614.00"
21552,"Mayonesa Liviana Doypack Cada Dia 237 Gr","566.00","636.00"
21553,"Salsa Cesar en Frasco La Parmesana 300 Gr","3015.00","4126.00"
21554,"Galletitas Chocolate Rellenas Vainilla Formis 102 Gr","829.00","889.00"
21555,"Fideos Mostacholes 3 Vegetales Matarazzo 500 Gr","1680.00","1730.00"
21556,"Lomo de Atun Natural Gomes da Costa 170 Gr","2885.00","3330.00"
21557,"Salsa para Pizza La Campagnola 340 Gr","1039.00","1091.00"
21558,"Galletitas Vainilla Rellenas de Frutilla Formis 72 Gr","579.00","605.99"
21559,"Endulzante Liquido con Sucralosa Chuker 200 Ml","2814.00","2899.00"
21560,"Jardinera Hortalizas y Legumbres Lata Inalpa 300 Gr","750.00","810.00"
21561,"Alfajor Arroz Limon Chocoarroz 22 Gr","575.00","739.00"
21562,"Gelatina en Polvo Sabor Frutilla Royal 25 Gr","1029.00","1079.00"
21563,"Alimento en Polvo a Base de Cacao Nescao 300 Gr","2422.41","2525.00"
21564,"Cafe en Capsulas Cortado Expreso Macchiato NesCafe Dolce Gusto 159 Gr","15750.00","16899.00"
21565,"Sal Gruesa en Paquete Celusal 500 Gr","979.00","1123.00"
21566,"Galletitas Chocolate Rellenas Vainilla Formis 102 Gr","829.00","889.00"
21567,"Jardinera de Verduras La Campagnola 300 Gr","1285.00","1319.00"
21568,"Tableta Chocolate Taza Bonafide Tableta 100 Gr","1735.00","2649.00"
21569,"Mayonesa Liviana Doypack Cada Dia 237 Gr","566.00","636.00"
21570,"Fideos Mostacholes 3 Vegetales Matarazzo 500 Gr","1680.00","1730.00"
21571,"Salsa Cesar en Frasco La Parmesana 300 Gr","3015.00","4126.00"
21572,"Galletitas Vainilla Cubierta Chocolate Donuts 78 Gr","1580.00","2820.00"
21573,"Harina de Trigo 0000 Caserita 1 Kg","1007.00","1129.00"
21574,"Galletitas Surtidas Variedad Doradas Terrabusi 300 Gr","2065.00","2219.00"
21575,"Tomate Cubeteado La Campagnola 400 Gr","1399.00","1533.80"
21576,"Semillas de Chia Doypack Genser 150 Gr","2689.00","3025.00"
21577,"Dulce de Leche Repostero San Ignacio 410 Gr","2560.00","2639.00"
21578,"Mayonesa Light con Jugo de Limon Bc La Campagnola 250 Gr","859.00","929.00"
21579,"Pan para Hamburguesas con Sesamo Bimbo 4 Un","2365.00","2439.00"
21580,"Galletitas Chocolate con Relleno de Limon Melba Pack 3 Un 360 Gr","2679.00","2869.00"
21581,"Condimento para Carne La Parmesana 25 Gr","614.00","639.00"
21582,"Aceitunas Verdes Descarozadas Doypack Nucete 220 Gr","1050.00","1225.00"
21583,"Tostadas Clasica Tosti 200 Gr","1350.00","1410.00"
21584,"Gelatina en Polvo Light Sabor Cereza Royal 25 Gr","950.00","1083.60"
21585,"Salsa Caesar Light sin TACC Dos Anclas 360 Gr","1287.36","3409.00"
21586,"Alfajor Minitorta Clasica Aguila 69 Gr","1109.00","1166.99"
21587,"Merenguitos 100 Gr","1729.99","1779.00"
21588,"Atun al Natural Libre de Gluten sin TACC La Campagnola 170 Gr","3669.00","3985.00"
21589,"Barra de Almendra con Chocolate Flow Cereal Georgalos 30 Gr","589.00","679.00"
21590,"Fideos Fetuccini Don Vicente 500 Gr","2395.00","2469.00"
21591,"Mermelada de Durazno La Campagnola 454 Gr","2300.00","2379.00"
21592,"Galletitas Harina Integral con Avena y Pasas Cachafaz 225 Gr","1967.00","2669.00"
21593,"Harina de Trigo 000 Morixe 1 Kg","729.00","790.00"
21594,"Yerba Mate con Palo Suave Nobleza Gaucha 500 Gr","2040.00","2099.00"
21595,"Gelatina en Polvo Sabor Frambuesa Royal 25 Gr","1050.00","1083.60"
21596,"Mermelada de Ciruela La Campagnola 454 Gr","2300.00","2379.00"
21597,"Chocolate Snickers","2255.00","2549.00"
21598,"Cacao en Polvo Chocolino Bolsa 360 Gr","3109.00","3895.00"
21599,"Yerba Liviana La Tranquera 1 Kg","3100.00","3439.00"
21600,"Galletitas Donas Bañadas en Chocolate Blanco Donuts 78 Gr","1580.00","2820.00"
21601,"Mermelada de Damasco Dulcor 454 Gr","2050.00","2305.00"
21602,"Yerba Silueta Naranja Dr Cormillot Cbse 500 Gr","1589.00","1639.00"
21603,"Saborizante y Bolsa para Horno Tipo Criollo Knorr 21 Gr","2010.00","2099.00"
21604,"Merenguitos 100 Gr","1729.99","1779.00"
21605,"Harina de Trigo 000 Morixe 1 Kg","729.00","790.00"
21606,"Sal Fina Cocina Salero Dos Anclas 500 Gr","2399.00","2499.00"
21607,"Gelatina en Polvo Light Sabor Cereza Royal 25 Gr","950.00","1083.60"
21608,"Laurel en Hojas Alicante 10 Gr","1295.00","1335.00"
21609,"Barra de Almendra con Chocolate Flow Cereal Georgalos 30 Gr","589.00","679.00"
21610,"Galletitas Harina Integral con Avena y Pasas Cachafaz 225 Gr","1967.00","2669.00"
21611,"Gelatina en Polvo Sabor Frambuesa Royal 25 Gr","1050.00","1083.60"
21612,"Alfajor Minitorta Clasica Aguila 69 Gr","1109.00","1166.99"
21613,"Pan para Hamburguesas con Sesamo Bimbo 4 Un","2365.00","2439.00"
21614,"Atun al Natural Libre de Gluten sin TACC La Campagnola 170 Gr","3669.00","3985.00"
21615,"Mermelada de Durazno La Campagnola 454 Gr","2300.00","2379.00"
21616,"Mermelada de Ciruela La Campagnola 454 Gr","2300.00","2379.00"
21617,"Canela Molida Alicante 25 Gr","1379.00","1420.00"
21618,"Yerba Mate con Palo Suave Nobleza Gaucha 500 Gr","2040.00","2099.00"
21619,"Te Boldo en Saquitos Ensobrados Cachamai 20 Un","1330.32","1534.00"
21620,"Mermelada de Damasco Dulcor 454 Gr","2050.00","2305.00"
21621,"Yerba Silueta Naranja Dr Cormillot Cbse 500 Gr","1589.00","1639.00"
21622,"Galletitas Sabor Chocolatada Mana 136 Gr","819.00","929.00"
21623,"Cereal Tradicional sin Azucar Nesfit Nestle 220 Gr","3599.00","4016.00"
21624,"Tostada de Arroz sin Sal Dos Hermanos 126 Gr","980.00","1010.00"
21625,"Yerba Liviana La Tranquera 1 Kg","3100.00","3439.00"
21626,"Mermelada Frutilla Light Arcor 390 Gr","2579.00","2965.48"
21627,"Salsa Fileto Arcor 340 Gr","906.79","945.00"
21628,"Caramelo Strong Menthoplus 1 Un","623.00","745.00"
21629,"Galletitas Donas Bañadas en Chocolate Blanco Donuts 78 Gr","1580.00","2820.00"
21630,"Caramelo Menta Menthoplus 1 Un","669.99","745.00"
21631,"Porotos Colorados Secos Remojados Inalpa 300 Gr","800.00","1099.00"
21632,"Cafe Molido Torrado Intenso Bonafide Sensaciones 125 Gr","2039.00","3380.00"
21633,"Garbanzos Secos Remojados en Lata Inalpa 300 Gr","795.00","899.00"
21634,"Galletas Mousse de Chocolate Milka 116 Gr","1200.00","2400.00"
21635,"Te Verde en Saquitos Cachamai 20 Un","795.00","1534.00"
21636,"Cafe en Saquitos Cabrales 18 Un","3550.00","3759.00"
21637,"Huevo de Chocolate Kinder Sorpresa Caja 40 Gr","3400.00","3605.00"
21638,"Gomitas Frutales Mogul 220 Gr","2100.00","2269.00"
21639,"Gomitas Ositos Arcor Mogul 30 Gr","418.99","740.00"
21640,"Polvo para Flan Vainilla Royal 60 Gr","929.00","959.00"
21641,"Caramelos Leche Surtidos Butter Toffees 140 Gr","1809.00","1985.99"
21642,"Cafe Torrado Equilibrado La Virginia 6 Un 1 Kg","14609.00","15899.00"
21643,"Mate Cocido Saquito Diamantado Taragui 100 Un","3340.00","4064.04"
21644,"Cafe en Capsulas Cappuccino Caja Cabrales 12 Un","9738.24","19000.00"
21645,"Yerba Mate Rosa Cachamate 500 Gr","1590.00","1775.00"
21646,"Fideos Integrales Tirabuzon Matarazzo 500 Gr","1675.00","1730.00"
21647,"Chocolate con Leche Relleno Chocolate Blanco Aireado Cofler 100 Gr","3100.00","3349.00"
21648,"Tableta de Chocolate Burbujas Milka 100 Gr","3469.00","4379.00"
21649,"Cafe Molido Tostado Super Cabrales 250 Gr","8470.00","9085.00"
21650,"Sal Fina en Estuche Dos Anclas 500 Gr","1171.00","1219.00"
21651,"Fideos Municiones Matarazzo 500 Gr","1400.00","1509.00"
21652,"Galletitas Obleas Rellena Opera 55 Gr","545.00","571.99"
21653,"Dulce Leche Colonial La Serenisima 250 Gr","2049.00","2119.00"
21654,"Sal Fina en Estuche Dos Anclas 500 Gr","1171.00","1219.00"
21655,"Caramelos Miel y Menthol Halls 28 Gr","719.00","753.99"
21656,"Cafe Instantaneo Clasico Frasco La Virginia 170 Gr","5850.00","6269.00"
21657,"Arvejas Secas Remojadas La Campagnola 300 Gr","998.00","1071.00"
21658,"Gomitas Frutales Arcor Mogul 35 Gr","331.99","654.00"
21659,"Huevo de Chocolate Kinder Sorpresa Caja 40 Gr","3400.00","3605.00"
21660,"Chicle Fresh Sparkd Beldent 1 Un","609.00","705.00"
21661,"Porotos Colorados Secos Remojados Inalpa 300 Gr","800.00","1099.00"
21662,"Fideos Integrales Tirabuzon Matarazzo 500 Gr","1675.00","1730.00"
21663,"Galletitas Anillos Surtidos Terrabusi 300 Gr","1755.00","2313.00"
21664,"Fideos Municiones Matarazzo 500 Gr","1400.00","1509.00"
22066,"Chocolate Milka 150 Gr","5385.00","5549.00"
21665,"Gomitas Ositos Arcor Mogul 30 Gr","418.99","740.00"
21666,"Gomitas Frutales Mogul 220 Gr","2100.00","2269.00"
21667,"Sal Entrefina Parrillera en Estuche Dos Anclas 500 Gr","970.00","1015.00"
21668,"Cafe Torrado Equilibrado La Virginia 6 Un 1 Kg","14609.00","15899.00"
21669,"Yerba Mate Rosa Cachamate 500 Gr","1590.00","1775.00"
21670,"Yerba Mate en Saquitos Union 100 Un","3719.00","4349.00"
21671,"Mermelada Naranja Light Arcor 390 Gr","2069.00","2159.00"
21672,"Pure de Tomate Carrefour Tetrabrik 520 Gr","769.00","769.00"
21673,"Barra de Cereal Rellena con Frutilla Cereal Mix 26 Gr","623.00","970.00"
21674,"Edulcorante en Polvo Clasico en sobres Carrefour 50 Un","1590.00","1590.00"
21675,"Galletitas Vainilla con Chips de Chocolate Carrefour 300 Gr","2150.00","2150.00"
21676,"Cafe Molido Tostado Happy Day Cabrales 250 Gr","13939.20","16309.00"
21677,"Galletitas Vainilla Rellenas Limon Mana 152 Gr","1050.00","1283.00"
21678,"Mix Energetico 50 Gr","1490.00","1490.00"
21679,"Sopa Instantanea Choclo Carrefour Classic 5 Un","1790.00","1790.00"
21680,"Sal Entrefina en Estuche Celusal 1 Kg","1983.00","2066.00"
21681,"Cafe Instantaneo Intenso Frasco Morenita 100 Gr","3600.00","3709.00"
21682,"Gelatina en Polvo Light Sabor Frutilla Royal 25 Gr","1000.00","1083.60"
21683,"Esencia de Vainilla Alicante 100 Ml","1447.00","1509.00"
21684,"Chocolate Burbujas Combinado Milka Leger 100 Gr","3649.00","4379.00"
21685,"Chicles Fruta Top Line 6.7 Gr","339.00","429.00"
21686,"Yerba Mate Siluet Plus Cachamate 500 Gr","1475.00","2089.55"
21687,"Mayonesa Picante Tau 300 Gr","2770.76","3099.00"
21688,"Caramelos Sabor Cherry Halls 28 Gr","709.00","825.00"
21689,"Caramelos Cherry Menthoplus 30.6 Gr","699.00","745.00"
21690,"Galletitas Cracker Sandwich Light Carrefour Pack 3 Un 330 Gr","1590.00","1590.00"
21691,"Galletitas Obleas con Relleno de Limon Carrefour 100 Gr","709.00","709.00"
21692,"Yerba Mate con Palo sin TACC Carrefour 1 Kg","3690.00","3690.00"
21693,"Galletitas con Relleno de Chocolate Carrefour 97 Gr","699.00","699.00"
21694,"Caramelos Acidos Naranja Menthoplus 27.2 Gr","600.00","809.00"
21695,"Tableta de Chocolate Blanco con Oreo Milka 155 Gr","5385.00","5549.00"
21696,"Chupetines Tradicional Ring Pop 10 Gr","349.00","646.00"
21697,"Te en Saquitos Ensobrados Frutas Rojas Placeres Taragui 20 Un","1510.00","1630.80"
21698,"Alfajor de Arroz Dulce Leche Choco Crunch 21 Gr","484.80","685.00"
21699,"Oregano Dos Anclas 25 Gr","825.36","860.00"
21700,"Condimento para Carnes Sobre Alicante 25 Gr","1178.00","1179.00"
21701,"Alfajor Chocolate Negro Carrefour 50 Gr","599.00","599.00"
21702,"Tostadas Dulces Gruesas Carrefour 200 Gr","1250.00","1250.00"
21703,"Oregano La Campagnola 23 Gr","825.00","859.00"
21704,"Fideos Tallarines N7 Terrabusi 500 Gr","975.00","1005.00"
21705,"Galletas Pepas Tia Maruca 250 Gr","490.00","1529.00"
21706,"Semillas de Quinoa Doypack Genser 150 Gr","4499.00","4499.00"
21707,"Cebolla en Escamas Dos Anclas 50 Gr","2275.00","2845.00"
21708,"Snack Super Cono Queso Krachitos 110 Gr","3075.00","3075.00"
21709,"Caramelos Miel Rellenos Honey Arcor 140 Gr","1449.00","1591.99"
21710,"Galletitas Dulces Boca de Dama Terrabusi 170 Gr","789.00","849.00"
21711,"Cafe en Saquitos La Virginia 20 Un","5919.00","6389.00"
21712,"Gomitas Moras Mogul 150 Gr","2111.00","2525.00"
21713,"Grisines con Salvado Carrefour 200 Gr","1950.00","1950.00"
21714,"Edulcorante en Polvo Clasico en sobres Carrefour 100 Un","2290.00","2290.00"
21715,"Galletitas Sabor Chocolate sin TACC Santa Maria 200 Gr","1919.00","1999.00"
21716,"Mani Salado Sabor Aji y Limon Maniax 110 Gr","1900.00","2109.00"
21717,"Mini Alfajores Negro Carrefour Classic 6 Un","2650.00","2650.00"
21718,"Chicles Sabor Menta en Tableta 6.7 Gr","339.00","429.00"
21719,"Lentejas La Campagnola 195 Gr","1189.00","1289.00"
21720,"Galletitas Bañadas de Chocolate Tita Terrabusi 5 Un","2635.00","3245.00"
21721,"Edulcorante en Pastillas con Sacatina Sucaryl 300 Un","4887.48","7340.00"
21722,"Pure de Tomate Carrefour Tetrabrik 520 Gr","769.00","769.00"
21723,"Yerba Mate Suave Romance 500 Gr","2059.00","2543.00"
21724,"Galletitas Vainilla Rellenas Limon Mana 152 Gr","1050.00","1283.00"
21725,"Palmitos Trozados Carrefour 400 Gr","3090.00","3090.00"
21726,"Caramelos de Leche Butter Toffees Arcor 140 Gr","1560.00","1896.99"
21727,"Chicle Seven Strong 14.7 Gr","815.00","1030.00"
21728,"Edulcorante en Polvo Clasico en sobres Carrefour 50 Un","1590.00","1590.00"
21729,"Mermelada Naranja Light Arcor 390 Gr","2069.00","2159.00"
21730,"Atun en Lomitos en Aceite Carrefour Pack 3 80 Gr","4690.00","4690.00"
21731,"Chocolate Burbujas Combinado Milka Leger 100 Gr","3649.00","4379.00"
21732,"Caramelos Sabor Cherry Halls 28 Gr","709.00","825.00"
21733,"Yerba Mate en Saquitos Union 100 Un","3719.00","4349.00"
21734,"Bombon Chocolate Crash Oblibon 17 Gr","141.00","141.00"
21735,"Cafe en Capsulas Intenso Espresso La Virginia 10 Un","5299.00","7227.00"
21736,"Chicle Globo Beldent 10 Gr","609.00","705.00"
21737,"Barrita de Arroz Bañada Sabor Limon Lulemuu 12 Gr","424.00","424.00"
21738,"Galletitas Cracker Sandwich Light Carrefour Pack 3 Un 330 Gr","1590.00","1590.00"
21739,"Mayonesa Picante Tau 300 Gr","2770.76","3099.00"
21740,"Mix Energetico 50 Gr","1490.00","1490.00"
21741,"Gelatina en Polvo Light Sabor Frutilla Royal 25 Gr","1000.00","1083.60"
21742,"Tableta de Chocolate Relleno Dulce de Leche Carrefour 30 Gr","939.00","939.00"
21743,"Barra de Cereal Rellena con Frutilla Cereal Mix 26 Gr","623.00","970.00"
21744,"Te en Saquitos Ensobrados Frutas Rojas Placeres Taragui 20 Un","1510.00","1630.80"
21745,"Mani con Chocolate Conosur 150 Gr","1790.00","3109.00"
21746,"Te en Saquitos Earl Grey Virgin Islands 25 Un","2869.00","3059.00"
21747,"Yerba Mate en Saquitos Union 100 Un","3719.00","4349.00"
21748,"Galletitas Obleas con Relleno de Chocolate Carrefour 100 Gr","709.00","709.00"
21749,"Pionono Salado Classic 150 Gr","1590.00","1590.00"
21750,"Chocolate con Dulce de Leche Mecano 19 Gr","691.00","1160.00"
21751,"Galletitas de Arroz sabor Queso Snacks Gallo 100 Gr","1920.00","1979.00"
21752,"Alfajor Dulce de Leche Chocoarroz 6 Un 22 Gr","3709.00","4679.00"
21753,"Galletitas Vainilla Rellenas Limon Mana 152 Gr","1050.00","1283.00"
21754,"Oregano La Campagnola 23 Gr","825.00","859.00"
21755,"Talitas Cintitas con Semillas Carrefour 125 Gr","1190.00","1190.00"
21756,"Galletitas Original Criollitas Pack 3 300 Gr","1069.00","1089.00"
21757,"Dulce de Leche Repostero Carrefour Classic 400 Gr","2050.00","2050.00"
21758,"Mayonesa Picante Tau 300 Gr","2770.76","3099.00"
21759,"Cafe en Capsulas Intenso Espresso La Virginia 10 Un","5299.00","7227.00"
21760,"Sal Fina en Paquete Trilaminado Dos Anclas 500 Gr","1036.00","1079.00"
21761,"Gelatina en Polvo Light Sabor Frutilla Royal 25 Gr","1000.00","1083.60"
21762,"Filtro para Cafe N° 2 Carrefour 30 Un","3690.00","3690.00"
21763,"Salsa Caesar Carrefour 320 Gr","3490.00","3490.00"
21764,"Te en Saquitos Ensobrados Internacional Taragui 25 Un","2037.31","2384.00"
21765,"Mix Especias Italiano Alicante 12 Un 20 Gr","1139.00","1279.00"
21766,"Galletitas Cracker Sandwich Light Carrefour Pack 3 Un 330 Gr","1590.00","1590.00"
21767,"Fideos Guisero Codo Carrefour Classic 500 Gr","1190.00","1190.00"
21768,"Aceitunas Verdes en Rodajas Doypack Castell 180 Gr","1139.00","1375.00"
21769,"Grisines con Salvado Carrefour 200 Gr","1950.00","1950.00"
21770,"Aceitunas Negras Doypack Nucete 220 Gr","1149.00","1300.00"
21771,"Oregano Dos Anclas 25 Gr","825.36","860.00"
21772,"Caramelos Miel Rellenos Honey Arcor 140 Gr","1449.00","1591.99"
21773,"Yerba Mate Sin Palo 4Flex Taragui 1 Kg","5469.00","6489.00"
21774,"Caramelos Sabor Cherry Halls 28 Gr","709.00","825.00"
21775,"Cafe Molido Tostado Brasil Cabrales 250 Gr","13939.20","16299.00"
21776,"Sal Fina Dos Estrellas 500 Gr","749.00","749.00"
21777,"Mani Salado Sabor Aji y Limon Maniax 110 Gr","1900.00","2109.00"
21778,"Lentejas La Campagnola 195 Gr","1189.00","1289.00"
21779,"Chicles Sabor Menta en Tableta 6.7 Gr","339.00","429.00"
21780,"Condimento para Preparar Chimichurri La Campagnola 25 Gr","709.00","799.00"
21781,"Galletas Avena y Pasas Carrefour Classic 300 Gr","1790.00","1790.00"
21782,"Papas Fritas Originales Pringles 104 Gr","4550.00","4995.00"
21783,"Palitos de Maiz Queso Carrefour Classic 145 Gr","1490.00","1490.00"
21784,"Premezcla Pizza Blancaflor 1 Kg","1535.00","1729.00"
21785,"Edulcorante en Polvo Clasico en sobres Carrefour 50 Un","1590.00","1590.00"
21786,"Polvo para Preparar Flan Vainilla Godet 25 Gr","575.00","604.00"
21787,"Mermelada Naranja Light Arcor 390 Gr","2069.00","2159.00"
21788,"Galletas Marineras Light Don Pancho 220 Gr","1169.00","1329.00"
21789,"Harina 000 Tassara 1 Kg","769.00","779.00"
21790,"Pure de Tomate Tetrabrik Salsati La Campagnola 520 Gr","889.00","971.40"
21791,"Barra de Cereal Rellena con Frutilla Cereal Mix 26 Gr","623.00","970.00"
21792,"Pure de Tomate Carrefour Tetrabrik 520 Gr","769.00","769.00"
21793,"Chocolate Burbujas Combinado Milka Leger 100 Gr","3649.00","4379.00"
21794,"Mate Cocido en Saquitos Cachamate 25 Un","1653.70","1709.00"
21795,"Oregano Dos Anclas 25 Gr","825.36","860.00"
21796,"Perejil Deshidratado Dos Anclas 25 Gr","799.08","833.00"
21797,"Oregano La Campagnola 23 Gr","825.00","859.00"
21798,"Galletitas Original Criollitas Pack 3 300 Gr","1069.00","1089.00"
21799,"Mermelada de Ciruela Dulcor 454 Gr","1535.00","2305.00"
21800,"Chocolate con Dulce de Leche Mecano 19 Gr","691.00","1160.00"
21801,"Chupetines Frutales Mr Pops 125 Gr","1500.00","1628.99"
21802,"Galletas Avena y Pasas Carrefour Classic 300 Gr","1790.00","1790.00"
21803,"Sal Fina Dos Estrellas 500 Gr","749.00","749.00"
21804,"Salsa de Caramelo Dos Anclas 330 Gr","2450.00","2670.00"
21805,"Tostadas de Arroz Aireadas Carrefour 110 Gr","1090.00","1090.00"
21806,"Pionono Salado Classic 150 Gr","1590.00","1590.00"
21807,"Sazonador Romero y Tomillo Knorr 21 Gr","1979.00","2099.00"
21808,"Atun en Lomitos al Natural Carrefour 170 Gr","2390.00","2390.00"
21809,"Mani Salado Sabor Aji y Limon Maniax 110 Gr","1900.00","2109.00"
21810,"Premezcla Pizza Blancaflor 1 Kg","1535.00","1729.00"
21811,"Mani Japones 150 Gr","1500.00","1590.00"
21812,"Chocolate Burbujas Combinado Milka Leger 100 Gr","3649.00","4379.00"
21813,"Te en Saquitos Ensobrados Internacional Taragui 25 Un","2037.31","2384.00"
21814,"Filtro para Cafe N° 2 Carrefour 30 Un","3690.00","3690.00"
21815,"Te en Saquitos Earl Grey Virgin Islands 25 Un","2869.00","3059.00"
21816,"Mermelada Naranja Light Arcor 390 Gr","2069.00","2159.00"
21817,"Grisines con Salvado Carrefour 200 Gr","1950.00","1950.00"
21818,"Caramelos Miel Rellenos Honey Arcor 140 Gr","1449.00","1591.99"
21819,"Bizcochos Azucarados de Hojaldre Carrefour 180 Gr","1190.00","1190.00"
21820,"Mate Cocido en Saquitos Cachamate 25 Un","1653.70","1709.00"
21821,"Harina 000 Tassara 1 Kg","769.00","779.00"
21822,"Pure de Tomate Tetrabrik Salsati La Campagnola 520 Gr","889.00","971.40"
21823,"Yerba Mate Selection sin TACC Caja Carrefour 500 Gr","2490.00","2490.00"
21824,"Polvo para Preparar Flan Vainilla Godet 25 Gr","575.00","604.00"
21825,"Condimento para Milanesas Sobre Alicante 25 Gr","985.00","1029.00"
21826,"Edulcorante en Polvo Clasico en sobres Carrefour 50 Un","1590.00","1590.00"
21827,"Yerba Mate Burrito Arroyo Verde 500 Gr","1375.00","1700.00"
21828,"Mermelada de Frutilla Seleccion La Campagnola 390 Gr","4126.91","4745.94"
21829,"Te en Saquitos Ensobrados Frutas Rojas Placeres Taragui 20 Un","1510.00","1630.80"
21830,"Garbanzos 500 Gr","2450.00","2450.00"
21831,"Lentejas La Campagnola 195 Gr","1189.00","1289.00"
21832,"Tostadas Clasicas Carrefour 140 Gr","979.00","979.00"
21833,"Tostadas de Arroz Clasicas Carrefour 150 Gr","1350.00","1350.00"
21834,"Pure de Tomate Carrefour Tetrabrik 520 Gr","769.00","769.00"
21835,"Saborizador Hierbas y Especias con Bolsa para Horno Sobre Knorr 21 Gr","2009.00","2099.00"
21836,"Tableta de Chocolate Maxi Kinder 21 Gr","949.00","979.00"
21837,"Tableta de Chocolate Milk Arcor 12 Gr","360.00","434.00"
21838,"Chicles Sabor Menta en Tableta 6.7 Gr","339.00","429.00"
21839,"Semillas de Girasol Pipas 18 Gr","290.00","340.00"
21840,"Sopa Instantanea Choclo Carrefour Classic 5 Un","1790.00","1790.00"
21841,"Sal Fina Light Salero Dos Anclas 250 Gr","4244.00","4769.00"
21842,"Polvo para Preparar Bizcochuelo Chocolate Aguila 530 Gr","3168.00","3300.00"
21843,"Premezcla Pizza Blancaflor 1 Kg","1535.00","1729.00"
21844,"Chocolate Burbujas Combinado Milka Leger 100 Gr","3649.00","4379.00"
21845,"Saborizador Hierbas y Especias con Bolsa para Horno Sobre Knorr 21 Gr","2009.00","2099.00"
21846,"Mate Cocido en Saquitos Cachamate 25 Un","1653.70","1709.00"
21847,"Tableta de Chocolate Milk Arcor 12 Gr","360.00","434.00"
21848,"Harina 000 Tassara 1 Kg","769.00","779.00"
21849,"Caramelos Sabor Cherry Halls 28 Gr","709.00","825.00"
21850,"Yerba Mate La Cumbrecita 1 Kg","2750.00","4001.00"
21851,"Pionono Salado Classic 150 Gr","1590.00","1590.00"
21852,"Sal Fina Light Salero Dos Anclas 250 Gr","4244.00","4769.00"
21853,"Chocolate con Dulce de Leche Mecano 19 Gr","691.00","1160.00"
21854,"Alfajor de Arroz Dulce de Leche Chocoarroz 22 Gr","575.00","805.00"
21855,"Edulcorante en Polvo Clasico en sobres Carrefour 50 Un","1590.00","1590.00"
21856,"Te en Saquitos Ensobrados Frutas Rojas Placeres Taragui 20 Un","1510.00","1630.80"
21857,"Te en Saquitos Mandarina-Naranja-Pomelo La Virginia 20 Un","1895.00","1975.00"
21858,"Te en Saquitos Ensobrados Internacional Taragui 25 Un","2037.31","2384.00"
21859,"Cafe en Capsulas Intenso Espresso La Virginia 10 Un","5299.00","7227.00"
21860,"Galletitas con Chips de Chocolate Carrefour 170 Gr","1390.00","1390.00"
21861,"Aceitunas Verdes Descarozadas 160 Gr","1045.00","1099.00"
21862,"Mermelada Naranja Light Arcor 390 Gr","2069.00","2159.00"
21863,"Tableta de Chocolate Tres Sueños Cadbury 25 Gr","1080.00","1109.00"
21864,"Garbanzos 500 Gr","2450.00","2450.00"
21865,"Filtro para Cafe N° 2 Carrefour 30 Un","3690.00","3690.00"
21866,"Mermelada de Membrillo Cormillot Light 390 Gr","2150.00","2809.00"
21867,"Tostadas Clasicas Carrefour 140 Gr","979.00","979.00"
21868,"Alfajor Glaseado Terrabusi 6 Un 300 Gr","4029.00","4229.99"
21869,"Tostadas de Arroz Clasicas Carrefour 150 Gr","1350.00","1350.00"
21870,"Grisines con Salvado Carrefour 200 Gr","1950.00","1950.00"
21871,"Tableta de Chocolate Maxi Kinder 21 Gr","949.00","979.00"
21872,"Mate Cocido en Saquitos sin TACC Carrefour 25 Un","899.00","899.00"
21873,"Caramelos Miel Rellenos Honey Arcor 140 Gr","1449.00","1591.99"
21874,"Tableta de Chocolate con Leche y Mani Carrefour 30 Gr","939.00","939.00"
21875,"Galletas de Arroz con Sal Arrocitas 101 Gr","1150.00","1390.00"
21876,"Polvo para Preparar Bizcochuelo Chocolate Aguila 530 Gr","3168.00","3300.00"
21877,"Edulcorante en Polvo Clasico con Stevia en sobres Carrefour 50 Un","2150.00","2150.00"
21878,"Chocolate Blanco Graffiti 45 Gr","1099.00","1450.00"
21879,"Pure de Tomate Tetrabrik Salsati La Campagnola 520 Gr","889.00","971.40"
21880,"Sazonador Romero y Tomillo Knorr 21 Gr","1979.00","2099.00"
21881,"Miel Liquida de Pradera Carrefour 300 Gr","3690.00","3690.00"
21882,"Tostadas de Arroz Criollitas 110 Gr","2016.00","2100.00"
21883,"Condimento para Arroz La Parmesana 25 Gr","257.00","583.00"
21884,"Yerba Mate con Palo Sabor Menta sin TACC Carrefour 500 Gr","2290.00","2290.00"
21885,"Lentejas La Campagnola 195 Gr","1189.00","1289.00"
21886,"Chicles Sabor Menta en Tableta 6.7 Gr","339.00","429.00"
21887,"Pastillas Crerry Menthoplus Free 26 Gr","767.00","815.00"
21888,"Mate Cocido en Saquitos Nobleza Gaucha 50 Un","1659.00","1879.00"
21889,"Alfajor de Fruta Sol Serrano 40 Gr","362.00","460.00"
21890,"Fideos Cinta Spaghetti Carrefour Classic 500 Gr","1190.00","1190.00"
21891,"Filtro de Cafe Numero 2 Domestic 30 Un","3590.00","4199.00"
21892,"Pure de Tomate Tetrabrik Salsati La Campagnola 520 Gr","889.00","971.40"
21893,"Cintitas sabor Cebolla Carrefour 125 Gr","1190.00","1190.00"
21894,"Mermelada Naranja Light Arcor 390 Gr","2069.00","2159.00"
21895,"Edulcorante en Polvo Clasico en sobres Carrefour 50 Un","1590.00","1590.00"
21896,"Galletitas Original Criollitas Pack 3 300 Gr","1069.00","1089.00"
21897,"Tableta de Chocolate con Leche y Mani Carrefour 30 Gr","939.00","939.00"
21898,"Galletas de Arroz con Sal Arrocitas 101 Gr","1150.00","1390.00"
21899,"Edulcorante en Polvo Clasico con Stevia en sobres Carrefour 50 Un","2150.00","2150.00"
21900,"Chocolate Blanco Graffiti 45 Gr","1099.00","1450.00"
21901,"Miel Liquida de Pradera Carrefour 300 Gr","3690.00","3690.00"
21902,"Garbanzos 500 Gr","2450.00","2450.00"
21903,"Condimento para Arroz La Parmesana 25 Gr","257.00","583.00"
21904,"Te en Saquitos Earl Grey Virgin Islands 25 Un","2869.00","3059.00"
21905,"Pastillas Crerry Menthoplus Free 26 Gr","767.00","815.00"
21906,"Mate Cocido en Saquitos Nobleza Gaucha 50 Un","1659.00","1879.00"
21907,"Tostadas Clasicas Carrefour 140 Gr","979.00","979.00"
21908,"Te en Saquitos Ensobrados Frutas Rojas Placeres Taragui 20 Un","1510.00","1630.80"
21909,"Semillas de Girasol Pipas 18 Gr","290.00","340.00"
21910,"Tableta de Chocolate Maxi Kinder 21 Gr","949.00","979.00"
21911,"Nuez Moscada en Grano La Parmesana 2 Un","1363.00","2069.00"
21912,"Tostadas de Arroz Clasicas Carrefour 150 Gr","1350.00","1350.00"
21913,"Chocolate con Relleno Oreo Milka 100 Gr","4100.00","5018.00"
21914,"Chupetines Frutales Mr Pops 125 Gr","1500.00","1628.99"
21915,"Obleas Rellenas Bañada con Chocolate Bon o Bon 30 Gr","615.00","899.00"
21916,"Mermelada Light Durazno Emeth 420 Gr","1200.00","1795.00"
21917,"Sazonador Romero y Tomillo Knorr 21 Gr","1979.00","2099.00"
21918,"Te en Hebras Blen Especial Taragui 180 Gr","2359.00","2429.00"
21919,"Mermelada de Naranja Light Frasco Cormillot 390 Gr","2150.00","2319.00"
21920,"Polvo para Preparar Bizcochuelo Chocolate Aguila 530 Gr","3168.00","3300.00"
21921,"Pionono Salado Classic 150 Gr","1590.00","1590.00"
21922,"Papas Fritas Tradicionales Krachitos 170 Gr","2689.00","2829.00"
21923,"Chocolate con Dulce de Leche Mecano 19 Gr","691.00","1160.00"
21924,"Tostadas de Arroz Criollitas 110 Gr","2016.00","2100.00"
21925,"Te en Saquitos Ensobrados Internacional Taragui 25 Un","2037.31","2384.00"
21926,"Filtro para Cafe N° 2 Carrefour 30 Un","3690.00","3690.00"
21927,"Tostadas de Arroz sin Sal Carrefour 150 Gr","1350.00","1350.00"
21928,"Miel Organica Montecitos 500 Gr","1778.76","6545.00"
21929,"Alimento a Base de Miel La Clotilde 480 Gr","1719.00","2149.00"
21930,"Alfajor de Fruta Sol Serrano 40 Gr","362.00","460.00"
21931,"Aji Molido Sobre La Parmesana 50 Gr","850.00","1030.00"
21932,"Sopa Instantanea Light Zapallo sobres Carrefour 5 Un","1790.00","1790.00"
21933,"Yerba Mate La Cumbrecita 1 Kg","2750.00","4001.00"
21934,"Yerba Mate con Palo Sabor Menta sin TACC Carrefour 500 Gr","2290.00","2290.00"
21935,"Grisines con Salvado Carrefour 200 Gr","1950.00","1950.00"
21936,"Arroz Largo Fino 00000 Vanguardia 500 Gr","1370.00","1370.00"
21937,"Te Verde Ensobrado Taragui 40 Un","2365.00","2554.20"
21938,"Chicles con Fresh Sparks Sabor Mandarina Beldent 10 Gr","619.00","709.00"
21939,"Caramelos Miel Rellenos Honey Arcor 140 Gr","1449.00","1591.99"
21940,"Fideos Tirabuzones Carrefour 500 Gr","1190.00","1190.00"
21941,"Pastilla Uva y Mandarina Bull Dog 30 Gr","535.00","666.00"
21942,"Polvo para Preparar Bizcochuelo Chocolate Aguila 530 Gr","3168.00","3300.00"
21943,"Te Verde Ensobrado Taragui 40 Un","2365.00","2554.20"
21944,"Chicles con Fresh Sparks Sabor Mandarina Beldent 10 Gr","619.00","709.00"
21945,"Chicle Globo Frutilla Beldent 10 Gr","609.00","705.00"
21946,"Coctel de 5 Frutas en Lata Carrefour 820 Gr","2990.00","2990.00"
21947,"Alfajores Dulce de Leche Azucarado Vimar 38 Gr","352.00","352.00"
21948,"Tostadas de Arroz sin Sal Carrefour 150 Gr","1350.00","1350.00"
21949,"Tostadas de Arroz Criollitas 110 Gr","2016.00","2100.00"
21950,"Filtro de Cafe Numero 2 Domestic 30 Un","3590.00","4199.00"
21951,"Aji Molido Sobre La Parmesana 50 Gr","850.00","1030.00"
21952,"Tableta de Dulce de Leche Vauquita Tableta 25 Gr","700.00","769.00"
21953,"Alfajor de Fruta Sol Serrano 40 Gr","362.00","460.00"
21954,"Fideos Cinta Spaghetti Carrefour Classic 500 Gr","1190.00","1190.00"
21955,"Cintitas sabor Cebolla Carrefour 125 Gr","1190.00","1190.00"
21956,"Arvejas Partidas 500 Gr","1430.00","1490.00"
21957,"Yerba Mate La Cumbrecita 1 Kg","2750.00","4001.00"
21958,"Sazonador Romero y Tomillo Knorr 21 Gr","1979.00","2099.00"
21959,"Te en Saquitos Earl Grey Virgin Islands 25 Un","2869.00","3059.00"
21960,"Porotos Alubia al Natural Lata La Campagnola 300 Gr","1200.00","1269.00"
21961,"Duraznos Cubeteados Carrefour 820 Gr","2490.00","2490.00"
21962,"Semillas de Girasol Pipas 18 Gr","290.00","340.00"
21963,"Pionono Salado Classic 150 Gr","1590.00","1590.00"
21964,"Pastilla Uva y Mandarina Bull Dog 30 Gr","535.00","666.00"
21965,"Chocolate con Dulce de Leche Mecano 19 Gr","691.00","1160.00"
21966,"Ajo en Polvo Deshidratado Dos Anclas 20 Gr","728.04","759.00"
21967,"Especias Mix Criollo Alicante 108 Un 25 Gr","1139.00","1189.00"
21968,"Te Manzana y Canela en Saquitos Ensobrados La Virginia 20 Un","1895.00","2039.00"
21969,"Yerba Mate con Palo Sabor Menta sin TACC Carrefour 500 Gr","2290.00","2290.00"
21970,"Galletitas Original Criollitas Pack 3 300 Gr","1069.00","1089.00"
21971,"Mini Alfajores sin TACC con Dulce de Leche Carrefour 150 Gr","2890.00","2890.00"
21972,"Te en Saquitos Ensobrados Internacional Taragui 25 Un","2037.31","2384.00"
21973,"Atun en Lomitos en Aceite Carrefour 170 Gr","2390.00","2390.00"
21974,"Filtro para Cafe N° 2 Carrefour 30 Un","3690.00","3690.00"
21975,"Mini Galletitas 5 Semillas Carrefour 280 Gr","1080.00","1080.00"
21976,"Tostadas sin Sal Carrefour 140 Gr","979.00","979.00"
21977,"Tostaditas de Arroz sin Sal Agregada Criollitas 110 Gr","1990.00","2100.00"
21978,"Mermelada de Frutilla Arcor 454 Gr","2439.00","2703.36"
21979,"Galletitas Sandwich Carrefour Pack 3 330 Gr","1130.00","1130.00"
21980,"Galletitas Sabor Vainilla sin TACC Santa Maria 200 Gr","1919.00","1999.00"
21981,"Duraznos en Mitades Light Lata Carrefour 800 Gr","2490.00","2490.00"
21982,"Aceituna Verde 150 Gr","3590.00","3590.00"
21983,"Mate Cocido en Saquitos Taragui 40 Un 120 Gr","2607.00","2959.00"
21984,"Grisines con Salvado Carrefour 200 Gr","1950.00","1950.00"
21985,"Caramelos Miel Rellenos Honey Arcor 140 Gr","1449.00","1591.99"
21986,"Salsa de Aji Picante Dos Anclas 260 Gr","2217.89","2311.00"
21987,"Galletitas Mini Frolitas Carrefour 160 Gr","1090.00","1090.00"
21988,"Lentejas La Campagnola 195 Gr","1189.00","1289.00"
21989,"Caramelos Confitados Sugus 50 Gr","1495.00","1548.00"
21990,"Cintitas sabor Cebolla Carrefour 125 Gr","1190.00","1190.00"
21991,"Ajo en Polvo Deshidratado Dos Anclas 20 Gr","728.04","759.00"
21992,"Pastilla Uva y Mandarina Bull Dog 30 Gr","535.00","666.00"
21993,"Salsa de Aji Picante Dos Anclas 260 Gr","2217.89","2311.00"
21994,"Mermelada de Frutilla Arcor 454 Gr","2439.00","2703.36"
21996,"Galletitas Original Criollitas Pack 3 300 Gr","1069.00","1089.00"
21997,"Palmitos en Rodajas Carrefour 800 Gr","6150.00","6150.00"
21998,"Fideos Tirabuzon 3 Vegetales Matarazzo 500 Gr","1680.00","1730.00"
21999,"Galletitas Salvado 7 Semillas Hogareñas 567 Gr","2399.00","2674.00"
22000,"Aceituna Verde en Rodajas 125 Gr","3720.00","3720.00"
22001,"Duraznos en Mitades Light Lata Carrefour 800 Gr","2490.00","2490.00"
22002,"Chocolate con Leche y Almendras Cofler Air 55 Gr","1800.00","3105.00"
22003,"Galletitas Sandwich Carrefour Pack 3 330 Gr","1130.00","1130.00"
22004,"Mate Cocido en Saquitos Taragui 40 Un 120 Gr","2607.00","2959.00"
22005,"Sazonador Romero y Tomillo Knorr 21 Gr","1979.00","2099.00"
22006,"Palmitos Enteros Carrefour 400 Gr","3290.00","3290.00"
22007,"Chocolate Burbujas Combinado Milka Leger 45 Gr","2375.00","2469.00"
22008,"Chocolate con Dulce de Leche Mecano 19 Gr","691.00","1160.00"
22009,"Yerba Mate con Palo Sabor Menta sin TACC Carrefour 500 Gr","2290.00","2290.00"
22010,"Mini Alfajores sin TACC con Dulce de Leche Carrefour 150 Gr","2890.00","2890.00"
22011,"Te en Saquitos Earl Grey Virgin Islands 25 Un","2869.00","3059.00"
22012,"Galletitas Mini Frolitas Carrefour 160 Gr","1090.00","1090.00"
22013,"Salsa de Ajo La Parmesana 180 Ml","1400.00","2710.00"
22014,"Pionono Vainilla Classic 150 Gr","1590.00","1590.00"
22015,"Galletitas Vainilla con Chips de Chocolate Polvoron Trimak 150 Gr","785.00","785.00"
22016,"Aceitunas Verdes en Doypack Nucete 800 Gr","3099.00","3262.00"
22017,"Cacao en Polvo Carrefour Classic 360 Gr","2090.00","2090.00"
22018,"Pionono Salado Classic 150 Gr","1590.00","1590.00"
22019,"Semillas de Girasol Pipas 18 Gr","290.00","340.00"
22020,"Tostadas de Arroz Arrocitas 120 Gr","1050.00","1230.00"
22021,"Caldo de Gallina Carrefour 12 Un 108 Gr","1090.00","1090.00"
22024,"Salsa Barbacoa Botella Casalta 350 Gr","3600.00","4375.00"
22025,"Tostadas Carrefour Light 140 Gr","979.00","979.00"
22026,"Salsa Picante Verde en Frasco La Parmesana 180 Cc","1700.00","3388.00"
22027,"Chicles Seven Frutilla 14.7 Gr","815.00","1030.00"
22028,"Dulce de Leche Clasico Ilolay 200 Gr","1518.00","1645.00"
22029,"Copos de Maiz Azucarados Carrefour 500 Gr","3090.00","3090.00"
22030,"Edulcorante Liquido con Sucralosa sin TACC Carrefour 250 Ml","2890.00","2890.00"
22031,"Te Verde en Saquitos sin TACC Carrefour 25 Un","979.00","979.00"
22032,"Te en Saquitos Ensobrados Internacional Taragui 25 Un","2037.31","2384.00"
22033,"Jurel en Agua y Aceite Carrefour 420 Gr","3290.00","3290.00"
22034,"Galletitas Sabor Mini Frolitas Carrefour 300 Gr","1390.00","1390.00"
22035,"Edulcorante en Polvo Clasico con Stevia en sobres Carrefour 100 Un","2650.00","2650.00"
22036,"Caramelos Miel Rellenos Honey Arcor 140 Gr","1449.00","1591.99"
22037,"Filtro para Cafe N° 2 Carrefour 30 Un","3690.00","3690.00"
22038,"Fideos Cabellos de Angel Lucchetti 500 Gr","1958.40","2199.00"
22039,"Perejil Deshidratado La Parmesana 20 Gr","589.00","593.00"
22040,"Pastilla Uva y Mandarina Bull Dog 30 Gr","535.00","666.00"
22041,"Aceitunas Verdes en Doypack Nucete 800 Gr","3099.00","3262.00"
22042,"Mermelada de Frutilla Arcor 454 Gr","2439.00","2703.36"
22043,"Salsa de Aji Picante Dos Anclas 260 Gr","2217.89","2311.00"
22044,"Tostadas de Arroz Arrocitas 120 Gr","1050.00","1230.00"
22045,"Atun en Lomitos en Aceite Carrefour 170 Gr","2390.00","2390.00"
22046,"Mate Cocido en Saquitos Taragui 40 Un 120 Gr","2607.00","2959.00"
22047,"Salsa Barbacoa Botella Casalta 350 Gr","3600.00","4375.00"
22048,"Salsa Picante Verde en Frasco La Parmesana 180 Cc","1700.00","3388.00"
22049,"Copos de Maiz Azucarados Carrefour 500 Gr","3090.00","3090.00"
22050,"Galletitas Sandwich Carrefour Pack 3 330 Gr","1130.00","1130.00"
22051,"Edulcorante Liquido con Sucralosa sin TACC Carrefour 250 Ml","2890.00","2890.00"
22052,"Duraznos en Mitades Light Lata Carrefour 800 Gr","2490.00","2490.00"
22053,"Ajo en Polvo Deshidratado Dos Anclas 20 Gr","728.04","759.00"
22054,"Jurel en Agua y Aceite Carrefour 420 Gr","3290.00","3290.00"
22055,"Galletitas Sabor Mini Frolitas Carrefour 300 Gr","1390.00","1390.00"
22056,"Semillas de Quinoa Doypack Genser 150 Gr","4499.00","4499.00"
22057,"Caldo de Gallina Carrefour 12 Un 108 Gr","1090.00","1090.00"
22058,"Dulce de Leche Clasico Ilolay 200 Gr","1518.00","1645.00"
22059,"Semillas de Girasol Doypack Genser 120 Gr","1929.00","1999.00"
22060,"Perejil Deshidratado La Parmesana 20 Gr","589.00","593.00"
22061,"Yerba Mate con Palo Sabor Menta sin TACC Carrefour 500 Gr","2290.00","2290.00"
22062,"Chicle Globo Frutilla Beldent 10 Gr","609.00","705.00"
22064,"Tostadas Carrefour Light 140 Gr","979.00","979.00"
22065,"Chicles Seven Frutilla 14.7 Gr","815.00","1030.00"
22067,"Condimento para Vegetales Alicante 25 Gr","894.00","969.00"
23508,"Obleas de Limon Carrefour 200 Gr","1190.00","1190.00"
23510,"Harina de Trigo 0000 Fortificada Blancaflor 1 Kg","1093.49","1139.05"
23512,"Pimienta Negra Molida 50 Gr","1740.00","1740.00"
23514,"Salsa de Frutilla Dos Anclas 320 Gr","3550.00","3550.00"
23516,"Complemento Dietario Frutilla Advance Ensure 400 Gr","43001.50","43001.50"
23518,"Fideos Fusilli Multicereal Chia sin TACC Wakas 250 Gr","2241.00","2335.00"
23520,"Caramelos Yogur Confitado Billiken 50 Gr","1320.00","1320.00"
23523,"Sal Marina Dharam Singh 650 Gr","5079.00","5079.00"
23525,"Cafe en Capsula Super Cabrales 10 Un","6719.04","6999.00"
23528,"Azucar Organica Chango 1 Kg","5067.84","5279.00"
23530,"Risotto Listo Primavera Gallo 200 Gr","846.00","882.00"
23532,"Sopa 200 Gr","1899.00","1899.00"
23534,"Palitos Salados Pehuamar 90 Gr","1869.99","1870.00"
23536,"Yerba Mate Organica Hierbas Silvestres 500 Gr","6239.04","6499.00"
23538,"Galletitas Colegial Vainilla Samms 150 Gr","1400.00","1400.00"
23540,"Mermelada de Durazno Light Carrefour 390 Gr","1990.00","1990.00"
23542,"Barrita Vegana Coco Laddubar 30 Gr","849.00","849.00"
23544,"Suplemento Dietario Frutilla Ensure Advance 220 Ml","9406.50","9406.50"
23546,"Galletitas Sabor Queso Aglu 150 Gr","1600.00","1600.00"
23548,"Adobo Para Carne Sobre La Campagnola 25 Gr","659.00","729.00"
23550,"Saborizador y Bolsa para Horno sabor Mostaza y Miel Alicante 30 Gr","2233.30","2235.00"
23552,"Obleas con Relleno de Chocolate Gaona Cubicub 100 Gr","700.00","700.00"
23554,"Mermelada de Frutilla Light Carrefour 390 Gr","2390.00","2390.00"
23556,"Baño de Reposteria Chocolate Dos Anclas 150 Gr","2207.00","2299.00"
23558,"Fideos Tirabuzones Lucchetti 500 Gr","322.92","334.80"
23560,"Chupetin sabor Sandia Tira Crazy Pop 1 Un","928.00","928.00"
23562,"Arroz Largo Fino Gallo 1 Kg","2850.00","2850.00"
23564,"Arvejas Secas Remojadas Marolio 200 Gr","805.82","882.00"
23566,"Pure de Tomate Brick Arcor 530 Gr","628.00","654.00"
23568,"Penne Rigate Licchetti 500 Gr","1152.00","1200.00"
23570,"Caldos en Polvo en Sobre Finas Hierbas Alicante 4 Un","1219.00","1219.00"
23572,"Galletitas Dulces de Arroz sabor Limon Gallo Snack 100 Gr","780.00","1809.00"
23574,"Mix de Cereales 150 Gr","1069.00","1069.00"
23576,"Oblea Chocolate Blanco Cookies N Creme Hersheys 102 Gr","3409.00","3409.00"
23578,"Galletitas Original Club Social 24 Gr","565.00","580.00"
23580,"Tableta de Chocolate con Dulce de Leche Tofi 28 Gr","1460.00","1505.00"
23581,"Mix Frutos Secos Americano Pote Finca Blanca 150 Gr","2290.00","2290.00"
23582,"Salsa Pomarola sin TACC Marolio 200 Gr","869.30","905.52"
23583,"Mani Sabor Panceta Chef King 80 Gr","919.00","1100.00"
23584,"Barra de Avena Mani Chocolate Integra 41 Gr","1260.00","1260.00"
23585,"Cafe Supremo en Capsulas Carrefour Selection 20 Un","10990.00","10990.00"
23586,"Mix de Hierbas y Especias Caprese Knorr 20 Gr","797.00","830.00"
23587,"Te en Saquitos Tilo Saquitos Cachamai 20 Un","1738.80","1811.25"
23588,"Mani sabor Crema y Cebolla Croppers 85 Gr","1294.99","1295.00"
23589,"Ravioles Carne y Espinaca La Salteña 450 Gr","2300.00","2300.00"
23590,"Mostaza Doypack D'Fiesta 220 Gr","619.00","691.00"
23591,"Aceto Balsamico Favinco 250 Ml","2460.84","2743.00"
23592,"Chocolate con Leche Hershey S 20 Gr","999.00","999.00"
23593,"Galletas de Arroz sin TACC sin Sal Agregada Molinos del Bosque Carilo 85 Gr","1670.00","1739.00"
23594,"Saborizador Pollo Limon y Oregano con Bolsa para Horno Sobre Knorr 21 Gr","2089.00","2099.00"
23595,"Maiz Blanco Frangollo La Española 500 Gr","1621.44","1689.00"
23596,"Barra de Cereales Rellena con Manzana Cereal Mix 32 Gr","940.00","970.00"
23597,"Infusiones en Saquitos Te Negro de Hierbas y Frutas Don Arregui 50 Gr","549.00","549.00"
23598,"Galletitas con Chips de Chocolate Carrefour 172 Gr","1290.00","1290.00"
23599,"Snacks Chedar Saladix 36 Gr","959.00","999.00"
23600,"Edulcorante Liquido con Sacarina Sucaryl 360 Cc","5008.00","5008.00"
23601,"Obleas con Relleno de Vainilla Oblita 100 Gr","649.00","649.00"
23602,"Chocolate Relleno con Dulce de Leche Sapito 10 Gr","287.00","299.00"
23603,"Fideos Spaghetti N3 Terrabusi 500 Gr","975.00","975.00"
23604,"Cafe en Capsulas Grosso Caja Macchiato 50 Gr","9650.00","9650.00"
23605,"Pastillas Frutos Citricos DRF 23 Gr","335.00","349.00"
23668,"Ciboulette 30 Gr","2599.00","2599.00"
22068,"Arvejas Partidas 500 Gr","1430.00","1490.00"
22069,"Palmeritas Pequeñas Don Raul 200 Gr","1839.99","1905.00"
22070,"Galletitas Vainilla con Chips de Chocolate Polvoron Trimak 150 Gr","785.00","785.00"
22071,"Cintitas sabor Cebolla Carrefour 125 Gr","1190.00","1190.00"
22072,"Yerba Hierbas Serranas Cachamate 500 Gr","1475.00","2236.00"
22073,"Te Clasico en Saquitos La Virginia 100 Un","3205.00","3560.00"
22074,"Galletitas Bizcochos Dulces HJ 130 Gr","1535.00","1599.00"
22075,"Mini Alfajores sin TACC con Dulce de Leche Carrefour 150 Gr","2890.00","2890.00"
22076,"Te Verde en Saquitos sin TACC Carrefour 25 Un","979.00","979.00"
22077,"Aceitunas Verde Doypack Carrefour Classic 170 Gr","1290.00","1290.00"
22078,"Galletitas Mini Frolitas Carrefour 160 Gr","1090.00","1090.00"
22079,"Cacao en Polvo Carrefour Classic 360 Gr","2090.00","2090.00"
22080,"Yerba Mate La Cumbrecita 1 Kg","2750.00","4001.00"
22081,"Galletitas Original Criollitas Pack 3 300 Gr","1069.00","1089.00"
22082,"Bombones de Chocolate Blanco Bon O Bon 15 Gr","340.00","399.99"
22083,"Anillitos de Cereal Sabor Miel sin Gluten Carrefour 200 Gr","1690.00","1690.00"
22084,"Sazonador Romero y Tomillo Knorr 21 Gr","1979.00","2099.00"
22085,"Arroz Doble Gallo 500 Gr","2440.00","2515.00"
22086,"Te en Saquitos Earl Grey Virgin Islands 25 Un","2869.00","3059.00"
22087,"Polvo para Hornear La Parmesana 50 Gr","473.09","1070.00"
22088,"Pan Para Pancho Bimbo 6 Un","2370.00","2525.00"
22089,"Semillas de Girasol Pipas 18 Gr","290.00","340.00"
22090,"Fideos Coditos Lucchetti 500 Gr","1175.00","1225.00"
22091,"Galletitas de Salvado sin Sal Granix 230 Gr","1175.00","1175.99"
22092,"Mayonesa Liviana Doypack Cada Dia 475 Gr","1145.00","1236.00"
22093,"Chocolate con Leche con Almendras Cofler 55 Gr","2318.99","2840.00"
22094,"Harina de Trigo Integral Morixe 1 Kg","987.84","1041.00"
22095,"Sal Fina Dos Anclas 500 Gr","2399.00","2499.00"
22096,"Canela en Rama Alicante 20 Gr","2350.00","2375.00"
22097,"Papas Fritas Tradicionales Krachitos 270 Gr","3750.00","3888.99"
22098,"Yerba Mate Naranja La Cumbrecita 500 Gr","1550.00","1959.00"
22099,"Yerba Mate con Hierbas del Litoral Cachamate 500 Gr","1475.00","2920.00"
22100,"Aritos de Arroz Queso con Cebolla Dos Hermanos 80 Gr","1224.99","1339.00"
22101,"Choclo Amarillo Cremoso en Lata Arcor 300 Gr","1311.00","1435.33"
22102,"Mix Saborizante para Verduras Sobres Knorr 4 Un 30 Gr","1295.00","1299.00"
22103,"Arroz Integral Gallo 1 Kg","3900.00","3900.00"
22104,"Nuez Moscada Molida Dos Anclas 25 Gr","1879.78","1959.00"
22105,"Chocolate con Leche con Castaña y Caramelo Milka 55 Gr","2150.00","2256.99"
22106,"Pimienta Blanca Molida Alicante 50 Gr","2697.00","2815.00"
22107,"Te en Saquitos Rosa Mosqueta La Virginia 20 Un","2457.00","2559.00"
22108,"Sal Gruesa en Estuche Celusal 1 Kg","1810.00","2245.00"
22109,"Comino Molido Dos Anclas 50 Gr","2400.00","2500.00"
22110,"Caballa al Natural Pennisi 380 Gr","2430.00","2431.00"
22111,"Mayonesa Heinz 350 Gr","1800.00","1877.00"
22112,"Lentejas Secas Remojadas Lata Inalpa 300 Gr","792.00","899.00"
22113,"Chocolate con Almendras Milka 155 Gr","5385.00","5653.99"
22114,"Barra Crocante de Arroz con Chocolate Egran 70 Gr","990.00","1299.00"
22115,"Alimento Miel Bioway 480 Gr","3569.00","4415.00"
22116,"Bombones Ferrero Rocher 12 Un","9299.99","9300.00"
22117,"Cafe Instantaneo Latte Doypack Dolca 125 Gr","1790.00","3389.00"
22118,"Capsulas de Cafe Intenso Carrefour Selection 10 Un","5490.00","5490.00"
22119,"Fideos Tallarines La Campagnola 500 Gr","1659.14","1728.27"
22120,"Sal Entrefina Parrilla Celusal 500 Gr","989.00","1030.00"
22121,"Te en Saquitos Manzanilla Carrefour 25 Un","1090.00","1090.00"
22122,"Chicle Turbo Mint Topline 50 Gr","3169.00","5340.00"
22123,"Pimienta Negra Molida L. CP 23 Gr","777.00","809.00"
22124,"Palitos de Arroz Queso Dos Hermanos 80 Gr","1224.99","1339.00"
22125,"Yerba Mate con Limon y Menta Salus 500 Gr","2290.00","2459.00"
22126,"Cafe en Capsulas Espresso La Virginia 10 Un","7525.00","7525.00"
22127,"Caballa al Natural Lata La Campagnola 300 Gr","2650.00","2730.00"
22128,"Jugo de Limon Favinco 500 Ml","1583.96","1677.00"
22129,"Mermelada Diet de Naranja Emeth 420 Gr","1295.00","1795.00"
22130,"Te en Saquitos Ensobrados Durazno La Virginia 20 Un","1729.00","1779.00"
22131,"Pure de Tomates Alco 520 Gr","860.00","1089.00"
22132,"Sopa de Tomate Amaranto Quick Knorr 5 Un","2350.00","2369.00"
22133,"Tableta Chocolate Marmolado Arcor 95 Gr","2449.00","2570.99"
22134,"Tableta de Chocolate Leche con Mani y Miel Toblerone 100 Gr","5481.99","6389.00"
22135,"Mermelada de Ciruela Light Frasco Cormillot 390 Gr","2150.00","2539.00"
22136,"Papas Fritas Acanaladas Pehuamar 80 Gr","1970.00","2119.00"
22137,"Te Verde con Sabor Jazmin en Saquitos La Virginia 20 Un","1555.00","1733.00"
22138,"Cafe Instantaneo sin Azucar Doypack La Planta 160 Gr","7219.00","7222.95"
22139,"Chocolate con Almendras Milka 155 Gr","5385.00","5653.99"
22140,"Aritos de Arroz Queso con Cebolla Dos Hermanos 80 Gr","1224.99","1339.00"
22141,"Palmeritas en Blister 130 Gr","2890.00","2890.00"
22142,"Caballa al Natural Pennisi 380 Gr","2430.00","2431.00"
22143,"Pimienta Blanca Molida Alicante 50 Gr","2697.00","2815.00"
22144,"Chicle Turbo Mint Topline 50 Gr","3169.00","5340.00"
22145,"Mayonesa con Jugo de Limon Doypack Danica 250 Ml","655.00","727.00"
22146,"Capsulas de Cafe Intenso Carrefour Selection 10 Un","5490.00","5490.00"
22147,"Dulce de Leche Familiar Carrefour Classic 400 Gr","1890.00","1890.00"
22148,"Fideos Tallarines La Campagnola 500 Gr","1659.14","1728.27"
22149,"Alfajor Mousse Triple Milka 55 Gr","1352.99","1650.00"
22150,"Galletitas Obleas Clasicas Carrefour 100 Gr","709.00","709.00"
22151,"Palitos de Arroz Queso Dos Hermanos 80 Gr","1224.99","1339.00"
22152,"Tableta Chocolate Marmolado Arcor 95 Gr","2449.00","2570.99"
22153,"Te en Saquitos Ensobrados Durazno La Virginia 20 Un","1729.00","1779.00"
22154,"Mermelada Diet de Naranja Emeth 420 Gr","1295.00","1795.00"
22155,"Te en Saquitos Manzanilla Carrefour 25 Un","1090.00","1090.00"
22156,"Vinagre de Vino Casalta 1 Lt","633.00","2370.00"
22157,"Barra de Cereal Original Caja Cereal Mix 4 Un","2550.00","2658.99"
22158,"Pimienta Negra Molida L. CP 23 Gr","777.00","809.00"
22159,"Te Verde con Sabor Jazmin en Saquitos La Virginia 20 Un","1555.00","1733.00"
22160,"Fideos Nido Fettuccine Matarazzo 500 Gr","2410.00","2410.00"
22161,"Salsa Pomarola Cica 340 Gr","820.00","863.00"
22162,"Galletitas Pepas Tricolor Carrefour 300 Gr","1390.00","1390.00"
22163,"Aceite Rocio Vegetal Maiz Clasico en Aerosol Mazola 120 Gr","2959.68","3083.00"
22164,"Edulcorante en Sobres Equal Stevia 100 Un","6287.00","6457.00"
22165,"Tableta de Chocolate Intense Cadbury 162 Gr","5459.00","5730.99"
22166,"Cafe Tostado Molido Colombia Starbucks 250 Gr","18805.53","21299.00"
22167,"Aceitunas Verdes Premium Nucete 360 Gr","2644.00","3107.00"
22168,"Edulcorante con Aspartamo en Sobres Equalsweet 100 Un","4148.00","4772.00"
22169,"Polenta Prestopronta 730 Gr","1499.00","1580.00"
22170,"Chocolate con Leche con Mani Cofler Block 300 Gr","7199.00","7499.00"
22171,"Miel de Abejas Pote Aleluya 190 Gr","2450.00","2772.00"
22172,"Salsa Rosa con Crema de Leche Doypack Arcor 340 Gr","1129.00","1153.00"
22173,"Pastillas Menta Tic Tac 49 Gr","1900.00","1900.00"
22174,"Ketchup Carrefour Classic 380 Gr","2890.00","2890.00"
22175,"Te en Saquitos Boldo Ensobrado Green Hills 20 Un","2725.00","2929.00"
22176,"Galletitas Obleas Bon o Bon Xl 45 Gr","1247.00","1399.99"
22177,"Lucchettinis Espinaca y Queso Lucchetti 500 Gr","3360.00","3649.00"
22178,"Barra Cereal Frutilla/Chocolate Cereal Mix 26 Gr","700.00","875.00"
22179,"Saborizador Carne con Bolsa para Horno Ajo Cebolla Sobre Knorr 21 Gr","2010.00","2099.00"
22180,"Bombon Relleno de Dulce de Leche Tokke 10 Gr","448.00","464.00"
22181,"Te en Saquitos Virgin Islands 25 Un","2207.00","2369.00"
22182,"Salsa Tuco Arcor 340 Gr","945.00","945.00"
22183,"Tableta de Dulce de Leche Vauquita Light 140 Gr","1739.00","2000.00"
22184,"Gomitas Citricas Billiken 150 Gr","1595.00","1596.99"
22185,"Galletitas Pizza Saladix 100 Gr","926.99","1830.00"
22186,"Barra de Cereal Yogur Frutilla Cereal Mix 104 Gr","2543.00","2649.00"
22187,"Tableta Chocolate Marmolado Arcor 95 Gr","2449.00","2570.99"
22188,"Te en Saquitos Boldo Ensobrado Green Hills 20 Un","2725.00","2929.00"
22189,"Galletitas Obleas Bon o Bon Xl 45 Gr","1247.00","1399.99"
22190,"Caballa al Natural Pennisi 380 Gr","2430.00","2431.00"
22191,"Lucchettinis Espinaca y Queso Lucchetti 500 Gr","3360.00","3649.00"
22192,"Bombon Relleno de Dulce de Leche Tokke 10 Gr","448.00","464.00"
22193,"Tableta de Dulce de Leche Vauquita Light 140 Gr","1739.00","2000.00"
22194,"Gomitas Citricas Billiken 150 Gr","1595.00","1596.99"
22195,"Galletitas Pizza Saladix 100 Gr","926.99","1830.00"
22196,"Tostadas Gruesas Carrefour Light 200 Gr","1250.00","1250.00"
22197,"Papas Fritas Clasicas Lays 230 Gr","5150.00","5150.00"
22198,"Te en Saquitos Ensobrados Durazno La Virginia 20 Un","1729.00","1779.00"
22199,"Aceto Espeso Favinco 500 Ml","5072.37","5654.00"
22200,"Fideos Codito Arcor 500 Gr","1350.00","1682.00"
22201,"Fideos Tallarines La Campagnola 500 Gr","1659.14","1728.27"
22202,"Miel de Abejas Pote Aleluya 190 Gr","2450.00","2772.00"
22203,"Capsulas de Cafe Intenso Carrefour Selection 10 Un","5490.00","5490.00"
22204,"Papas Fritas Crema y Cebolla Carrefour Tubo 140 Gr","2750.00","2750.00"
22205,"Te en Saquitos Manzanilla Carrefour 25 Un","1090.00","1090.00"
22206,"Ketchup Carrefour Classic 380 Gr","2890.00","2890.00"
22207,"Saborizador Carne con Bolsa para Horno Ajo Cebolla Sobre Knorr 21 Gr","2010.00","2099.00"
22208,"Cafe Clasico en Capsulas Carrefour Selection 20 Un","10990.00","10990.00"
22209,"Pastillas Menta Tic Tac 49 Gr","1900.00","1900.00"
22210,"Salsa Barbacoa Doypack Hellmanns 400 Gr","3169.00","3624.00"
22211,"Aritos de Arroz Queso con Cebolla Dos Hermanos 80 Gr","1224.99","1339.00"
22212,"Arvejas Secas Remojadas Inalpa 300 Gr","575.00","599.00"
22213,"Pimienta Negra Molida L. CP 23 Gr","777.00","809.00"
22214,"Cafe Tostado Molido Colombia Starbucks 250 Gr","18805.53","21299.00"
22215,"Te en Saquitos Virgin Islands 25 Un","2207.00","2369.00"
22216,"Dulce de Leche Repostero Milkaut 1 Kg","5697.00","5935.00"
22217,"Salsa Tuco Arcor 340 Gr","945.00","945.00"
22218,"Porotos Remojados Inca 350 Gr","699.00","891.00"
22219,"Chupetin Baby Doll Lheritier 24 Gr","900.00","979.00"
22220,"Fideos Spaghetti La Campagnola 500 Gr","1659.14","1728.27"
22221,"Barra Cereal Frutilla/Chocolate Cereal Mix 26 Gr","700.00","875.00"
22222,"Mani Pelado Salado Bolsa Croppers 350 Gr","4030.00","4030.99"
22223,"Chocolate Almendras Milka Leger 110 Gr","3859.00","4050.99"
22224,"Papas Fritas Ondas Flamin Hot Lay s 30 Gr","1439.00","1442.99"
22225,"Polvo para Preparar Crema Chantilly Dos Anclas 50 Gr","1295.00","1349.00"
22226,"Salsa de Tomate Deshidratada Knorr 60 Gr","2499.00","2603.00"
22227,"Ravioles Espinaca Mozzarella y Parmesano La Salteña 450 Gr","2300.00","2300.00"
22228,"Scons 9 de Oro 180 Gr","1488.00","1659.00"
22229,"Galletitas de Hojaldre Larguitas Carrefour 150 Gr","1130.00","1130.00"
22230,"Aderezo Caesar Pet Tau Delta 300 Gr","3139.36","3509.00"
22231,"Leche en Polvo Entera La Serenisima 400 Gr","4866.00","4879.00"
22232,"Picadillo de Carne Swift Picante 90 Gr","898.40","936.00"
22233,"Caballa al Natural Pennisi 380 Gr","2430.00","2431.00"
22234,"Mani Pelado Salado Bolsa Croppers 350 Gr","4030.00","4030.99"
22235,"Ketchup Carrefour Classic 380 Gr","2890.00","2890.00"
22236,"Chocolate Almendras Milka Leger 110 Gr","3859.00","4050.99"
22237,"Arroz Integral Gallo 1 Kg","3900.00","3900.00"
22238,"Pastillas Menta Tic Tac 49 Gr","1900.00","1900.00"
22239,"Saborizador Carne con Bolsa para Horno Ajo Cebolla Sobre Knorr 21 Gr","2010.00","2099.00"
22240,"Capsulas de Cafe Intenso Carrefour Selection 10 Un","5490.00","5490.00"
22241,"Fideos Tallarines La Campagnola 500 Gr","1659.14","1728.27"
22242,"Te en Saquitos Virgin Islands 25 Un","2207.00","2369.00"
22243,"Tableta de Chocolate Leche con Mani y Miel Toblerone 100 Gr","5481.99","6389.00"
22244,"Ravioles Espinaca Mozzarella y Parmesano La Salteña 450 Gr","2300.00","2300.00"
22245,"Scons 9 de Oro 180 Gr","1488.00","1659.00"
22246,"Salsa Tuco Arcor 340 Gr","945.00","945.00"
22247,"Te en Saquitos Manzanilla Carrefour 25 Un","1090.00","1090.00"
22248,"Aderezo Caesar Pet Tau Delta 300 Gr","3139.36","3509.00"
22249,"Leche en Polvo Entera La Serenisima 400 Gr","4866.00","4879.00"
22250,"Filtro de Cafe Numero 4 Domestic 60 Un","2169.00","6190.00"
22251,"Edulcorante Sucra Equilibrado en Sobres Tuy 100 Un","4135.00","4136.00"
22252,"Pimienta Negra Molida L. CP 23 Gr","777.00","809.00"
22253,"Aceitunas Verdes Descarozadas en Salmuera Nucete 360 Gr","2824.00","2825.00"
22254,"Chocolates con Leche Aireado Cofler 100 Gr","3759.00","3945.99"
22255,"Crema de Avellanas con Cacao Duo Carrefour 180 Gr","2850.00","2850.00"
22256,"Papas Fritas Ondas Flamin Hot Lay s 30 Gr","1439.00","1442.99"
22257,"Picadillo de Carne Swift Picante 90 Gr","898.40","936.00"
22258,"Polvo para Preparar Crema Chantilly Dos Anclas 50 Gr","1295.00","1349.00"
22259,"Tableta de Chocolate Semi Amargo Arcor 95 Gr","2449.00","2570.99"
22260,"Azucar Negra La Parmesana 250 Gr","842.40","2099.00"
22261,"Resaltador de Sabor en Frasco Ajinomoto 100 Gr","3969.00","4440.00"
22262,"Barra Cereal Frutilla/Chocolate Cereal Mix 26 Gr","700.00","875.00"
22263,"Mostaza Doypack Natura 250 Gr","765.00","789.00"
22264,"Aceto Balsamico Casalta 500 Cc","5295.00","6170.65"
22265,"Tostadas de Arroz Tosti 110 Gr","1299.00","1299.00"
22266,"Gomitas Pececitos Yummy 30 Gr","377.99","678.00"
22267,"Mermelada Diet de Ciruela Emeth 420 Gr","1795.00","1929.00"
22268,"Salsa de Tomate Deshidratada Knorr 60 Gr","2499.00","2603.00"
22269,"Pimienta Negra en Molinillo Selection Carrefour 60 Gr","6190.00","6190.00"
22270,"Bolitas de Cereal Chocolate Chocolino 200 Gr","3404.00","3599.00"
22271,"Fideos Municiones Terrabusi 500 Gr","975.00","975.00"
22272,"Cafe Cortado Instantaneo Doypack La Virginia 125 Gr","3150.00","3279.00"
22273,"Galletitas Surtidas Seleccionadas Bagley 398 Gr","1727.00","2900.00"
22274,"Pochoclo Acaramelado Nikitos 80 Gr","779.00","926.00"
22275,"Miel Pura Bioway 190 Gr","1809.00","2209.00"
22276,"Obleas con Relleno de Frutilla Oblita 50 Gr","239.00","239.00"
22277,"Bocaditos Rellenos de Mani Naturalmente Granix 180 Gr","2140.99","2419.00"
22278,"Galletitas de Hojaldre Larguitas Carrefour 150 Gr","1130.00","1130.00"
22279,"Cafe en Capsulas Espresso La Virginia 10 Un","7525.00","7525.00"
22280,"Snack Manzana Roja Deshidratada Frutty 18 Gr","520.00","535.00"
22281,"Almendra 135 Gr","4990.00","4990.00"
22282,"Fideos Tallarines La Campagnola 500 Gr","1659.14","1728.27"
22283,"Pimienta Negra en Molinillo Selection Carrefour 60 Gr","6190.00","6190.00"
22284,"Te en Saquitos Manzanilla Carrefour 25 Un","1090.00","1090.00"
22285,"Capsulas de Cafe Intenso Carrefour Selection 10 Un","5490.00","5490.00"
22286,"Pochoclo Acaramelado Nikitos 80 Gr","779.00","926.00"
22287,"Papas Fritas Ondas Flamin Hot Lay s 30 Gr","1439.00","1442.99"
22288,"Polvo para Preparar Crema Chantilly Dos Anclas 50 Gr","1295.00","1349.00"
22289,"Miel Pura Bioway 190 Gr","1809.00","2209.00"
22290,"Bocaditos Rellenos de Mani Naturalmente Granix 180 Gr","2140.99","2419.00"
22291,"Picadillo de Carne Swift Picante 90 Gr","898.40","936.00"
22292,"Snack Manzana Roja Deshidratada Frutty 18 Gr","520.00","535.00"
22293,"Pimienta Negra Molida L. CP 23 Gr","777.00","809.00"
22294,"Pan para Panchos Veneziana 210 Gr","1709.00","1709.00"
22295,"Te en Saquitos Ensobrados Frutos del Bosque Saint Gottard 20 Un","3995.00","4795.00"
22296,"Almendra 135 Gr","4990.00","4990.00"
22297,"Bolitas de Cereal Chocolate Chocolino 200 Gr","3404.00","3599.00"
22298,"Papas Fritas Corte Americano Krachitos 270 Gr","3650.00","3747.99"
22299,"Fideos Municiones Terrabusi 500 Gr","975.00","975.00"
22300,"Aceite de Oliva en Lata Oliovita 500 Cc","14399.04","15529.00"
22301,"Barra Cereal Frutilla/Chocolate Cereal Mix 26 Gr","700.00","875.00"
22302,"Galletitas Surtidas Seleccionadas Bagley 398 Gr","1727.00","2900.00"
22303,"Cafe Cortado Instantaneo Doypack La Virginia 125 Gr","3150.00","3279.00"
22304,"Tostadas de Arroz Tosti 110 Gr","1299.00","1299.00"
22305,"Te Verde en Saquitos Ensobrados Citrus La Virginia 20 Un","1555.00","1733.00"
22306,"Galletitas Pepas Tricolor Carrefour 170 Gr","1090.00","1090.00"
22307,"Obleas con Relleno de Frutilla Oblita 50 Gr","239.00","239.00"
22308,"Mayonesa con Limon Doypack Heinz 850 Gr","3945.00","4109.00"
22309,"Leche en Polvo Entera Zero Lactosa La Serenisima 400 Gr","6290.00","6290.00"
22310,"Harina de Trigo Especial Pasteleria Chacabuco 1 Kg","1390.00","1449.00"
22311,"Salsa de Tomate Deshidratada Knorr 60 Gr","2499.00","2603.00"
22312,"Salsa Portuguesa Arcor 340 Gr","906.79","945.00"
22313,"Galletitas de Hojaldre Larguitas Carrefour 150 Gr","1130.00","1130.00"
22314,"Tableta de Chocolate Tofi 55 Gr","710.00","2600.00"
22315,"Papas Fritas Corte Americano Krachitos 115 Gr","1795.00","2018.99"
22316,"Azafran Molido Blister Alicante 2 Un","4909.00","4909.00"
22317,"Pastillas de Goma Rodajas Acidas Mogul 50 Gr","930.99","1140.00"
22318,"Filtro de Cafe de Papel Numero 4 Domestic 30 Un","3950.00","4699.00"
22319,"Capsulas Cafe Dolce Gusto Mocha Caja Nescafe 16 Un","16526.16","17214.75"
22320,"Te Chai en Saquitos Taragui 25 Un","2686.00","2899.80"
22321,"Aceto Balsamico Casalta 500 Cc","5295.00","6170.65"
22322,"Provenzal sin TACC Alicante 50 Gr","1749.00","1750.00"
22323,"Tableta de Dulce de Leche Vauquita Light 88 Gr","2009.00","2200.00"
22324,"Te Manzana Canela y Miel Placeres Saquitos Ensobrados Taragui 20 Un","1510.00","1729.00"
22325,"Cafe Molido Houseblend Starbucks 250 Gr","18025.00","20179.00"
22326,"Caldo de Carne Bajo en Grasas Maggi 114 Gr","1398.50","1469.00"
22327,"Lentejas Secas Remojadas Arcor 300 Gr","1085.00","1130.92"
22328,"Polvo para Preparar Salsa Blanca Alicante 40 Gr","1419.00","1419.00"
22329,"Papas Fritas Corte Americano Krachitos 115 Gr","1795.00","2018.99"
22330,"Galletitas Surtidas Seleccionadas Bagley 398 Gr","1727.00","2900.00"
22331,"Obleas con Relleno de Frutilla Oblita 50 Gr","239.00","239.00"
22332,"Azafran Molido Blister Alicante 2 Un","4909.00","4909.00"
22333,"Pastillas de Goma Rodajas Acidas Mogul 50 Gr","930.99","1140.00"
22334,"Filtro de Cafe de Papel Numero 4 Domestic 30 Un","3950.00","4699.00"
22335,"Capsulas Cafe Dolce Gusto Mocha Caja Nescafe 16 Un","16526.16","17214.75"
22336,"Provenzal sin TACC Alicante 50 Gr","1749.00","1750.00"
22337,"Tableta de Dulce de Leche Vauquita Light 88 Gr","2009.00","2200.00"
22338,"Salsa Portuguesa Arcor 340 Gr","906.79","945.00"
22339,"Tableta de Chocolate Tofi 55 Gr","710.00","2600.00"
22340,"Barra Cereal Frutilla/Chocolate Cereal Mix 26 Gr","700.00","875.00"
22341,"Polvo para Preparar Salsa Blanca Alicante 40 Gr","1419.00","1419.00"
22342,"Salsa de Tomate Deshidratada Knorr 60 Gr","2499.00","2603.00"
22343,"Te Chai en Saquitos Taragui 25 Un","2686.00","2899.80"
22344,"Galletitas de Hojaldre Larguitas Carrefour 150 Gr","1130.00","1130.00"
22345,"Especias Surtidas La Parmesana 50 Gr","699.00","919.00"
22346,"Yerba Mate con Hierbas Serranas Salus 500 Gr","2290.00","2459.00"
22347,"Bocadito de Dulce de Leche Light Vauquita 22 Gr","700.00","769.00"
22348,"Polvo para Preparar Bizcochuelo Marmolado Aguila 530 Gr","3071.00","3199.00"
22349,"Cafe Molido Houseblend Starbucks 250 Gr","18025.00","20179.00"
22350,"Yerba con Hierbas Naturales La Cumbrecita 500 Gr","1550.00","2097.00"
22351,"Te Manzana Canela y Miel Placeres Saquitos Ensobrados Taragui 20 Un","1510.00","1729.00"
22352,"Jugo de Limon Minerva 1 Lt","2616.00","2725.00"
22353,"Lentejas Secas Remojadas Arcor 300 Gr","1085.00","1130.92"
22354,"Chocolate Oreo Lila Go Milka 38 Gr","1519.00","1597.99"
22355,"Aceitunas Verdes Descarozadas Vanoli 100 Gr","970.00","1069.00"
22356,"Caldo de Carne Bajo en Grasas Maggi 114 Gr","1398.50","1469.00"
22357,"Galletitas Azucaradas Vainilla Carrefour 250 Gr","949.00","949.00"
22358,"Nuez Moscada Molida Dos Anclas 25 Gr","1879.78","1959.00"
22359,"Cafe en Saquitos Caja Carrefour 18 Un","3690.00","3690.00"
22360,"Mani con Chocolate Rocklets 40 Gr","1400.00","1470.00"
22361,"Capsula Reutilizable de Cafe Domestic 2 Un","8381.00","9799.00"
22362,"Mayonesa Squeeze Hellmanns 320 Gr","2172.00","2262.00"
22363,"Caramelos Menthoplus 27.2 Gr","600.00","809.00"
22364,"Azucar Negra Dos Anclas 250 Gr","1919.04","2021.00"
22365,"Perejil Deshidratado Alicante 25 Gr","1389.00","1399.00"
22366,"Cafe Instantaneo Descafeinado Kalma 170 Gr","7779.00","8339.00"
22367,"Premezcla para Preparar Bizcochuelo Vainilla Aguila 530 Gr","3168.00","3300.00"
22368,"Arroz Yamani Molinos Ala 500 Gr","3240.00","4050.00"
22369,"Aceto Balsamico Cocinero 500 Gr","4440.00","4625.00"
22370,"Mani Tostado sin Piel sin Sal King 350 Gr","3129.00","3762.40"
22371,"Galletas Mousse Milka 116 Gr","1629.00","1709.99"
22372,"Harina de Trigo 000 Chacabuco 1 Kg","849.00","849.00"
22373,"Dulce de Leche Tradicional Artesanal San Ignacio 400 Gr","2490.00","2490.00"
22374,"Aceto Balsamico Reduccion Casalta 400 Ml","3741.50","7156.00"
22375,"Capsula Reutilizable de Cafe Domestic 2 Un","8381.00","9799.00"
22376,"Salsa Portuguesa Arcor 340 Gr","906.79","945.00"
22377,"Caramelos Menthoplus 27.2 Gr","600.00","809.00"
22378,"Tableta de Chocolate Tofi 55 Gr","710.00","2600.00"
22379,"Te Chai en Saquitos Taragui 25 Un","2686.00","2899.80"
22380,"Caramelos Masticables Sugus 150 Gr","1450.00","1816.99"
22381,"Premezcla para Preparar Bizcochuelo Vainilla Aguila 530 Gr","3168.00","3300.00"
22382,"Galletitas de Hojaldre Larguitas Carrefour 150 Gr","1130.00","1130.00"
22383,"Galletas Mousse Milka 116 Gr","1629.00","1709.99"
22384,"Harina de Trigo 000 Chacabuco 1 Kg","849.00","849.00"
22385,"Dulce de Leche Tradicional Artesanal San Ignacio 400 Gr","2490.00","2490.00"
22386,"Salsa de Tomate Deshidratada Knorr 60 Gr","2499.00","2603.00"
22387,"Aceitunas Verdes Descarozadas Vanoli 100 Gr","970.00","1069.00"
22388,"Dulce de Leche de Campo Familiar Milkaut 395 Gr","2515.00","2515.00"
22389,"Caldo de Carne Bajo en Grasas Maggi 114 Gr","1398.50","1469.00"
22390,"Lentejas Secas Remojadas Arcor 300 Gr","1085.00","1130.92"
22391,"Te Manzana Canela y Miel Placeres Saquitos Ensobrados Taragui 20 Un","1510.00","1729.00"
22392,"Salsa de Chocolate Aguila 320 Gr","6049.00","6349.99"
22393,"Galletitas Kesitas 75 Gr","1048.99","1189.00"
22394,"Cafe Instantaneo Descafeinado Kalma 170 Gr","7779.00","8339.00"
22395,"Te Chaman Chai Inti Zen 30 Gr","4129.00","4184.00"
22396,"Arroz Doble Carolina Seleccion Gallo 1 Kg","4995.00","4995.00"
22397,"Jugo de Limon Minerva 1 Lt","2616.00","2725.00"
22398,"Cafe Molido Houseblend Starbucks 250 Gr","18025.00","20179.00"
22399,"Azucar Negra Dos Anclas 250 Gr","1919.04","2021.00"
22400,"Arroz Yamani Molinos Ala 500 Gr","3240.00","4050.00"
22401,"Mani Tostado sin Piel sin Sal King 350 Gr","3129.00","3762.40"
22402,"Aceto Balsamico Cocinero 500 Gr","4440.00","4625.00"
22403,"Yerba Mate Seleccon Especial La Tranquera 1 Kg","3428.00","4095.18"
22404,"Tomillo Doypack Dos Anclas 35 Gr","864.00","1185.00"
22405,"Granas Marrones La Parmesana 50 Gr","469.00","679.00"
22406,"Mayonesa Squeeze Hellmanns 320 Gr","2172.00","2262.00"
22407,"Granas Celestes La Parmesana 50 Gr","469.00","678.00"
22408,"Alfajores Bañando de Chocolate Relleno con de Leche Cachafaz 360 Gr","9613.99","9615.00"
22409,"Aceto Balsamico Reduccion Casalta 400 Ml","3741.50","7156.00"
22410,"Discos de Arroz Jamon Dos Hermanos 80 Gr","1224.99","1339.00"
22411,"Crema de Avellanas con Cacao Carrefour 180 Gr","2850.00","2850.00"
22412,"Te Boldo Hierbas La Virginia 50 Un","2919.00","3041.00"
22413,"Mini Tostaditas Sabor Cuatro Queso Twistos 155 Gr","3415.00","3564.99"
22414,"Aji Molido Sobre Alicante 50 Gr","1410.00","1545.00"
22415,"Arroz Preparado sabor Tomatado Lucchetti 240 Gr","1700.00","1829.00"
22416,"Tabletas de Chocolate Relleno Dulce de Leche Carrefour 80 Gr","1690.00","1690.00"
22417,"Aceite de Oliva Extra Virgen Lira 500 Ml","12124.80","12630.00"
22418,"Aceto Balsamico Cocinero Reduccion 250 Cc","2933.03","3055.24"
22419,"Caramelos Bon O Bon Butter Toffees 950 Gr","9599.00","9999.00"
22420,"Pochoclos Acaramelados 80 Gr","829.00","890.00"
22421,"Yerba Suave Amanda 1 Kg","4125.00","4132.00"
22422,"Aceitunas Verdes en Doypack Castell 500 Gr","4695.00","4696.00"
22423,"Condimento Sabor a las Brasas Alicante 108 Un 25 Gr","1139.00","1249.00"
22424,"Copitas de Cereal sabor Chocolate sin Gluten Carrefour 200 Gr","1690.00","1690.00"
22425,"Arroz Yamani Molinos Ala 500 Gr","3240.00","4050.00"
22426,"Galletitas Pepas Carrefour 170 Gr","959.00","959.00"
22427,"Tomillo Doypack Dos Anclas 35 Gr","864.00","1185.00"
22428,"Cafe Instantaneo Descafeinado Kalma 170 Gr","7779.00","8339.00"
22429,"Galletas Marineras sin Sal Carrefour 110 Gr","1890.00","1890.00"
22430,"Granas Marrones La Parmesana 50 Gr","469.00","679.00"
22431,"Mani Tostado sin Piel sin Sal King 350 Gr","3129.00","3762.40"
22432,"Pate a La Pimienta Verde Bocatti 90 Gr","1335.00","1618.00"
22433,"Romero Alicante 15 Gr","635.00","635.00"
22434,"Salsa Ranch Carrefour 320 Gr","3290.00","3290.00"
22435,"Aceto Balsamico Cocinero 500 Gr","4440.00","4625.00"
22436,"Yerba Suave Amanda 1 Kg","4125.00","4132.00"
22437,"Barra Crocante Mani y Almendras Egran 6 Un 40 Gr","6239.00","6969.00"
22438,"Pan Viena Hamburguesas Tradicional 240 Gr","1250.00","1590.00"
22439,"Oblea Vainilla con Naranja 9 De Oro 100 Gr","1240.00","1359.00"
22440,"Fideos Fusilli al Huevo 500 Gr","2080.00","2080.00"
22441,"Choclo Amarillo Crema Inca 350 Gr","829.00","930.00"
22442,"Cereal Bolsa Cereal Mix 100 Gr","1045.00","1750.00"
22443,"Fideos Penne Rigate La Campagnola 500 Gr","1659.14","1850.00"
22444,"Capsulas para Cafe con Leche Caja Cabrales 12 Un 120 Gr","9738.24","11057.00"
22445,"Alfajores Bañando de Chocolate Relleno con de Leche Cachafaz 360 Gr","9613.99","9615.00"
22446,"Mermelada de Naranja La Campagnola 454 Gr","2300.00","2309.00"
22447,"Aceitunas Verde Descarozado Carrefour Classic 140 Gr","1490.00","1490.00"
22448,"Aceto Balsamico Reduccion Casalta 400 Ml","3741.50","7156.00"
22449,"Te Boldo Hierbas La Virginia 50 Un","2919.00","3041.00"
22450,"Galleta de Arroz Slim Dulces Dos Hermanos 100 Gr","919.00","1010.00"
22451,"Duraznos en Mitades Carrefour 820 Gr","2490.00","2490.00"
22452,"Bizcochos Salado Gallo Snack 50 Gr","1209.60","1260.00"
22453,"Barra de Cereales con Manzana Cereal Mix 23 Gr","700.00","970.00"
22454,"Tabletas de Chocolate Relleno Dulce de Leche Carrefour 80 Gr","1690.00","1690.00"
22455,"Galletas Marineras Lino y Chia Rianitos 170 Gr","1600.00","1875.00"
22456,"Arroz Preparado sabor Tomatado Lucchetti 240 Gr","1700.00","1829.00"
22457,"Fideos Colavita Penne Rigate 500 Gr","2927.88","7250.00"
22458,"Palitos Salados Carrefour Classic 115 Gr","949.00","949.00"
22459,"Tableta de Dulce de Leche Vauquita 100 Gr","2009.00","2200.00"
22460,"Mermelada de Damasco Pote Bulnez 500 Gr","1390.00","1390.00"
22461,"Pure de Tomates Slim Tetra Carrefour Classic 520 Gr","769.00","769.00"
22462,"Aji Molido Sobre Alicante 50 Gr","1410.00","1545.00"
22463,"Copos de Arroz Inflado 80 Gr","755.00","755.00"
22464,"Pan para Panchos Carrefour 6 Un","1690.00","1690.00"
22465,"Tomillo La Parmesana 20 Gr","649.00","649.00"
22466,"Aderezo Barbacoa Tau Delta 340 Gr","3465.00","3609.00"
22467,"Caramelos Rellenos Menta Chocolate Arcor 140 Gr","1450.00","1476.99"
22468,"Capsulas de Cafe Descafeinado Carrefour Selection 10 Un","5490.00","5490.00"
22469,"Papas Fritas Queso Cheddar Carrefour Tubo 140 Gr","2750.00","2750.00"
22470,"Cafe en Capsulas Blen Tipo Italiano Morenita 10 Un","6365.00","8349.00"
22471,"Alfajor Blanco Tatin 33 Gr","559.00","559.00"
22472,"Papas Fritas Queso Cheddar Carrefour Tubo 140 Gr","2750.00","2750.00"
22473,"Cereal Bolsa Cereal Mix 100 Gr","1045.00","1750.00"
22474,"Cafe Instantaneo Descafeinado Kalma 170 Gr","7779.00","8339.00"
22475,"Mani Tostado sin Piel sin Sal King 350 Gr","3129.00","3762.40"
22476,"Galletitas Chocolate con LecheBolsa Donuts 52 Gr","1260.00","1550.00"
22477,"Bizcochos Salado Gallo Snack 50 Gr","1209.60","1260.00"
22478,"Alfajores Bañando de Chocolate Relleno con de Leche Cachafaz 360 Gr","9613.99","9615.00"
22479,"Mermelada sin Azucar Naranja Arcor 390 Gr","2569.00","3165.00"
22480,"Aceto Balsamico Reduccion Casalta 400 Ml","3741.50","7156.00"
22481,"Copos de Arroz Inflado 80 Gr","755.00","755.00"
22482,"Fideos Penne Rigate La Campagnola 500 Gr","1659.14","1850.00"
22483,"Aji Molido Sobre Alicante 50 Gr","1410.00","1545.00"
22484,"Fideos Colavita Penne Rigate 500 Gr","2927.88","7250.00"
22485,"Tomate Cubeteado Lata Alco 400 Gr","1330.00","1331.00"
22486,"Te Boldo Hierbas La Virginia 50 Un","2919.00","3041.00"
22487,"Arroz Preparado sabor Tomatado Lucchetti 240 Gr","1700.00","1829.00"
22488,"Aceto Balsamico Cocinero 500 Gr","4440.00","4625.00"
22489,"Tabletas de Chocolate Relleno Dulce de Leche Carrefour 80 Gr","1690.00","1690.00"
22490,"Dulce de Leche en Pote Milkaut 1 Kg","5387.00","5611.00"
22491,"Pan para Panchos Carrefour 6 Un","1690.00","1690.00"
22492,"Capsulas de Cafe Descafeinado Carrefour Selection 10 Un","5490.00","5490.00"
22493,"Mayonesa con Chimichurri Tau 300 Gr","3191.12","3529.00"
22494,"Azucar Comun La Perla 1 Kg","1200.00","1200.00"
22495,"Fideos Corto Fusili Colavita 500 Gr","6859.00","7339.00"
22496,"Alfajor Blanco Tatin 33 Gr","559.00","559.00"
22497,"Te Verde sabor Jazmin en Saquitos Taragui 25 Un","2686.00","3103.00"
22498,"Bolitas Dulces 80 Gr","599.00","599.00"
22499,"Oblea de Arroz con Chocolate Gallo 6 Un 20 Gr","3530.00","3705.00"
22500,"Mostaza Original Pou Savora 500 Gr","1830.00","1869.00"
22501,"Cafe en Capsulas Blen Tipo Italiano Morenita 10 Un","6365.00","8349.00"
22502,"Barras de Cereales con Yogur Sabor Frutilla Carrefour 3 Un","1490.00","1490.00"
22503,"Bastonitos Horneados Maxi Queso Krachitos 150 Gr","2100.00","2134.99"
22504,"Te Hierbas Naturales en Saquitos Morenita 20 Un","1259.00","1289.00"
22505,"Te de Tilo en Saquitos Morenita 20 Un","1619.00","1799.00"
22506,"Tomate Perita Cubeteado en Lata Arcor 400 Gr","1275.00","1288.00"
22507,"Te Clasico En Saquitos Morenita 25 Un","729.00","887.00"
22508,"Oregano sin TACC Alicante 25 Gr","1100.00","1105.00"
22509,"Gelatina en Polvo Cereza Mogul 25 Gr","859.00","979.00"
22510,"Fideo Tallarin al Huevo 308 500 Gr","2095.00","2095.40"
22511,"Atun en Lomitos al Natural Carrefour 354 Gr","4690.00","4690.00"
22512,"Yerba Mate con Palo Sublime Pipore 500 Gr","2092.80","2649.00"
22513,"Mermelada de Ciruela Carrefour 454 Gr","1990.00","1990.00"
22514,"Fideos Mostachol Arcor 500 Gr","1350.00","1682.00"
22515,"Tostada de Arroz Dos Hermanos 120 Gr","889.00","980.99"
22516,"Soja Secas Remojadas Inalpa 300 Gr","599.00","924.00"
22517,"Vinagre de Manzana Dos Anclas 1 Lt","2784.00","2900.00"
22518,"Alfajor de Arroz con Mouse Marroc Vauquita 28 Gr","619.00","1010.00"
22519,"Gomitas Ositos Acidos Yummy 150 Gr","1596.99","2556.00"
22520,"Arroz Preparado sabor Tomatado Lucchetti 240 Gr","1700.00","1829.00"
22521,"Oblea de Arroz con Chocolate Gallo 6 Un 20 Gr","3530.00","3705.00"
22522,"Barras de Cereales con Yogur Sabor Frutilla Carrefour 3 Un","1490.00","1490.00"
22523,"Soja Secas Remojadas Inalpa 300 Gr","599.00","924.00"
22524,"Tabletas de Chocolate Relleno Dulce de Leche Carrefour 80 Gr","1690.00","1690.00"
22525,"Oregano sin TACC Alicante 25 Gr","1100.00","1105.00"
22526,"Alfajor de Arroz con Mouse Marroc Vauquita 28 Gr","619.00","1010.00"
22527,"Gelatina en Polvo Cereza Mogul 25 Gr","859.00","979.00"
22528,"Gomitas Eucaliptus Mogul 50 Gr","930.99","1140.00"
22529,"Fideos Mostachol Arcor 500 Gr","1350.00","1682.00"
22530,"Fideos Tallarines Carrefour 500 Gr","1350.00","1350.00"
22531,"Yerba Mate con Palo Sublime Pipore 500 Gr","2092.80","2649.00"
22532,"Cafe en Capsulas Blen Tipo Italiano Morenita 10 Un","6365.00","8349.00"
23521,"Galleta Marina 150 Gr","1790.00","1790.00"
22533,"Cafe Molido Tostado Prestige Cabrales 250 Gr","11445.00","11445.00"
22534,"Gallitas Cereales con Acena Bagley 155 Gr","905.00","1059.00"
22535,"Caldo de Verduras Maggi 6 Un 57 Gr","712.15","750.00"
22536,"Fideos Mostachol Rayado Carrefour Classic 500 Gr","1190.00","1190.00"
22537,"Te Clasico En Saquitos Morenita 25 Un","729.00","887.00"
22538,"Tableta Chocolate con Leche y Mani Arcor 95 Gr","2519.00","2570.99"
22539,"Papas Fritas Corte Americano Krachitos 55 Gr","1350.00","1399.00"
22540,"Te Verde en Saquitos Chai Inti Zen 30 Gr","4184.00","4250.00"
22541,"Gomitas Ositos Acidos Yummy 150 Gr","1596.99","2556.00"
22542,"Vinagre de Manzana Dos Anclas 1 Lt","2784.00","2900.00"
22543,"Galletitas Mix de Cereales Hogareñas 555 Gr","2567.00","2674.00"
22544,"Aceitunas Negras Vanoli 100 Gr","978.24","1190.00"
22545,"Mermelada de Ciruela Carrefour 454 Gr","1990.00","1990.00"
22546,"Aceto Balsamico Reduccion Casalta 250 Ml","4137.21","4378.00"
22547,"Tapitas para Alfajor Fantoche 350 Gr","1994.99","2450.00"
22548,"Aderezo a Base de Queso Reggianito Rallado 40 Gr","630.00","630.00"
22549,"Salsa Chimichurri Botella Casalta 310 Gr","3008.27","3852.00"
22550,"Aceite de Oliva Clasico Oliovita 250 Ml","7679.04","10179.00"
22551,"Ravioles Pollo y Verdura La Salteña 450 Gr","2400.00","2469.00"
22552,"Cafe Instantaneo Descafeinado Kalma 170 Gr","7779.00","8339.00"
22553,"Te Hierbas Naturales en Saquitos Morenita 20 Un","1259.00","1289.00"
22554,"Granas Multicolores La Parmesana 50 Gr","288.56","729.00"
22555,"Te en Saquitos Chai Canela Especias Saint Gottard 20 Un","3995.00","4795.00"
22556,"Aji Molido 50 Gr","1040.00","1040.00"
22557,"Cafe en Capsulas Intenso Lungo Cafe Martinez Caja 10 Un","7530.00","7843.00"
22558,"Vinagre de Alcohol Marolio 1 Lt","996.00","1037.00"
22559,"Pure de Papas Chef Maggi 100 Gr","1631.00","1699.00"
22560,"Galletitas Palmeritas Don Raul 200 Gr","1905.00","1905.00"
22561,"Caballa al Natural Marbella 425 Gr","2399.04","2499.00"
22562,"Budin Limon y Naranja Artesanal con Baño de Azucar 280 Gr","4790.00","4790.00"
22563,"Maiz Pisado Blanco 500 Gr","2650.00","2650.00"
22564,"Cafe Intendo en Capsulas Carrefour Selection 20 Un","10990.00","10990.00"
22565,"Poroto Negro La Abadia 500 Gr","2399.00","2399.00"
22566,"Bocadito Menta Bañado Chocolate Bonafide 18 Gr","968.00","968.00"
22567,"Aceitunas Verdes Clasicas Castell Pou 170 Gr","1023.57","1066.22"
22568,"Cafe en Capsulas Au Lait NesCafe Dolce Gusto 16 Un 160 Gr","16249.00","16899.00"
22569,"Mani Tostado Pelado Croppers 105 Gr","1098.00","1099.00"
22570,"Suplemento Nutricional en Polvo sin Sabor Boost Powder 740 Gr","47800.00","47800.00"
22571,"Gomitas Tutti Frutti Mogul Bolsa 50 Gr","775.00","930.99"
22572,"Calamares en Aceite Marbella 170 Gr","1919.04","1999.00"
22573,"Tostaditas Light Breviss 200 Gr","1439.00","1499.00"
22574,"Polvo para Preparar Bizcochuelo Vainilla Caja Godet 480 Gr","2495.00","2599.00"
22575,"Polvo para Preparar Flan de Vainilla Light Royal 16 Gr","1079.00","1079.00"
22576,"Chicles Sabor Menta Doublemint Wrigleys 5 Un","1570.00","1585.00"
22577,"Mani Salado Frito Croppers 800 Gr","9908.99","9909.00"
22578,"Mani sabor Panceta Croppers 85 Gr","919.00","922.49"
22579,"Pate Clasico Bocatti 90 Gr","1471.00","1532.00"
22580,"Lentejas Secas Remojadas Tarragona 340 Gr","968.64","1009.00"
22581,"Fideos Fusilli 34 Semola Paese 500 Gr","6528.00","6800.00"
22582,"Chocolate Leche y Mani Arcor 25 Gr","920.00","920.00"
22583,"Saborizador para Pescados Dos Anclas 25 Gr","662.00","750.00"
22584,"Te en Saquitos Tilo Taragui 10 Un","906.16","943.92"
22585,"Coquitos 180 Gr","5445.00","5445.00"
22586,"Chocolate Leche y Man Vizzio 35 Gr","1050.00","1050.00"
22587,"Aceite Rocio Vegetal Clasico Aerosol Cocinero 120 Gr","1613.00","1680.00"
22588,"Crema de Avellanas con Cacao Carrefour 350 Gr","3590.00","3590.00"
22589,"Galletitas Mini Sandwich Carrefour 300 Gr","1080.00","1080.00"
22590,"Polenta Premium La Española 1 Kg","1055.04","1099.00"
22591,"Nachos sabor Queso Doritos 200 Gr","5329.00","5329.00"
22592,"Galletitas de Avena Coco y Chips Sabores De La Vida Gaona 100 Gr","880.00","880.00"
22593,"Alfajor Mini Chocolate Alfa Pampa 10 Un","6511.00","6782.00"
22594,"Porotos Alubia La Española 400 Gr","2360.64","2459.00"
22595,"Cafe Instantaneo Clasico Doypack La Virginia 10 Un 100 Gr","3400.00","3400.00"
22596,"Mix Desayuno 40 Gr","790.00","790.00"
22597,"Aceitunas Rellenas con Morron en Salmuera Nucete 330 Gr","2663.00","3329.00"
22598,"Tostadas sin Sal Tosti 140 Gr","929.00","929.00"
22599,"Aji Triturado La Campagnola 48 Gr","1046.00","1089.00"
22600,"Cebada Tostada Instantanea Doypack Carrefour Classic 100 Gr","1350.00","1350.00"
22601,"Pure de Papas Carrefour 200 Gr","2490.00","2490.00"
22602,"Fideos Creste Di Gallo Paese Dei Sapori 500 Gr","6528.00","6800.00"
22603,"Aceite de Maiz Lira 900 Ml","4512.00","4700.00"
22604,"Polvo para Preparar Bizcochuelo Chocolate Godet 480 Gr","2879.00","2999.00"
22605,"Azucar Bajas Calorias Chango 500 Gr","1679.04","1749.00"
22606,"Budin Limon y Naranja Artesanal con Baño de Azucar 280 Gr","4790.00","4790.00"
22607,"Vainillas sin TACC Santa Maria 180 Gr","3300.00","3300.00"
22608,"Barras de Cereales con Manzana Carrefour 6 Un","2950.00","2950.00"
22609,"Cafe en Capsulas Intenso Lungo Cafe Martinez Caja 10 Un","7530.00","7843.00"
22610,"Avena Extra Fina Quaker 500 Gr","3219.00","3222.00"
22611,"Pure de Papas Chef Maggi 100 Gr","1631.00","1699.00"
22612,"Condimento para Pizza Reina Mora 25 Gr","520.61","542.30"
22613,"Sal Fina Light en Salero Carrefour 250 Gr","3590.00","3590.00"
22614,"Edulcorante con Stevia en Sobres Tuy 50 Un","2753.00","2753.00"
22615,"Conitos Cachafaz 1 Un","565.00","580.00"
22616,"Sal Marina Fina Gellsingh 160 Gr","2900.00","2900.00"
22617,"Ketchup La Parmesana 300 Gr","2699.00","2699.00"
22618,"Sal Entrefina en Salero Celusal 1 Kg","4092.00","4262.00"
22619,"Te en Saquitos English Breakfast Ensobrados Green Hills 20 Un","2404.41","2504.59"
22620,"Mani Repelado y Saladox 150 Gr","1490.00","1490.00"
22621,"Estragon Alicante 10 Gr","258.12","268.92"
22622,"Dulce de Frambuesa con Chia Patagonia Berries 352 Gr","2804.76","2920.32"
22623,"Cafe Instantaneo Original Frasco Dolca 50 Gr","4840.00","4840.00"
22624,"Fideos Fusilli de Maiz y Arroz sin TACC Wakas 250 Gr","2241.00","2335.00"
22625,"Caramelos Frutales Rodajas Crazy Arcor 465 Gr","6431.00","6699.00"
22626,"Vitalmix Energia El Mercado 250 Gr","3000.00","3000.00"
22627,"Tallarines al Huevo Don Felipe 500 Gr","460.08","460.08"
22628,"Alfajores Bañando de Chocolate Blanco Cachafaz 360 Gr","9899.00","9899.00"
22629,"Aceitunas Verdes Clasicas Castell Pou 170 Gr","1023.57","1066.22"
22630,"Bocadito Menta Bañado Chocolate Bonafide 18 Gr","968.00","968.00"
22631,"Fideos Tirabuzon sin Tacc Gallo 500 Gr","2716.80","2830.00"
22632,"Polvo para Preparar Bizcochuelo Vainilla Royal 500 Gr","3279.00","3279.00"
22633,"Cafe en Capsulas Au Lait NesCafe Dolce Gusto 16 Un 160 Gr","16249.00","16899.00"
22634,"Anillos de Miel Smams 150 Gr","2529.00","2529.00"
22635,"Mayonesa Heinz Light Dp 200 Gr","1250.00","1250.00"
22636,"Snacks Cross Saladix 30 Gr","691.00","719.00"
22637,"Polvo para Preparar Bizcochuelo Vainilla Caja Godet 480 Gr","2495.00","2599.00"
22638,"Salsa Pomarola Rina Matarazzo 340 Gr","4950.00","4999.00"
22639,"Mani Salado Frito Croppers 800 Gr","9908.99","9909.00"
22640,"Galletitas con Chips Chocolate sin TACC Mechaditos Santa Maria 200 Gr","1800.00","1800.00"
22641,"Nachos sabor Queso Doritos 200 Gr","5329.00","5329.00"
22642,"Mermelada Damasco Noel 454 Gr","2193.29","2284.68"
22643,"Cafe Molido Verona Starbucks 250 Gr","19590.00","19590.00"
22644,"Pasta de Avellana Regular Great Value 400 Gr","680.40","680.40"
22645,"Fideos Fusilli 34 Semola Paese 500 Gr","6528.00","6800.00"
22646,"Nachos Originales Macritas 250 Gr","3100.00","3100.00"
22647,"Miel Cremosa Terra Argentina 500 Gr","4926.79","5132.07"
22648,"Lentejas Secas Remojadas Tarragona 340 Gr","968.64","1009.00"
22649,"Aceitunas Verdes Rellenas Vanoli 100 Gr","1208.64","1259.00"
22650,"Saborizador para Pescados Dos Anclas 25 Gr","662.00","750.00"
22651,"Calamares en Aceite Marbella 170 Gr","1919.04","1999.00"
22652,"Budin Europeo con Relleno de Frutilla Etiqueta Negra 350 Gr","5190.00","5190.00"
22653,"Coquitos 180 Gr","5445.00","5445.00"
22654,"Polvo para Preparar Postre Vainilla Royal Ligth 43 Gr","1065.00","1109.00"
22655,"Galletitas Pepas con Mermelada de Membrillo Kapac 200 Gr","2400.00","2400.00"
22656,"Endulzante Clasico 0 Calorias en Sobres 100 Un","3673.00","3673.00"
22657,"Polenta Premium La Española 1 Kg","1055.04","1099.00"
22658,"Chocolate Blanco con Relleno de Galletitas Cofler 55 Gr","2150.00","2230.00"
22659,"Alfajor Chocolate sin TACC Yuka 6 Un","4483.00","4996.00"
22660,"Galletitas Scones con Fruta Seca Deubel 180 Gr","3350.00","3350.00"
22661,"Galletitas Cereales con Avena Bagley 3 Un 155 Gr","2399.00","2674.00"
22662,"Chocolate Leche y Mani Arcor 25 Gr","920.00","920.00"
22663,"Galletitas 10 Semillas Molino Natural Okebon 231 Gr","1339.00","1409.00"
22664,"Suplemento Dietario Vainilla Ensure Advance 220 Ml","9406.50","9406.50"
22665,"Barras de Cereales con Chocolate y Coco Carrefour 6 Un","2950.00","2950.00"
22666,"Aceite de Girasol Natura 3 Lt","5856.00","6100.00"
22667,"Fideos Tallarin La Providencia 500 Gr","959.00","999.00"
22668,"Yerba Mate Seleccion Especial Rosamonte 1 Kg","4415.04","4599.00"
22669,"Te en Saquitos Ensobrados Manzanilla Silvestre Taragui 25 Un","1226.88","1278.00"
22670,"Yerba Mate con Palo Pomelo Cbse 500 Gr","1589.00","1590.00"
22671,"Te en Saquitos Vainilla Patagonia 20 Un","2207.04","2299.00"
22672,"Caramelos Frutilla Flynn Paff 128 Gr","1849.99","1850.00"
22673,"Galletitas de Avena Coco y Chips Sabores De La Vida Gaona 100 Gr","880.00","880.00"
22674,"Tomate Pelado Perita en Lata La Campagnola 400 Gr","1280.39","1333.74"
22675,"Mermelada de Naranja Dulcor 454 Gr","2200.00","2200.00"
22676,"Mix Frutas Secas Mani Pasas y Almendras Doypack Finca Blanca 100 Gr","1290.00","1290.00"
22677,"Salsa Chocolate La Parmesana 300 Gr","2519.00","2596.00"
22678,"Fideos Secos Fusilli Bonalma 500 Gr","2879.04","2999.00"
22679,"Barras de Cereales con Chocolate y Coco Carrefour 3 Un","1490.00","1490.00"
22680,"Premezcla para Bizcochuelo de Chocolate sin TACC Arcor 400 Gr","3659.00","3659.00"
22681,"Chocolate sin Azucar Georgalos 70 Gr","3550.00","3550.00"
22682,"Almidon de Maiz Egran 500 Gr","1353.00","1409.00"
22683,"Aji Molido Dos Anclas 25 Gr","651.84","679.00"
22684,"Snacks Jamon y Queso Saladix 80 Gr","1800.00","1830.00"
22685,"Mani con Cascara 200 Gr","1390.00","1390.00"
22686,"Edulcorante Liquido con Sucralosa sin TACC Carrefour 500 Ml","3590.00","3590.00"
22687,"Galletas Marineras con Semillas Don Pancho 220 Gr","1169.00","1389.00"
22688,"Cafe Instantaneo Tradicion Doypack Nescafe 150 Gr","8300.02","8645.85"
22689,"Cafe en Capsulas Au Lait NesCafe Dolce Gusto 16 Un 160 Gr","16249.00","16899.00"
22690,"Te en Saquitos Ensobrados Internacional Clasico Taragui 50 Un","3699.00","3702.00"
22691,"Galletitas con Avellanas + Chips Carrefour Mcereal 100 Gr","839.00","839.00"
22692,"Anillos de Miel Smams 150 Gr","2529.00","2529.00"
22693,"Caramelos Starbust 36 Un","2450.00","2450.00"
22694,"Aceitunas Verdes Clasicas Castell Pou 170 Gr","1023.57","1066.22"
22695,"Chocolate Biznikke Nevado 28 Gr","1000.00","1000.00"
22696,"Mani sabor Panceta Croppers 85 Gr","919.00","922.49"
22697,"Polvo para Preparar Brownies Emeth 425 Gr","2879.00","2999.00"
22698,"Aceite de Oliva en Aerosol Lira 120 Gr","1128.60","1164.24"
22699,"Suplemento Nutricional en Polvo sin Sabor Boost Powder 740 Gr","47800.00","47800.00"
22700,"Bocadito Menta Bañado Chocolate Bonafide 18 Gr","968.00","968.00"
22701,"Galletitas Saladas Tipo Snacks Rex 75 Gr","819.00","856.99"
22702,"Tableta Chocolate con Almendras Vizzio 35 Gr","1440.00","1440.00"
22703,"Almendras Peladas 50 Gr","2160.00","2160.00"
22704,"Polvo para Preparar Helado Vainilla Exquisita 52 Gr","186.84","195.48"
22705,"Mani Salado Frito Croppers 800 Gr","9908.99","9909.00"
22706,"Chocolate Sapito 10 Gr","287.00","299.00"
22707,"Mix Crocante 1 Un","2690.00","2690.00"
22708,"Leche en Polvo Etapa 3 Lata Nido 800 Gr","9615.00","10809.00"
22709,"Edulcotante Sweet en Sobres Hileret 50 Un","880.20","916.92"
22710,"Aji Molido Reina Mora 25 Gr","486.41","506.68"
22711,"Torta con Chips de Chocolate 8 Vitaminas en Polvo Exquisita 540 Gr","3953.28","4118.00"
22712,"Champignones en Trozos Carrefour 400 Gr","3190.00","3190.00"
22713,"Condimento para Arroz Sobre La Campagnola 25 Gr","508.00","529.00"
22714,"Oblea Naranja Chocolate Sinfonia 100 Gr","700.00","700.00"
22715,"Mani con Chocolate Misky 100 Gr","4490.00","4490.00"
22716,"Suplemento Nutricional Chocolate Ensure Plus 220 Ml","10156.00","10156.00"
22717,"Barra de Arroz con Baño de Chocolate Chocobar Gallo Snacks 20 Gr","865.00","890.00"
22718,"Caramelos Masticables Sabor Anana Sugus 19.8 Gr","510.00","510.00"
22719,"Galletitas Pepas Bañadas con Chocolate Trio Trichoc 300 Gr","1439.00","1499.00"
22720,"Tomate Triturado Botella Carrefour 970 Gr","2090.00","2090.00"
22721,"Pate de Foie en Lata La Blanca 90 Gr","673.16","701.21"
22722,"Aceitunas Negras en Salmuera Nucete 100 Gr","793.00","826.00"
22723,"Aceite de Girasol Natura 3 Lt","5856.00","6100.00"
22724,"Chocolate Swiss Classic Milk Lindt 100 Gr","9350.00","9350.00"
22725,"Galletitas de Avena Coco Chips y Dulce de Leche Gaona 186 Gr","1450.00","1450.00"
22726,"Galletas de Arroz Fortificadas sin TACC Nani 120 Gr","936.96","976.00"
22727,"Te en Saquitos Ensobrados Mezcla Hierbas Diges Saint Gottard 20 Un","1970.00","2365.00"
22728,"Tableta de Chocolate con Almendras Vizzio 165 Gr","4607.00","4799.00"
22729,"Pan de Panchos 6 Un","1390.00","1390.00"
22730,"Mix de Frutos Secos Salado Frasco Beepure 190 Gr","4350.00","4350.00"
22731,"Alfajor Mini Torta Aguila 72 Gr","170.00","175.00"
22732,"Fideos Coditos Rivoli 500 Gr","959.04","999.00"
22733,"Grisines Clasicos Tosti 100 Gr","1050.00","1050.00"
22734,"Galletitas de Arroz Sabor Queso sin TACC Crisppino Minis 50 Gr","900.00","900.00"
22735,"Yerba Mate Seleccion Especial Rosamonte 1 Kg","4415.04","4599.00"
22736,"Caramelos Duros Menta Lyptus Halls Free 28 Gr","1035.00","1065.00"
22737,"Garbanzos Gourmet La Española 500 Gr","1343.04","1399.00"
22738,"Polvo para Preparar Bizcochuelo Marmolado Caja Godet 500 Gr","2939.00","2999.00"
22739,"Mix Crocante 40 Gr","790.00","790.00"
22740,"Galletitas de Avena Coco y Chips Sabores De La Vida Gaona 100 Gr","880.00","880.00"
22741,"Te en Saquitos Ensobrados Manzanilla Silvestre Taragui 25 Un","1226.88","1278.00"
22742,"Arroz Integral sin TACC Cormillot Molinos Ala 1 Kg","3200.00","3200.00"
22743,"Galletas de Arroz Mini Sabor Oliva Crisppino 50 Gr","900.00","900.00"
22744,"Tomate Triturado Cialpil 970 Gr","1539.00","2379.00"
22745,"Lentejas La Española 400 Gr","1247.04","1299.00"
22746,"Gelatina Cereza Royal 40 Gr","289.44","300.24"
22747,"Granola Crocante Frutos Rojos Granix 350 Gr","2774.00","2889.00"
22748,"Alfajor Frutilla Chocoarroz 6 Un","4176.00","4669.00"
22749,"Anillos de Miel Smams 150 Gr","2529.00","2529.00"
22750,"Saborizador para Carne Alicante 4 Un","915.00","1091.00"
22751,"Yerba Mate en Saquitos La Tranquera 25 Un","855.00","855.00"
22752,"Te en Saquitos English Breakfast Ensobrados Green Hills 20 Un","2404.41","2504.59"
22753,"Salsa Filetto Tetrabrik Marolio 200 Gr","869.30","905.52"
22754,"Yerba Mate Liviana Extra Suave La Tranquera 500 Gr","1689.00","1700.00"
22755,"Pure de Papas sabor 4 Quesos Maggi 100 Gr","866.16","902.88"
22756,"Mermelada de Durazno Light Carrefour 390 Gr","1990.00","1990.00"
22757,"Tableta Chocolate Blanco + Chips de Galletitas Hersheys Cookies Creme 20 Gr","999.00","999.00"
22758,"Choclo Amarillo Cremoso Lata Inalpa 300 Gr","767.00","799.00"
22759,"Atun en Aceite Desmenuzado 1 Un","246.89","246.89"
22760,"Perejil Deshidratado 50 Gr","960.00","960.00"
22761,"Galletitas Crackers con Espinaca Paseo 150 Gr","791.00","824.00"
22762,"Tableta de Chocolate con Leche Georgalos 25 Gr","595.00","595.00"
22763,"Galletitas con Relleno de Chocolate Carrefour 291 Gr","1990.00","1990.00"
22764,"Bocadito de Chocolate Cabsha 48 Un","21273.00","21273.00"
22765,"Copos de Maiz Azucarados Zucaritas 490 Gr","3535.00","3535.00"
22766,"Arroz Organico Largo Fino 00000 Dos Hermanos 500 Gr","3050.00","3050.00"
22767,"Trigo Candeal Pelado La Española 500 Gr","1052.06","1095.90"
22768,"Alfajor Chocolate Mousse Caja Milka 252 Gr","4829.00","5069.99"
22769,"Arroz Doble Carolina Molinos Ala 500 Gr","2609.00","2669.00"
22770,"Grisines con Salvado Carrefour 400 Gr","3690.00","3690.00"
22771,"Curry La Parmesana 20 Gr","683.00","683.00"
22772,"Yerba Mate Sabor Naranja Adelgamate 500 Gr","2337.00","2339.00"
22773,"Barra de Arroz con Baño de Chocolate Chocobar Gallo Snacks 20 Gr","865.00","890.00"
22774,"Comprimidos Vainilla Pediasure 400 Gr","31272.50","31272.50"
22775,"Chupetin sabor Naranja Tira Crazy Pop 1 Un","928.00","928.00"
22776,"Torta con Chips de Chocolate 8 Vitaminas en Polvo Exquisita 540 Gr","3953.28","4118.00"
22777,"Suplemento Nutricional Chocolate Ensure Plus 220 Ml","10156.00","10156.00"
22778,"Caramelos Palitos De La Selva 2020 660 Gr","5119.00","5169.00"
22779,"Bicarbonato de Sodio Dos Anclas 25 Gr","508.00","529.00"
22780,"Snacks Cross Original Saladix 67 Gr","879.00","1113.99"
22781,"Vainillas Valente 148 Gr","1545.00","1545.00"
22782,"Mani con Chocolate Misky 100 Gr","4490.00","4490.00"
22783,"Suplemento Dietario Advance Chocolate Ensure 400 Gr","43001.50","43001.50"
22784,"Chocolate Rama Blanco Los Carolinos 1 Un","4690.00","4690.00"
22785,"Fideos Fusilli Rina Matarazzo 500 Gr","1999.00","1999.00"
22786,"Tableta de Chocolate con Mani Vizzio 165 Gr","3090.00","3090.00"
22787,"Galletitas Snack Crisppino Mini Crema y Ciboulette 50 Gr","900.00","900.00"
22788,"Mix Desayuno 300 Gr","4899.00","4899.00"
22789,"Harina Leudante sin Sal Pureza 1 Kg","1449.00","1449.00"
22790,"Pan de Panchos 6 Un","1390.00","1390.00"
22791,"Papas Fritas Jamon Serrano Lays 122 Gr","3849.00","3849.00"
22792,"Jamon Del Diablo en Lata Swift 88 Gr","1145.43","1193.16"
22793,"Edulcorante Liquido con Sucralosa Sucaryl 180 Ml","4238.00","4238.00"
22794,"Galletitas Organicas Avena Miel Cachafaz 170 Gr","1709.00","2450.00"
22795,"Galletitas Sabor Vainilla con Relleno de Vainilla Dale 81 Gr","595.00","595.00"
22796,"Mini Tosaditas sabor Queso Twistos 100 Gr","2835.00","2840.00"
22797,"Aceite de Girasol Natura 3 Lt","5856.00","6100.00"
22798,"Polvo Bizcochuelo Chocolate sin TACC Carrefour 480 Gr","6190.00","6190.00"
22799,"Chicles Infinit Spearm Beldent 14 Un","1880.00","1880.00"
22800,"Mani con Cascara King 175 Gr","1125.00","1450.00"
22801,"Alfajor de Mani con Chocolate Felices las Vacas","1300.00","1300.00"
22802,"Mermelada de Damasco Light Carrefour 390 Gr","1990.00","1990.00"
22803,"Te en Saquitos Ensobrados Manzanilla Silvestre Taragui 25 Un","1226.88","1278.00"
22804,"Polvorones Sabor Vainilla sin TACC Smams 120 Gr","1350.00","1350.00"
22805,"Vainillas Valente 74 Gr","869.00","900.00"
22806,"Galletitas Pepas 9 de Oro 200 Gr","1400.00","1420.00"
23526,"Semillas de Chia 100 Gr","1200.00","1200.00"
22807,"Yerba Mate Seleccion Especial Rosamonte 1 Kg","4415.04","4599.00"
22808,"Fideos Tallarin Arcor 500 Gr","1508.31","1571.16"
22809,"Alfajor de Arroz Frutilla Bañado Chocolate Chocoarroz 22 Gr","575.00","599.00"
22810,"Semillas de Girasol Crudas Peladas Pipas 180 Gr","1800.00","1800.00"
22811,"Avellanas con Chocolate Alfa Pampa 100 Gr","6434.00","6702.00"
22812,"Aceite de Oliva Virgen Extra Clasico Natura 500 Ml","1759.32","1813.32"
22813,"Pepitas Artesanales Dulce de Leche 1 Kg","2490.00","2490.00"
22814,"Fideos Guiseros Chicago 500 Gr","911.04","949.00"
22815,"Saborizador y Bolsa para Horno Pimenton Alicante 30 Gr","2233.30","2235.00"
22816,"Semillas de Girasol sin Sal Peladas Pipas 180 Gr","1800.00","1800.00"
22817,"Aceite de Coco Frasco Entre Nuts 360 Ml","6400.00","6400.00"
22818,"Tallarin al Morron La Bianca 500 Gr","1332.82","1332.82"
22819,"Galletitas Arroz sin TACC Sabor Jamon Crisppino 100 Gr","1600.00","1600.00"
22820,"Mermelada Arandano Chia Carrefour Organico 260 Gr","6290.00","6290.00"
22821,"Fideos Penne Rigate Mix Legumbres Matarazzo 500 Gr","708.48","736.56"
22822,"Caramelos Sabor Menta Halls Free 20 Gr","1120.00","1135.00"
22823,"Gelatina en Polvo Uva Sobre Mogul 25 Gr","909.00","949.00"
22824,"Pastillas Corazoncitos Dorin 25 Gr","138.24","141.48"
22825,"Pate de Foie en Lata Safra 90 Gr","525.70","547.60"
22826,"Arroz Aromatico Estuche Dos Hermanos 500 Gr","2804.52","2921.38"
22827,"Alfajor Maizena con Dulce de Leche Bandeja Alfa Pampa 6 Un","2627.00","2999.00"
22828,"Te en Saquitos Limon Miel Jengibre Taragui 20 Un","1510.00","1510.00"
22829,"Barra de Avena Cacao Chocolate Integra 40 Gr","1155.00","1155.00"
22830,"Salsa de Tomate Tipo Italiana Arcor 340 Gr","809.00","945.00"
22831,"Jugo de Limon Molto 500 Cc","1411.00","1470.00"
22832,"Almohaditas Rellenas de Membrillo Barritas 160 Gr","889.00","1039.00"
22833,"Pastillas Limon DRF 23 Gr","335.00","349.00"
22834,"Pure de Tomate Molto 520 Gr","1045.44","1089.00"
22835,"Alimento Proteico en Polvo Neutro en Lata Fortisip Max 350 Gr","28135.50","28135.50"
22836,"Caramelos Rellenos de Miel Arcor 675 Gr","8639.00","8999.00"
22837,"Pimenton Dulce Seleccionado La Campagnola 23 Gr","609.00","609.00"
22838,"Cafe en Capsulas Espresso Caja Cabrales 12 Un","9738.24","10144.00"
22839,"Harina de Trigo para Pizzas Caserita 1 Kg","1329.00","1329.00"
22840,"Edulcorante Liquido Krew 500 Cc","3071.04","3199.00"
22841,"Arvejas Verdes Medianas sin TACC Bonduelle 200 Gr","108.00","2669.00"
22842,"Alfajor Chocolate Negro Carrefour 6 Un 50 Gr","2590.00","2590.00"
22843,"Provenzal Alicante 25 Gr","949.00","949.00"
22844,"Harina 000 con Vitamina B6 y B12 Blancaflor 1 Kg","859.20","895.00"
22845,"Fideos Cinta Fetuccini Don Vicente 500 Gr","2304.00","2400.00"
22846,"Yerba Mate Suave Plus Rosamonte 1 Kg","3839.04","4279.00"
22847,"Galletitas de Hojaldre Larguita Mafalda 150 Gr","1379.99","1419.00"
22848,"Adobo para Pizza Dos Anclas 25 Gr","912.00","950.00"
22849,"Mix Europa Sanjuanita 500 Gr","10340.00","10340.00"
22850,"Chocolate con Leche Cofler 55 Gr","2785.00","2840.00"
22851,"Edulzante Clasico en Sobres Sucaryl 80 Un","831.60","866.16"
22852,"Suplemento Nutricional Bebible Vainilla Boost 200 Ml","7788.00","7788.00"
22853,"Galletitas Scones con Frutas 180 Gr","3505.00","3505.00"
22854,"Galletitas Dulces con Chips Dale 105 Gr","984.00","1025.00"
22855,"Pasas de Uva Rubia Sultanina 200 Gr","3690.00","3690.00"
22856,"Aceite Mezcla Girasol y Oliva Cocinero 900 Cc","3709.00","3709.00"
22857,"Miel de Abeja Untamble Frasco Aleluya 500 Gr","5295.00","5766.00"
22858,"Mix Saladito Sanjuanita 500 Gr","6900.00","6900.00"
22859,"Semola Tradicional Carrefour 400 Gr","1790.00","1790.00"
22860,"Premezcla para Preparar Pan de Queso Bio 225 Gr","3258.72","3394.50"
22861,"Cafe Cappuccino Light Doypack La Plata 110 Gr","2575.00","3494.40"
22862,"Mini Tostaditas Sabor Jamon Iberico Twistos 100 Gr","2835.00","2840.00"
22863,"Vitalmix Equilibrio El Mercado 250 Gr","2700.00","2700.00"
22864,"Tableta Chocolate Bonafide 100 Gr","3052.00","3179.00"
22865,"Dulce Frutilla Light Patagonia Berries 265 Gr","2926.80","3047.76"
22866,"Caramelos Masticables Pico Dulce 500 Gr","4650.00","4650.00"
22867,"Galletitas con Semillas de Trigo Partido Naturalmente Granix 185 Gr","1007.00","1049.00"
22868,"Mermelada Naranja Noel 454 Gr","2193.29","2284.68"
22869,"Te Verde en Saquitos Ensobrados Menta Miel Saint Gottard 20 Un","2375.00","2850.00"
22870,"Leche en Polvo Entera Fortificada Santa Clara 400 Gr","4050.00","4050.00"
22871,"Atun Desmenuzado al Aceite Aliada 170 Gr","959.04","999.00"
22872,"Caramelo Leche Buttern Cream 810 Gr","11519.00","14089.00"
22873,"Ketchup Natura 500 Gr","2099.00","2351.00"
22874,"Mini Crackers Mix de Cereales Paseo 300 Gr","1300.00","1499.99"
22875,"Caramelos en Rollo Frutilla Billiken 20 Gr","426.00","426.00"
22876,"Picadillo de Carne en Lata La Blanca 90 Gr","671.55","699.53"
22877,"Galletita Arroz sin TACC Sabor Queso Crisppino 100 Gr","1600.00","1600.00"
22878,"Biscuits en Caja Soriano 50 Un 25 Gr","475.00","475.00"
22879,"Galletitas Dulces Pepas Trio 320 Gr","1575.00","1649.00"
22880,"Tostadas Light 200 Gr","1890.00","1890.00"
22881,"Mermelada Damasco La Campagnola 454 Gr","2300.00","2300.00"
22882,"Mermelada Damasco Light Arcor 390 Gr","2075.00","2139.00"
22883,"Arroz para Risotto 1 Un","2670.00","2670.00"
22884,"Acelga Cortada La Banda 350 Gr","1247.04","1299.00"
22885,"Fideos Seos Spaguetti Rina Matarazzo 500 Gr","1999.00","1999.00"
22886,"Fideos Tirabuzon Mix de Vegetales Terrabusi 500 Gr","1165.00","1165.00"
22887,"Mani Tostado Pelado sin Sal Croppers 105 Gr","916.99","919.00"
22888,"Saborizador Albahaca y Ajo Alicante 4 Un","1219.00","1219.00"
22889,"Papas Fritas Clasicas Pehuamar 75 Gr","1609.99","1610.00"
22890,"Arroz Integral Lucchetti 1 Kg","3125.00","3125.00"
22891,"Barra de Semillas y Chocolate Integra 38 Gr","1260.00","1260.00"
22892,"Leche en Polvo Forti Glow Paquete Nido Nestle 400 Gr","1237.68","1237.68"
22893,"Tableta Vauquita Black 50 Gr","2040.00","2040.00"
22894,"Yerba Mate Naranja sin TACC Chamigo 500 Gr","1378.51","1435.95"
22895,"Aceite de Oliva con Albahaca La Toscana 250 Ml","11519.04","16051.00"
22896,"Tostadas de Arroz con Sal Lulemuu 120 Gr","1069.00","1069.00"
22897,"Esencia de Vainilla Reina Mora 110 Ml","1343.00","1399.00"
22898,"Gomitas Oso Extreme Mogul 200 Gr","2159.00","2249.00"
23621,"Tostadas de Mesa 200 Gr","1890.00","1890.00"
22899,"Salsa Barbacoa Hickory Tau 340 Gr","2967.11","3090.74"
22900,"Cafe Molido Torrado Cabrales La Planta 125 Gr","1910.00","2089.50"
22901,"Gomitas Extreme Oso Mogul 50 Gr","1140.00","1140.00"
22902,"Mix Desayuno Sanjuanita 500 Gr","9100.00","9100.00"
22903,"Polvo Para Hornear Reina Mora 50 Gr","959.00","999.00"
22904,"Palmeritas de Manteca 200 Gr","3490.00","3490.00"
22905,"Mate Cocido en Saquitos Ivoti Caa 25 Un","974.48","1015.08"
22906,"Comino Sobre La Campagnola 25 Gr","1449.00","1509.00"
22907,"Cacao en Polvo Dulce El Quilla 200 Gr","1199.00","1249.00"
22908,"Condimento para Empanadas 50 Gr","790.00","790.00"
22909,"Alfajor Blanco Bagley B&N 73.5 Gr","1100.00","1153.99"
22910,"Mix Especias Oriental Knorr 35 Gr","836.00","870.00"
22911,"Caramelo Masticable Confitado sabor Fruta Billiken 144 Un 50 Gr","1320.00","1320.00"
22912,"Chips Sabotizados Pizza Pack Familiar Gallo Snack 150 Gr","2725.00","2799.00"
22913,"Mentita Felfort 1 Un","680.00","680.00"
22914,"Cafe en Capsulas Clasico Carrefour 16 Un","11990.00","11990.00"
22915,"Fideos Fusilli Pureza 500 Gr","2623.00","2732.00"
22916,"Pastillas sabor Banana Mentitas Kids 26 Gr","441.00","459.00"
22917,"Caramelos Mentol Zero Menthoplus 26.6 Gr","767.00","799.00"
22918,"Mix Especias Finas Hierbas Knorr 20 Gr","836.00","870.00"
22919,"Edulcorante con Stevia en Sobres Tuy 100 Un","5069.00","5069.00"
22920,"Chicles Sandia y Menta 6.7 Gr","412.00","469.00"
22921,"Chocolate con Leche Suflair 50 Gr","1695.00","1745.00"
22922,"Aderezo Vegana sin TACC Pet Hellman's 340 Gr","2533.00","2638.00"
22923,"Pasa de Uva Pasablanca Morena Blancanuez 150 Gr","1890.00","1890.00"
22924,"Leche en Polvo Descremada Santa Clara 800 Gr","7465.00","7466.00"
22925,"Papas Fritas Original Tubo Check 150 Gr","3455.00","3599.00"
22926,"Tableta Chocolate Blanco con Mani Arcor 95 Gr","2449.00","2570.99"
22927,"Bombon Bañado con Chocoate Oreo Caja Milka 247 Gr","4389.00","5842.99"
22928,"Nuez Moscada Molida Alicante 25 Gr","2189.00","2189.00"
22929,"Gelatina Frutilla Exquisita 40 Gr","830.40","865.00"
22930,"Alfajor de Arroz Relleno Mousse de Dulce de Leche Vauquita 28 Gr","1010.00","1010.00"
22931,"Alfajor Triple Chocolate Blanco Relleno de Mousse Milka 55 Gr","1363.00","1419.00"
22932,"Pimenton Extra La Parmesana 50 Gr","792.00","825.00"
22933,"Budin Europeo Marmolado Etiqueta Negra 300 Gr","4790.00","4790.00"
22934,"Premezcla para Pizza Pan sin TACC Blancaflor 500 Gr","3811.20","3970.00"
22935,"Suplemento Nutricional Frutilla Ensure Plus 220 Ml","10156.00","10156.00"
22936,"Fideos Cinta Argentina Verde Rivoli 500 Gr","1391.04","1449.00"
22937,"Cafe Molido Tostado Colombia Cabrales 250 Gr","13939.20","16869.00"
22938,"Mix Saladito Pote Finca Blanca 150 Gr","1790.00","1790.00"
22939,"Cafe Tostado Molido Equilbrado Nescafe Gold 250 Gr","13739.00","14978.00"
22940,"Dulce de Frutilla con Chia Patagonia Berries 352 Gr","2804.76","2920.32"
22941,"Pastillas Comprimida Anis DRF 23 Gr","335.00","349.00"
22942,"Chocolate sin Azucar Georgalos 30 Gr","1905.00","1905.00"
22943,"Fideos de Semola Fettuccine Colavita 500 Gr","6047.00","6299.00"
22944,"Mix Nutritivo Pote Fincablanca 135 Gr","3290.00","3290.00"
22945,"Maiz Molido Blanco La Española 400 Gr","1525.44","1589.00"
22946,"Papas Fritas Clasicas Pehuamar 230 Gr","3700.00","4649.99"
22947,"Granola Pasas de Uva y Coco sin TACC Sturla 200 Gr","2389.00","2389.00"
22948,"Choclo Amarillo Entero Inalpa 300 Gr","1439.00","1499.00"
22949,"Bomboncito Dulce de Leche Cofler 200 Gr","5963.00","6211.00"
22950,"Sopa Criolla Vegetales Alicante 72 Gr","1379.00","1379.00"
22951,"Pulpa de Tomate La Campagnola 520 Gr","769.34","801.40"
22952,"Papas Fritas Acanaladas Pehuamar 245 Gr","4559.00","4559.00"
22953,"Sal Fina Dos Anclas 250 Gr","2035.00","2119.00"
22954,"Pure de Papas Carrefour 100 Gr","1290.00","1290.00"
22955,"Oblea Chocolate Gaona Sinfonia 50 Gr","383.00","439.00"
22956,"Te Tilo Hierbas en Saquitos La Virginia 25 Un","2469.00","2469.00"
22957,"Tostada Clasica Paseo 200 Gr","1459.00","1519.00"
22958,"Suplemento Nutricional Bebible Chocolate Boost 200 Ml","7788.00","7788.00"
22959,"Tableta de Chocolate con Leche Vizzio 90 Gr","1700.00","1700.00"
22960,"Aceto Balsamico Favinco 500 Ml","3571.95","3720.78"
22961,"Oblea Rellena Cubierta con Chocolate White Kit Kat 41 Gr","940.00","945.00"
22962,"Chicles Spearmint Wrigley's 42 Gr","3330.00","3330.00"
22963,"Galletitas Vainilla Rellenas Frutilla Polvorita 81 Gr","415.00","599.00"
22964,"Fideos Spaghetti Colavita 500 Gr","6047.00","6299.00"
22965,"Relleno Untable y Cubre Tortas 3 en 1 Aguila 290 Gr","3839.00","3999.00"
22966,"Scons Terrabusi 160 Gr","1126.00","1249.00"
22967,"Pastilla Sandia Manzana Bull Dog 30 Gr","666.00","666.00"
22968,"Fideos Tallarines Villa D Agri 500 Gr","1575.00","1849.00"
22969,"Papas Fritas Queso y Cebolla Lays 34 Gr","1490.00","1490.00"
22970,"Suplemento Senior en Polvo Vainilla Boost 370 Gr","25398.00","25398.00"
22971,"Polvorones Sabor Vainilla sin TACC Smams 120 Gr","1350.00","1350.00"
22972,"Mani con Cascara King 175 Gr","1125.00","1450.00"
22973,"Chicles Infinit Spearm Beldent 14 Un","1880.00","1880.00"
22974,"Galletitas Sabor Vainilla con Relleno de Vainilla Dale 81 Gr","595.00","595.00"
22975,"Papas Fritas Jamon Serrano Lays 122 Gr","3849.00","3849.00"
22976,"Galletitas Snack Crisppino Mini Crema y Ciboulette 50 Gr","900.00","900.00"
22977,"Chocolate Rama Blanco Los Carolinos 1 Un","4690.00","4690.00"
22978,"Suplemento Dietario Advance Chocolate Ensure 400 Gr","43001.50","43001.50"
22979,"Vainillas Valente 148 Gr","1545.00","1545.00"
22980,"Bicarbonato de Sodio Dos Anclas 25 Gr","508.00","529.00"
22981,"Curry La Parmesana 20 Gr","683.00","683.00"
22982,"Arroz Doble Carolina Molinos Ala 500 Gr","2609.00","2669.00"
22983,"Galletitas Crackers con Espinaca Paseo 150 Gr","791.00","824.00"
22984,"Tableta Chocolate Blanco + Chips de Galletitas Hersheys Cookies Creme 20 Gr","999.00","999.00"
22985,"Mermelada de Durazno Light Carrefour 390 Gr","1990.00","1990.00"
22986,"Pure de Papas sabor 4 Quesos Maggi 100 Gr","866.16","902.88"
22987,"Salsa Filetto Tetrabrik Marolio 200 Gr","869.30","905.52"
22988,"Alfajor Frutilla Chocoarroz 6 Un","4176.00","4669.00"
22989,"Gelatina Cereza Royal 40 Gr","289.44","300.24"
22990,"Arroz Integral sin TACC Cormillot Molinos Ala 1 Kg","3200.00","3200.00"
22991,"Mix Crocante 40 Gr","790.00","790.00"
22992,"Caramelos Duros Menta Lyptus Halls Free 28 Gr","1035.00","1065.00"
22993,"Grisines Clasicos Tosti 100 Gr","1050.00","1050.00"
22994,"Fideos Coditos Rivoli 500 Gr","959.04","999.00"
22995,"Mix de Frutos Secos Salado Frasco Beepure 190 Gr","4350.00","4350.00"
22996,"Tableta de Chocolate con Almendras Vizzio 165 Gr","4607.00","4799.00"
22997,"Galletas de Arroz Fortificadas sin TACC Nani 120 Gr","936.96","976.00"
22998,"Chocolate Swiss Classic Milk Lindt 100 Gr","9350.00","9350.00"
22999,"Tomate Triturado Botella Carrefour 970 Gr","2090.00","2090.00"
23000,"Condimento para Arroz Sobre La Campagnola 25 Gr","508.00","529.00"
23001,"Tomate Triturado Molto 980 Gr","2591.04","2699.00"
23002,"Fideos Cinta Nido al Huevo N3 308 500 Gr","2095.00","2095.40"
23003,"Edulcotante Sweet en Sobres Hileret 50 Un","880.20","916.92"
23004,"Aji Molido Reina Mora 25 Gr","486.41","506.68"
23005,"Leche en Polvo Etapa 3 Lata Nido 800 Gr","9615.00","10809.00"
23006,"Almendras Peladas 50 Gr","2160.00","2160.00"
23007,"Polvo para Preparar Brownies Emeth 425 Gr","2879.00","2999.00"
23008,"Galletitas con Avellanas + Chips Carrefour Mcereal 100 Gr","839.00","839.00"
23009,"Te en Saquitos Ensobrados Internacional Clasico Taragui 50 Un","3699.00","3702.00"
23010,"Galletas Marineras con Semillas Don Pancho 220 Gr","1169.00","1389.00"
23011,"Snacks Jamon y Queso Saladix 80 Gr","1800.00","1830.00"
23012,"Aji Molido Dos Anclas 25 Gr","651.84","679.00"
23013,"Almidon de Maiz Egran 500 Gr","1353.00","1409.00"
23014,"Premezcla para Bizcochuelo de Chocolate sin TACC Arcor 400 Gr","3659.00","3659.00"
23015,"Barras de Cereales con Chocolate y Coco Carrefour 3 Un","1490.00","1490.00"
23016,"Salsa Chocolate La Parmesana 300 Gr","2519.00","2596.00"
23017,"Mix Frutas Secas Mani Pasas y Almendras Doypack Finca Blanca 100 Gr","1290.00","1290.00"
23018,"Caramelos Frutilla Flynn Paff 128 Gr","1849.99","1850.00"
23019,"Yerba Mate con Palo Pomelo Cbse 500 Gr","1589.00","1590.00"
23020,"Fideos Tallarin La Providencia 500 Gr","959.00","999.00"
23021,"Barras de Cereales con Chocolate y Coco Carrefour 6 Un","2950.00","2950.00"
23022,"Suplemento Dietario Vainilla Ensure Advance 220 Ml","9406.50","9406.50"
23023,"Galletitas 10 Semillas Molino Natural Okebon 231 Gr","1339.00","1409.00"
23024,"Espinaca Cortada La Banda 350 Gr","1343.04","1399.00"
23025,"Galletitas Cereales con Avena Bagley 3 Un 155 Gr","2399.00","2674.00"
23026,"Chocolate Blanco con Relleno de Galletitas Cofler 55 Gr","2150.00","2230.00"
23027,"Polvo para Preparar Postre Vainilla Royal Ligth 43 Gr","1065.00","1109.00"
23028,"Galletitas Pepas con Mermelada de Membrillo Kapac 200 Gr","2400.00","2400.00"
23029,"Budin Europeo con Relleno de Frutilla Etiqueta Negra 350 Gr","5190.00","5190.00"
23030,"Miel Cremosa Terra Argentina 500 Gr","4926.79","5132.07"
23031,"Mermelada Damasco Noel 454 Gr","2193.29","2284.68"
23032,"Galletitas con Chips Chocolate sin TACC Mechaditos Santa Maria 200 Gr","1800.00","1800.00"
23033,"Salsa Pomarola Rina Matarazzo 340 Gr","4950.00","4999.00"
23034,"Polvo para Preparar Bizcochuelo Vainilla Royal 500 Gr","3279.00","3279.00"
23035,"Fideos Tirabuzon sin Tacc Gallo 500 Gr","2716.80","2830.00"
23036,"Tallarines al Huevo Don Felipe 500 Gr","460.08","460.08"
23037,"Vitalmix Energia El Mercado 250 Gr","3000.00","3000.00"
23038,"Fideos Fusilli de Maiz y Arroz sin TACC Wakas 250 Gr","2241.00","2335.00"
23039,"Cafe Instantaneo Original Frasco Dolca 50 Gr","4840.00","4840.00"
23040,"Estragon Alicante 10 Gr","258.12","268.92"
23041,"Mani Repelado y Saladox 150 Gr","1490.00","1490.00"
23042,"Ketchup La Parmesana 300 Gr","2699.00","2699.00"
23043,"Sal Marina Fina Gellsingh 160 Gr","2900.00","2900.00"
23044,"Biscotti sabor Vainilla Dorys 100 Gr","1249.00","1249.00"
23045,"Cereal Manzana y Pasas de Uva Musli Kellog s 255 Gr","2800.00","2800.00"
23046,"Edulcorante con Stevia en Sobres Tuy 50 Un","2753.00","2753.00"
23047,"Sal Fina Light en Salero Carrefour 250 Gr","3590.00","3590.00"
23048,"Avena Extra Fina Quaker 500 Gr","3219.00","3222.00"
23049,"Vainillas sin TACC Santa Maria 180 Gr","3300.00","3300.00"
23050,"Aceite de Maiz Lira 900 Ml","4512.00","4700.00"
23051,"Fideos Creste Di Gallo Paese Dei Sapori 500 Gr","6528.00","6800.00"
23052,"Aji Triturado La Campagnola 48 Gr","1046.00","1089.00"
23053,"Mix Desayuno 40 Gr","790.00","790.00"
23054,"Crema de Avellanas con Cacao Carrefour 350 Gr","3590.00","3590.00"
23055,"Aceite Rocio Vegetal Clasico Aerosol Cocinero 120 Gr","1613.00","1680.00"
23056,"Chocolate Leche y Man Vizzio 35 Gr","1050.00","1050.00"
23057,"Polvo para Preparar Flan de Vainilla Light Royal 16 Gr","1079.00","1079.00"
23058,"Tostaditas Light Breviss 200 Gr","1439.00","1499.00"
23059,"Gomitas Tutti Frutti Mogul Bolsa 50 Gr","775.00","930.99"
23060,"Mani Tostado Pelado Croppers 105 Gr","1098.00","1099.00"
23061,"Poroto Negro La Abadia 500 Gr","2399.00","2399.00"
23062,"Maiz Pisado Blanco 500 Gr","2650.00","2650.00"
23063,"Te en Saquitos Chai Canela Especias Saint Gottard 20 Un","3995.00","4795.00"
23064,"Atun en Trozos en Aceite Gomes Da Costa 170 Gr","2736.00","2850.00"
23065,"Salsa Pizza Tetra Marolio 200 Gr","869.30","1159.00"
23066,"Yerba Mate Dulce con Hierbas Adelgamate 500 Gr","2337.00","2339.00"
23067,"Filtro de Tela 6 Cafes Polte 1 Un","2299.00","2299.00"
23068,"Fideos Spaghetti N°5 Lucchetti 500 Gr","1152.00","1200.00"
23069,"Alfajor Chocolate con Dulce de Leche Bandeja Alfa Pampa 6 Un","2627.00","2739.00"
23070,"Chicle sabor Sandia Beldent 10 Gr","609.00","689.00"
23071,"Condimento para Chimichurri Reina Mora 25 Gr","528.00","550.00"
23072,"Galletitas Salvado Tripack Cerealitas 624 Gr","3309.00","3471.99"
23073,"Filtro de Cafe de Papel Numero 4 Domestic 100 Un","9499.00","9499.00"
23074,"Fideos Tirabuzones Rivoli 500 Gr","959.04","999.00"
23075,"Salsa de Chocolate Dos Anclas 310 Gr","4019.00","4189.00"
23076,"Yerba Mate con Palo Aguantadora 500 Gr","1700.00","1771.00"
23077,"Pimenton Dulce Sobre Alicante 25 Gr","729.00","735.00"
23078,"Yerba Mate Elaborada Despalada Amanda 500 Gr","2225.00","2225.00"
23079,"Alfajor Mini Chocolate Blanco Alfa Pampa 10 Un","6511.00","8789.00"
23080,"Te en Saquitos Frutas Tropicales La Virginia 20 Un","1900.00","2050.00"
23081,"Polvo para Preparar Flan Dulce De Leche Godet 25 Gr","669.00","699.00"
23082,"Granas Color Amarilla Pergola 50 Gr","171.72","179.28"
23083,"Cereal Bolsa Cereal Mix 100 Gr","1101.99","1750.00"
23084,"Te en Saquitos Avellanas Taragui 20 Un","1510.00","1510.00"
23085,"Yerba Mate Canarias 250 Gr","3199.00","3199.00"
23086,"Almidon de Maiz Egran 200 Gr","479.04","499.00"
23087,"Fajitas Sabor Pizza Tia Maruca 120 Gr","995.00","1036.00"
23088,"Tallarines Al Huevo C/Casero 500 Gr","2820.00","2820.00"
23089,"Oblea Chocolate con Leche Hersheys 102 Gr","3409.00","3409.00"
23090,"Fideos Secos Spaghetti Favorita 500 Gr","768.00","800.00"
23091,"Mayonesa Liviana Cada Dia 950 Gr","2131.00","2379.00"
23092,"Edulcorante en Sobres Sucaryl Pack 200 Un 176 Gr","4988.51","5196.36"
23093,"Barra de Arroz Bañada Chocolate Blanco Lulemuu 12 Gr","424.00","424.00"
23094,"Mermelada de Naranja Carrefour 454 Gr","1990.00","1990.00"
23095,"Aceitunas Verdes Descarozadas Doypack Castell 300 Gr","498.00","517.00"
23096,"Sal Saborizada con Hierbas Light Salero Dos Anclas 200 Gr","5129.00","5129.00"
23097,"Cafe en Capsulas Nero Caja Macchiato 50 Gr","9650.00","9650.00"
23098,"Salsa Golf Natura 250 Cc","1160.00","1165.00"
23099,"Yerba Mate Compuesta Frutos Rojos Adelgamate 500 Gr","2337.00","2339.00"
23100,"Galletitas Vainilla Relleno Frutilla Formis 102 Gr","854.00","889.00"
23101,"Polvorones Sabor Limon sin TACC Smams 120 Gr","1350.00","1350.00"
23102,"Choclo Amarillo Molto 300 Gr","2309.17","2405.39"
23103,"Bicarbonato de Sodio La Parmesana 50 Gr","287.00","299.00"
23104,"Vainillas Bimbo 444 Gr","4819.00","5150.00"
23105,"Huevo de Chocolate con Sorpresa Kinder 20 Gr","2550.00","2615.00"
23106,"Mayonesa Light con Jugo de Limon Doypack Bc La Campagnola 500 Gr","1539.00","1539.00"
23107,"Persianitas de Membrillo 200 Gr","2299.00","2299.00"
23108,"Caramelos Relleno Frutales Arcor 140 Gr","1487.00","1599.00"
23109,"Premezcla para Cookies con Chips Colores Mama Cocina 300 Gr","1536.00","1600.00"
23110,"Nueces con Cascara 250 Gr","2450.00","2450.00"
23111,"Palitos Salados con Queso Ramitas Pep 120 Gr","2389.00","2529.99"
23112,"Fideos Preparados Sabor Queso Lucchetti 350 Gr","2069.00","2449.00"
23113,"Pan Hamburguesas con Semillas sin TACC Carrefour 120 Gr","7090.00","7090.00"
23114,"Aceitunas Verdes La Toscana 300 Gr","2318.40","2415.00"
23115,"Galletitas Mini Marineras Paseo 220 Gr","1227.00","1479.00"
23116,"Yerba Mate Seleccion Especial La Cumbrecita 500 Gr","1619.00","1715.00"
23117,"Te de Tilo en Saquitos Ensobrados Green Hills 20 Un","2250.29","2344.05"
23118,"Miel Liquida Nat 500 Gr","5690.00","5690.00"
23119,"Mayonesa con Jugo de Limon Danica 950 Gr","2070.00","2301.00"
23120,"Mermelada de Naranja Light Carrefour 390 Gr","1990.00","1990.00"
23121,"Cafe Tostado en Capsulas Chococino NesCafe Dolce Gosto 16 Un","17179.00","17889.00"
23122,"Te Saborizado Verde Higo en Saquitos Taragui 20 Un","1510.00","1510.00"
23123,"Galletitas Crackers con Zapallo Paseo 150 Gr","791.00","824.00"
23124,"Fideos Largos Entrefino Chicago 500 Gr","911.04","949.00"
23125,"Esencia de Vainilla Yuspe 110 Cc","1020.00","1020.00"
23126,"Tallarines Al Huevo Fino 500 Gr","2820.00","2820.00"
23127,"Pastillas Mento Lyptus Halls 25.2 Gr","585.00","605.00"
23128,"Perejil La Parmesana 25 Gr","809.00","1140.00"
23129,"Almidon de Maiz Chango 500 Gr","1803.84","1879.00"
23130,"Sal Fina Carrefour 500 Gr","1190.00","1190.00"
23131,"Polvo para Hornear Yuspe 50 Gr","649.00","649.00"
23132,"Sal Gruesa en Paquete Dos Anclas 1 Kg","1872.00","1950.00"
23133,"Barrita de Careal Yogurt Vainilla Mix Arcor 28 Gr","940.00","970.00"
23134,"Gomitas Tutti Frutti Flynn Paff 30 Gr","670.00","900.00"
23135,"Te en Saquitos Mezcla Hierbas Digestivas Taragui 10 Un","679.00","709.00"
23136,"Pimienta Negra en Grano La Parmesana 25 Gr","1545.00","1545.00"
23137,"Mermelada de Durazno Carrefour 454 Gr","1990.00","1990.00"
23138,"Morron Deshidratado Knorr 75 Gr","3014.00","3139.00"
23139,"Jengibre 120 Gr","3190.00","3190.00"
23140,"Aceite de Girasol Pureza 900 Ml","1948.81","2030.01"
23141,"Grisines Blancos Carrefour 400 Gr","3690.00","3690.00"
23142,"Barras de Cereales con Avena y Miel Carrefour 6 Un","2950.00","2950.00"
23143,"Caldo de Verdura Cubos Maggi 12 Un","1411.00","1469.00"
23144,"Azucar Impalpable Reina Mora 200 Gr","1151.00","1199.00"
23145,"Salsa Honey Mustard Fuerte Mostaza y Miel Aleluya 200 Gr","2395.01","2494.80"
23146,"Alfajor Negro Bagley B&N 73.5 Gr","1625.00","1675.00"
23147,"Cafe Descafeinado en Capsulas Carrefour Selection 20 Un","10990.00","10990.00"
23148,"Galletas Marineras con Semillas 180 Gr","1890.00","1890.00"
23149,"Tostadas sin TACC con Semillas Carrefour 130 Gr","6290.00","6290.00"
23150,"Gotitas de Amor Billiken 35 Gr","620.00","620.00"
23151,"Arroz Pulido Grano Mediano Carnaroli Dos Hermanos 500 Gr","4280.79","4459.16"
23152,"Chocolate Burbujas Almendra Milka Leger 45 Gr","2375.00","2400.00"
23153,"Oregano en Hojas Reina Mora 25 Gr","469.44","489.00"
23154,"Especias para Tuco 50 Gr","1040.00","1040.00"
23155,"Fideos Multicereal Fusilli Kale Wakas 250 Gr","2241.00","2479.00"
23156,"Fideos Fusiles al Huevo 500 Gr","2080.00","2080.00"
23157,"Chupetin Push Pop 15 Gr","170.00","175.00"
23158,"Tostaditas de Arroz Sabor Cuatro Quesos Quento 95 Gr","1319.00","1319.00"
23159,"Mate Cocido en Saquitos sin TACC Carrefour 100 Un","3050.00","3050.00"
23160,"Sopa Instantanea 3 Vegetales Carrefour Classic 5 Un","1790.00","1790.00"
23161,"Galletitas Dulces con Chips Turimar 400 Gr","1975.00","1975.00"
23162,"Aceitunas Verdes Rellenas con Morron en Salmuera Nucete 300 Gr","438.00","456.00"
23163,"Salsa de Soja sin Sal Darama 220 Cc","4450.00","4450.00"
23164,"Chocolate con Almendras Milka Leger 45 Gr","310.00","315.00"
23165,"Fideos Fusilli Lucchetti 500 Gr","1152.00","1200.00"
23166,"Yerba Mate Saborizada con Naranja Verdeflor 500 Gr","1450.00","1450.00"
23167,"Fideos Secos Rigatti Rina Matarazzo 500 Gr","1999.00","1999.00"
23168,"Caramelos Dulce de Leche Butter Toffees 950 Gr","9599.00","9999.00"
23169,"Canela Yuspe 25 Gr","730.00","730.00"
23170,"Chicles Sabor Cereza Violet Cherry 14 Gr","1010.00","1030.00"
23171,"Chocolates Rellenos Confitados Cofler 55 Gr","2150.00","2230.00"
23172,"Mini Grisines Clasicos Bammi 250 Gr","3385.00","3385.00"
23173,"Nuez sin Cascara Blancanuez 100 Gr","1990.00","1990.00"
23174,"Aceite Mezcla Girasol y Oliva Cocinero 1.5 Lt","6359.00","6359.00"
23175,"Caramelos Gajitos Acidos Lipo 150 Gr","1490.00","1490.00"
23176,"Galletitas con Avellanas + Pasas Carrefour Mcereal 100 Gr","839.00","839.00"
23650,"Porotos Colorados 500 Gr","2500.00","2500.00"
23177,"Budin Europeo Chocolate Etiqueta Negra 300 Gr","4790.00","4790.00"
23178,"Mayonesa Familiar Doypack Hellmann's 750 Gr","2392.00","2492.00"
23179,"Chocolate con Leche Relleno con Chocolate Blanco Cofler Air 55 Gr","3010.00","3105.00"
23180,"Fideos de Semola de Grano Duro Paese Dei Sapori 500 Gr","6528.00","6800.00"
23181,"Gelatina Durazno Light Exquisita 25 Gr","899.00","936.00"
23182,"Caramelos Magic Mentos 29.7 Gr","1230.00","1240.00"
23183,"Barra de Avena y Banana Integra 40 Gr","1155.00","1155.00"
23184,"Te Verde en Saquitos Mandarina Cachamai 40 Gr","1477.15","1609.00"
23185,"Chocolate con Leche Leger Milka 45 Gr","310.00","315.00"
23186,"Dulce de Leche Mentitas La Casa 26 Gr","441.00","459.00"
23187,"Polvo para Preparar Flan Vainilla Noel 30 Gr","623.00","649.00"
23188,"Arroz Largo Fino Crucero 1 Kg","2300.00","2300.00"
23189,"Oblea de Arroz Rellena de Mani Chorqui Lulemuu 20 Gr","450.00","450.00"
23190,"Fideos Mostachol N°51 Rayado Matarazzo 500 Gr","1344.00","1400.00"
23191,"Aceto Espeso Ahumado Reduccion Favinco 250 Ml","3311.40","3449.37"
23192,"Tableta de Chocolate con Mani Felfort 30 Gr","2020.00","2020.00"
23193,"Cafe en Capsulas Cappuccino Carrefour 16 Un","11990.00","11990.00"
23194,"Sal Condimentada con Hierbas Finas Genser 250 Gr","5661.00","5896.00"
23195,"Papas Fritas Clasicas Tubo Carrefour 140 Gr","2750.00","2750.00"
23196,"Pastillas Halls Strong Liptus 25.2 Gr","585.00","605.00"
23197,"Mani Pelado y Salado 150 Gr","1549.00","1549.00"
23198,"Galletitas Pepas Alemanas Trio 300 Gr","1439.00","1749.00"
23199,"Napolitana 270 Gr","2799.00","2799.00"
23200,"Te en Saquitos Invernal Saint Gottard 20 Un","2095.00","2515.00"
23201,"Te Verde Ensobrado Taragui 20 Un","1319.00","1323.00"
23202,"Baño Reposteria Celeste Chocolate Aguila 150 Gr","2399.00","2499.00"
23203,"Pate al Champignon Bocatti 90 Gr","1457.00","1518.00"
23204,"Mix Power 40 Gr","790.00","790.00"
23205,"Lentejas Mister Food 400 Gr","1395.00","1395.00"
23206,"Tomate Perita Entero Molto 400 Gr","1182.31","1231.57"
23207,"Alfajor Mini Bon O Bon 6 Un 117 Gr","1929.00","2022.99"
23208,"Caramelos de Cafe Butter Toffees 822 Gr","9599.00","9999.00"
23209,"Coco Rallado Yuspe 25 Gr","865.00","865.00"
23210,"Infusion Citrus y Jengibre y Miel Saint Gott Estuche 72 Gr 20 Un","4305.00","5169.00"
23211,"Te en Saquitos Tilo Silvestre Taragui 25 Un","1982.36","2064.96"
23212,"Gomitas Frutales Conitos Mogul 500 Gr","5299.00","6298.99"
23213,"Pure de Tomate Marolio 520 Gr","868.80","905.00"
23214,"Fideos Spaghetti Bonalma 500 Gr","2879.04","2999.00"
23215,"Cookies Vainilla 1 Un","2490.00","2490.00"
23216,"Fideos Penne Rigate Bonalma 500 Gr","2879.04","2999.00"
23217,"Caramelos Masticables Frutilla Mentos 29.7 Gr","1230.00","1240.00"
23218,"Nachos Originales Macritas 110 Gr","1900.00","1900.00"
23219,"Oregano 50 Gr","1040.00","1040.00"
23220,"Tapas para Tortas Fritas Mendia 330 Gr","959.00","999.00"
23221,"Chocolate con Mani Block Cofler 256 Gr","7949.00","7949.00"
23222,"Cafe Cortado Sobres La Virginia 10 Un","4750.00","4880.00"
23223,"Aceitunuas Verde Ahumadadas Doypack Castell 170 Gr","579.96","602.64"
23224,"Tableta de Choco Relleno con Oreo Milka 105.6 Gr","2229.00","2629.00"
23225,"Coquet Cubanito Bañado 4 Kg","494.00","494.00"
23226,"Chocolatin con Leche Georgalos 8 Gr","230.00","230.00"
23227,"Galletas de Arroz Clasica Molinos Del Bosque Carilo 150 Gr","1670.00","1739.00"
23228,"Aceitunas Verdes sin Carozo La Toscana 300 Gr","2318.40","2415.00"
23229,"Te en Saquitos Rojo La Virginia 20 Un","1554.00","1759.00"
23230,"Yerba Mate Molida Papel Comun Ivoty Caa 1 Kg","1986.19","2068.95"
23231,"Mix Supremo Pote Finca Blanca 150 Gr","3700.00","3700.00"
23232,"Ravioles 4 Quesos La Salteña 900 Gr","4575.00","4575.00"
23233,"Suplemento Dietario Sabor Vainilla Pediasure 220 Ml","7858.00","7858.00"
23234,"Yerba Mate con Palo Hierbas Serranas Amanda 500 Gr","1745.00","1745.00"
23235,"Galletitas Masitas Dulces Vainilla Breviss 250 Gr","903.00","940.00"
23236,"Pimienta Blanca Molida Reina Mora 25 Gr","866.33","902.43"
23237,"Galletitas Rellenas Sabor Frutillas Amor 108 Gr","729.00","759.00"
23238,"Te en Saquitos Seleccion Frutal Saint Gottard 20 Un","4990.00","5985.00"
23239,"Barra Frutos Secos Natural Break 33 Gr","662.00","759.00"
23240,"Cafe Instantaneo Suave 80 Aniversario Doypack La Planta de Cafe 110 Gr","2525.00","2630.00"
23241,"Miel Organica Carrefour 300 Gr","4890.00","4890.00"
23242,"Chocolate Blanco con Galletitas Oreo Milka 55 Gr","2150.00","2150.00"
23243,"Tableta de Chocolate con Mani Biznikke 30 Gr","960.00","960.00"
23244,"Leche en Polvo Descremada Check 400 Gr","4031.00","4199.00"
23245,"Tomate Perita Pelado Lata Salsati 400 Gr","729.00","759.00"
23246,"Polvo para Preparar Bizcochuelo con Semillas Mama Cocina 540 Gr","2399.00","2499.00"
23247,"Mix Power 500 Gr","9000.00","9000.00"
23248,"Galletitas Bañadas en Chocolate Snacky Terrabusi 60 Gr","1622.00","1808.00"
23249,"Tomate Pelado Peritas Enteros Lata Marolio 400 Gr","1219.00","1269.00"
23250,"Cafe Instantaneo Caramel Doypack Dolca 125 Gr","1790.00","2600.00"
23251,"Malvaviscos Stick Fresa Buffys 12 Gr","325.00","325.00"
23252,"Aceite de Girasol Natura 500 Ml","287.07","287.07"
23253,"Salsa Ranch con Semillas Dos Anclas 340 Gr","4000.00","4014.00"
23254,"Azucar Negra Chango 250 Gr","1487.04","1549.00"
23255,"Te en Saquitos Boldo Hierbas Silvestres Taragui 10 Un","649.04","676.08"
23256,"Ajo en Polvo La Parmesana 25 Gr","300.00","313.00"
23257,"Mix de Frutos Secos Clasico Frasco Beepure 300 Gr","5100.00","5100.00"
23258,"Mostaza Doypack Natura 500 Gr","1329.00","1510.00"
23259,"Suplemento Nutricional Advance Vainilla Ensure 850 Gr","84386.50","84386.50"
23260,"Chocolate sin Azucar Blanco 30 Gr","1905.00","1905.00"
23261,"Galletitas Chocolate Blanco Bolsa Donuts 52 Gr","1260.00","1550.00"
23262,"Te en Saquitos Arandano y Frambuesa Saint Gottard 40 Gr","4305.00","5169.00"
23263,"Fideos Linguine Delverde 500 Gr","4896.00","5689.00"
23264,"Cafe en Capsulas Cappuccino Dulce de Leche La Virginia 8 Un","12039.00","12959.00"
23265,"Garrapiñada de Mani Conosur 500 Gr","5300.00","5300.00"
23266,"Galletitas Merengue Mini Pitusas 120 Gr","1059.00","1159.00"
23267,"Chocolate Chocolatoso Sapito 24 Un 10 Gr","748.44","748.44"
23268,"Pimienta Negra en Grano La Campagnola 23 Gr","710.00","739.00"
23269,"Mayonesa Light Cada Dia 500 Ml","1299.00","1349.00"
23653,"Tallarines 350 Gr","1560.00","1560.00"
23270,"Galletas Avena y Granola Molino Natural 236 Gr","1181.00","1409.00"
23271,"Polvo Bizcochuelo Chocolate Exquisita 540 gr","2496.00","2600.00"
23272,"Cereales Anillitos Frutales Smams 150 Gr","2539.00","2539.00"
23273,"Harina de Trigo Granos Ancestrales Chacabuco 750 Gr","1813.44","1889.00"
23274,"Galletas Salvado 180 Gr","1890.00","1890.00"
23275,"Oblea de Arroz Bañada en Chocolate Choconuss 20 Gr","3556.80","3705.00"
23276,"Leche en Polvo Entera Instantanea Vitamina A y D Paquete Purisima 400 Gr","4485.00","4672.00"
23277,"Almohaditas con Relleno Frutiila 180 Gr","1800.00","1800.00"
23278,"Chupetin Pico Dulce 1 Un","270.00","270.00"
23279,"Te Amarillo en Saquitos Mezcla de Hierbas Digestivas Cachamai 50 Un","2041.30","2126.35"
23280,"Saborizador Champignones Hongos Sobre Alicante 4 Un","1219.00","1219.00"
23281,"Alfajor de Arroz Mousse Vainilla y Baño de Frutilla Vauquita 28 Gr","1010.00","1010.00"
23282,"Salsa Humo Liquido La Parmesana 180 Gr","2056.00","2292.00"
23283,"Papas Fritas Jamon Serrano Slices 250 Gr","3900.00","3900.00"
23284,"Cereal Bolitas Chococolate Smams 150 Gr","2185.00","2185.00"
23285,"Durazno en Mitades con Stevia Vigente 820 Gr","2495.04","2599.00"
23286,"Yerba Mate Compuesta con Hierbas Serranas Verdeflor 1 Kg","3709.00","3709.00"
23287,"Salsa Filetto Lista Cica 340 Gr","820.00","863.00"
23288,"Aceite Rocio Vegetal Sabor Manteca en Aerosol Lira 120 Gr","2880.00","3000.00"
23289,"Maiz Amarillo Molido La Española 500 Gr","527.04","549.00"
23290,"Pastillas Free Strong Halls 20 Gr","695.00","715.00"
23291,"Sal Gruesa Dos Estrellas 1 Kg","999.00","1049.00"
23292,"Chips Saborizados Queso Pack Familiar Gallo Snack 150 Gr","2599.00","2599.00"
23293,"Tableta de Chocolate con Mani Nestle 90 Gr","2229.00","2899.00"
23294,"Yerba Mate Premium Amanda 500 Gr","2779.00","2779.00"
23295,"Pastillas Menta sin Azucar Pastillero Menthoplus 30 Gr","2520.00","2520.00"
23296,"Galletitas Hojaldre Triangulitos Soriano 150 Gr","1365.00","1365.00"
23297,"Caramelos Duros Sabor Durazno Menthoplus 26.6 Gr","767.00","799.00"
23298,"Salsa Mostaza con Miel Dos Anclas 400 Gr","4050.00","4089.00"
23299,"Suplemento Proteinico Liquido Vainilla Fortisip 200 Ml","8295.00","8295.00"
23300,"Cubanitos La Amistad 150 Gr","1029.00","1029.00"
23301,"Mix Frutos Secos Cervecero Pote Finca Blanca 200 Gr","2690.00","2690.00"
23302,"Aritos de Cereales con Miel Granix 130 Gr","921.00","959.00"
23303,"Yerba Mate con Cierre Zipper Rosamonte 250 Gr","2600.00","2700.00"
23304,"Galletitas de Chocolate Chocolinas 262 Gr","1151.00","1199.00"
23305,"Fideos Secos Chifferi Rigati Bonalma 500 Gr","2879.04","2999.00"
23306,"Cafe Instantaneo Tostado Frasco La Virginia 170 Gr","8387.00","9099.00"
23307,"Cafe en Capsulas Cortado Carrefour 16 Un","11990.00","11990.00"
23308,"Pimenton Seleccionado en Sobre Reina Mora 25 Gr","474.77","494.55"
23309,"Cintitas Jamon Tostex 125 Gr","911.00","949.00"
23310,"Galletitas Dulces con Avena y Chips Sabores de la Vida Gaona 186 Gr","1450.00","1450.00"
23311,"Mejillones en Aceite Gomes Da Costa 1 Un","4300.00","4449.00"
23312,"Polvo para Preparar Especialidades Lemonies Exquisita 425 Gr","2822.40","2940.00"
23313,"Aceite de Oliva Extra Virgen Mediterraneo Oliovita 500 Ml","12239.04","13659.00"
23314,"Condimento para Arroz 50 Gr","770.00","770.00"
23315,"Aceite Mezcla Girasol y Maiz Siglo de Oro 900 Cc","1439.04","1499.00"
23316,"Aceite Mezcla Cocinero 900 Cc","1569.00","1569.00"
23317,"Provenzal 50 Gr","1040.00","1040.00"
23318,"Tostadita Tosti Tosti 140 Gr","771.00","929.00"
23319,"Galletitas Rellenas Membrillo Terepin 300 Gr","1870.00","1870.00"
23320,"Tostaditas Clasicas Breviss 200 Gr","1570.00","1635.00"
23321,"Dulce de Leche con Crema La Cremeria 320 Gr","2612.00","2720.00"
23322,"Mani Frito Salado Doypack King 350 Gr","3129.00","3999.00"
23323,"Alfajor Chocolate Blanco con Dulce de Leche Bandeja Alfa Pampa 6 Un","2627.00","2999.00"
23324,"Chips Remolacha y Batata sin TACC Raices 80 Gr","1249.00","1339.00"
23325,"Cafe Cappuccino Moka Doypack La Plata 115 Gr","2575.00","3494.40"
23326,"Pasa de Uva Morocha Pasablanca 150 Gr","1390.00","1390.00"
23327,"Galletitas Avena y Cacao Molino Natural Okebon 240 Gr","1339.00","1409.00"
23328,"Salsa Honey Mustard Original Aleluya 180 Gr","1809.56","1884.96"
23329,"Pastillas de Goma Moritas Yummy 30 Gr","678.00","678.00"
23330,"Vinagre de Alcohol Marolio 1 Lt","996.00","1037.00"
23331,"Cafe en Capsulas Intenso Lungo Cafe Martinez Caja 10 Un","7530.00","7843.00"
23332,"Pure de Papas Chef Maggi 100 Gr","1631.00","1699.00"
23333,"Budin Limon y Naranja Artesanal con Baño de Azucar 280 Gr","4790.00","4790.00"
23334,"Pure de Papas Carrefour 200 Gr","2490.00","2490.00"
23335,"Azucar Bajas Calorias Chango 500 Gr","1679.04","1749.00"
23336,"Condimento para Pizza Reina Mora 25 Gr","520.61","542.30"
23337,"Tostadas sin Sal Tosti 140 Gr","929.00","929.00"
23338,"Coquitos 180 Gr","5445.00","5445.00"
23339,"Polenta Premium La Española 1 Kg","1055.04","1099.00"
23340,"Chocolate Leche y Mani Arcor 25 Gr","920.00","920.00"
23341,"Lentejas Secas Remojadas Tarragona 340 Gr","968.64","1009.00"
23342,"Fideos Fusilli 34 Semola Paese 500 Gr","6528.00","6800.00"
23343,"Saborizador para Pescados Dos Anclas 25 Gr","662.00","750.00"
23344,"Nachos sabor Queso Doritos 200 Gr","5329.00","5329.00"
23345,"Polvo para Preparar Bizcochuelo Vainilla Caja Godet 480 Gr","2495.00","2599.00"
23346,"Mani Salado Frito Croppers 800 Gr","9908.99","9909.00"
23347,"Calamares en Aceite Marbella 170 Gr","1919.04","1999.00"
23348,"Suplemento Nutricional en Polvo sin Sabor Boost Powder 740 Gr","47800.00","47800.00"
23349,"Mani sabor Panceta Croppers 85 Gr","919.00","922.49"
23350,"Aceitunas Verdes Clasicas Castell Pou 170 Gr","1023.57","1066.22"
23351,"Bocadito Menta Bañado Chocolate Bonafide 18 Gr","968.00","968.00"
23352,"Cafe en Capsulas Au Lait NesCafe Dolce Gusto 16 Un 160 Gr","16249.00","16899.00"
23353,"Anillos de Miel Smams 150 Gr","2529.00","2529.00"
23354,"Te en Saquitos English Breakfast Ensobrados Green Hills 20 Un","2404.41","2504.59"
23355,"Galletitas de Avena Coco y Chips Sabores De La Vida Gaona 100 Gr","880.00","880.00"
23356,"Yerba Mate Seleccion Especial Rosamonte 1 Kg","4415.04","4599.00"
23357,"Te en Saquitos Ensobrados Manzanilla Silvestre Taragui 25 Un","1226.88","1278.00"
23358,"Aceite de Girasol Natura 3 Lt","5856.00","6100.00"
23359,"Pan de Panchos 6 Un","1390.00","1390.00"
23360,"Edulcorante Liquido con Sucralosa Sucaryl 180 Ml","4238.00","4238.00"
23361,"Polvo Bizcochuelo Chocolate sin TACC Carrefour 480 Gr","6190.00","6190.00"
23362,"Mix de Semillas 100 Gr","890.00","890.00"
23363,"Mani con Chocolate Misky 100 Gr","4490.00","4490.00"
23364,"Torta con Chips de Chocolate 8 Vitaminas en Polvo Exquisita 540 Gr","3953.28","4118.00"
23365,"Suplemento Nutricional Chocolate Ensure Plus 220 Ml","10156.00","10156.00"
23366,"Comprimidos Vainilla Pediasure 400 Gr","31272.50","31272.50"
23367,"Barra de Arroz con Baño de Chocolate Chocobar Gallo Snacks 20 Gr","865.00","890.00"
23368,"Tableta de Chocolate con Leche Georgalos 25 Gr","595.00","595.00"
23369,"Perejil Deshidratado 50 Gr","960.00","960.00"
23370,"Bocadito de Chocolate Cabsha 48 Un","21273.00","21273.00"
23371,"Copos de Maiz Azucarados Zucaritas 490 Gr","3535.00","3535.00"
23372,"Galletitas Surtidas Turimar 350 Gr","1359.00","1359.00"
23373,"Caramelos Masticables Sabor Anana Sugus 19.8 Gr","510.00","510.00"
23374,"Pan Para Hamburquesa Maxi con Sesa Mimago 4 Un","2199.00","2199.00"
23375,"Dulce de Membrillo La Gioconda 700 Gr","7885.00","7885.00"
23376,"Mayonesa Heinz Light Dp 200 Gr","1250.00","1250.00"
23377,"Tostadas sin TACC Clasicas Carrefour 130 Gr","6290.00","6290.00"
23378,"Aceite Girasol Plus Cocinero 900 Ml","2069.00","2169.00"
23379,"Mermelada Durazno Noel 454 Gr","2193.29","2284.68"
23380,"Pasta Mani Natural Entre Nuts 380 Gr","3729.00","4100.00"
23381,"Suplemento Nutricional Vainilla Polvo Advance Ensure 400 Gr","43001.50","43001.50"
23382,"Arroz Organico Largo Fino 00000 Dos Hermanos 500 Gr","3050.00","3050.00"
23383,"Alfajor con Baño de Chocolate Blanco Guaymallen 38 Gr","374.00","389.00"
23384,"Dulce de Almendra Colonial Felices Las Vacas 200 Gr","2335.00","2335.00"
23385,"Galletitas Crunchips Color Gaona 185 Gr","1570.00","1570.00"
23386,"Te Verde en Saquitos Cereza y Frambuesa Saint Gottard 36 Gr","3775.00","4530.00"
23387,"Chicle Doublemint 50 Gr","3330.00","3330.00"
23388,"Nuez Moscada Reina Mora 2 Un","1095.60","1141.25"
23389,"Barras de Cereales con Durazno Carrefour 6 Un","2950.00","2950.00"
23390,"Galletitas Pepas Bañadas con Chocolate Trio Trichoc 300 Gr","1439.00","1499.00"
23391,"Suplemento Nutricional en Polvo sin Sabor Boost Powder 370 Gr","25398.00","25398.00"
23392,"Cafe Tostado Molido Blonde Starbucks 250 Gr","19590.00","19590.00"
23393,"Granola Canela Doypack Natural Candy 200 Gr","3000.00","3000.00"
23394,"Mate Cocido Vitamina A y Zinc Saquitos Ensobrados Taragui 60 Gr 20 Un","1899.00","1903.00"
23395,"Galletitas Minitapitas Soriano 200 Gr","1995.00","1995.00"
23396,"Bocaditos de Cereales Rellenos de Avena Granix 180 Gr","1603.00","1669.00"
23397,"Te en Saquitos Silvestre Ensueños Taragui 25 Un","1504.40","1567.08"
23398,"Cafe en Capsulas Forte Caja Macchiato 50 Gr","9650.00","9650.00"
23399,"Pate de Foie de Pollo Swift 85 Gr","1489.73","1551.80"
23400,"Pulpa de Tomate Suave Brick Arcor 520 Gr","660.55","688.07"
23401,"Palmitos Enteros Carrefour 800 Gr","6990.00","6990.00"
23402,"Merengue Mediano de Colores La Amistad 100 Gr","1770.00","1770.00"
23403,"Jugo de Limon Cuarto Creciente 500 Cc","2990.00","2990.00"
23404,"Aderezo para Ensaladas Coleslaw Pet Tau 310 Gr","3197.00","3199.00"
23405,"Mix de Frutas 150 Gr","2660.00","2700.00"
23406,"Pulpa de Tomate Tetrabrik Salsati La Campagnola 520 Gr","800.00","805.00"
23407,"Galletitas de Vainilla con Gotitas de Chocolate Aglu 180 Gr","1650.00","1650.00"
23408,"Pastillas de Goma Fruta Misky 1 Kg","9599.00","9999.00"
23409,"Tallarin Casero La Bianca 500 Gr","1332.82","1332.82"
23410,"Chocolate Feeling Fel Fort 20 Gr","840.00","840.00"
23411,"Alfajor Dulce de Leche Ser 47 Gr","160.00","165.00"
23412,"Fideos Fusilli Integral Pureza 500 Gr","2450.88","2553.00"
23413,"Caballa al Natural Lata Carrefour 380 Gr","2590.00","2590.00"
23414,"Huevo de Chocolate Rocklets 28 Gr","1560.00","1560.00"
23415,"Mani Repelado Tostado y Salado 500 Gr","3999.00","4279.00"
23416,"Arvejas Partidas Don Vitto 400 Gr","1085.00","1085.00"
23417,"Fideos Cinta Nido al Huevo N1 308 500 Gr","2095.00","2095.40"
23418,"Salsa Chimichurri Picante La Parmesana 300 Gr","2215.00","2215.00"
23419,"Cafe Instantaneo Suave Especial La Virginia 50 Gr","2025.00","2025.00"
23420,"Aceite Mezcla Cocinero 1.5 Lt","2294.40","2390.00"
23421,"Tabletas de Chocolate Con Leche Carrefour 80 Gr","1690.00","1690.00"
23422,"Cafe en Capsula Pike Place Roast Starbucks 10 Un","11731.00","12220.00"
23423,"Galletitas Sandwich Nogali 300 Gr","955.00","955.00"
23424,"Caramelos Pico Dulce Lheritier 450 Gr","5590.00","7575.00"
23425,"Fusilli Bronzo Delverde 500 Gr","5376.00","5600.00"
23426,"Pepitas Artesanales Membrillo 200 Gr","2490.00","2490.00"
23427,"Granas Rosas La Parmesana 50 Gr","469.00","599.00"
23428,"Suplemento Nutricional Vainilla en Polvo Ensure 400 Gr","39062.00","39062.00"
23429,"Mini Budin Dulce de Leche 9 de Oro 215 Gr","1919.00","1999.00"
23430,"Alfajor de Maicena Felices Las Vacas 60 Gr","905.00","905.00"
23431,"Provenzal Reina Mora 25 Gr","488.68","509.04"
23432,"Mani Repelado Tostado y Salado El Mercado 500 Gr","3690.00","3690.00"
23433,"Galletitas Oreo 36 Un 118 Gr","1123.00","1169.00"
23434,"Chocolate en Taza Carrefour 100 Gr","1790.00","1790.00"
23435,"Cebada Intantanea Intensa Doypack El Pocillo 100 Gr","2800.00","2800.00"
23436,"Gelatina Frambuesa Exquisita 40 Gr","899.00","936.00"
23437,"Cacao en Polvo Carrefour Classic 800 Gr","4390.00","4390.00"
23438,"Chicles Strong 6.7 Gr","339.00","412.00"
23439,"Malvaviscos Trenza Gongys 200 Gr","2399.00","2499.00"
23440,"Suplemento Dietario Vainilla en Polvo Ensure 1.2 Kg","99569.50","99569.50"
23441,"Premezcla Pizza sin TACC Carrefour 500 Gr","3990.00","3990.00"
23442,"Galletitas de Salvado Hogareñas Tripack Arcor 600 Gr","2399.00","2499.00"
23443,"Polenta La Española 500 Gr","479.04","499.00"
23444,"Mix de Frutas Secas con Nuez 100 Gr","1690.00","1690.00"
23445,"Galletitas Sabor Vainilla Vainitas 152 Gr","469.80","489.24"
23446,"Polvo para Preparar Postre Dulce de Leche Royal 75 Gr","1080.00","1125.00"
23447,"Semilla de Girasol Pelado Tostado 100 Gr","690.00","690.00"
23448,"Galletitas Dulces Rellenas Sabor Banana 9 de Oro 120 Gr","1104.00","1231.00"
23449,"Medallones de Durazno Granero 200 Gr","3490.00","3490.00"
23450,"Galletas Avena y Pasas Molino Natural 232 Gr","1319.00","1369.00"
23654,"Granola Integra 350 Gr","6999.00","7002.99"
23451,"Caballa en Aceite y Agua La Campagnola 300 Gr","1389.96","1448.28"
23452,"Premezcla Bizcochuelo con Chips Aguila 450 Gr","2975.00","3099.00"
23453,"Sopa Arroz con Pollo Alicante 63 Gr","1379.00","1379.00"
23454,"Galletitas Sandwich Carrefour Pack 3 330 Gr","1130.00","1130.00"
23455,"Mayonesa Doypack Natura 950 Gr","3532.00","3679.00"
23456,"Aceite de Oliva en Lata Cañuelas 500 Cc","13085.35","13630.57"
23457,"Suplemento Dietario Sabor Vainilla Boost 200 Ml","7786.00","7786.00"
23458,"Aceite de Oliva Mediterraneo Oliovita 500 Ml","12479.04","16169.00"
23459,"Batatas Fritas Terra Slices 65 Gr","1019.00","1019.00"
23460,"Galletitas Rellenas con Vainilla Tripack Carrefour 291 Gr","1990.00","1990.00"
23461,"Anana en Rodajas en Lata Carrefour 227 Gr","1990.00","1990.00"
23462,"Sal Fina Light en Estuche Dos Anclas 500 Gr","3763.00","3919.00"
23463,"Cafe Instantaneo Suave Doypack La Planta de Cafe 160 Gr","4421.00","4605.00"
23464,"Dulce de Arandano con Chia Patagonia Berries 352 Gr","2804.76","2920.32"
23465,"Gelatina Frutilla Light Exquisita 25 Gr","898.56","936.00"
23466,"Perejil Deshidratado Reina Mora 25 Gr","550.31","573.24"
23467,"Cafe Tostado Molido Brasil Medio Paquete Cafe Martinez 330 Gr","14719.00","14719.00"
23468,"Alfajores de Chocolate Deubel 12 Un","4299.00","4299.00"
23469,"Edulcorante Liquido Forte Zucra Hileret 200 Ml","1232.28","1284.12"
23470,"Salsa de Soja sin Sodio La Parmesana 300 Cc","2690.00","2999.00"
23471,"Pure de Papas Finas Hierbas Carrefour 100 Gr","1990.00","1990.00"
23472,"Galletitas Avena con Semillas Dr Cormillot 160 Gr","767.00","1079.00"
23473,"Mermelada Diet de Frutilla Emeth 420 Gr","1300.00","1950.00"
23474,"Miel Cremosa Pampa de Oro 250 Gr","3404.69","3546.55"
23475,"Vitalmix Ensalada El Mercado 250 Gr","3000.00","3000.00"
23476,"Mix Power 300 Gr","4899.00","4899.00"
23477,"Dulce de Leche Repostero Ilolay 400 Gr","2585.00","2585.00"
23478,"Aji Triturado Sobre La Campagnola 23 Gr","619.00","659.00"
23479,"Salvia La Parmesana 20 Gr","815.00","815.00"
23480,"Pasas de Uva con Chocolate Conosur 150 Gr","3589.00","3589.00"
23481,"Tostadas Salvado Paseo 200 Gr","1459.00","1519.00"
23482,"Galletitas Mini Salvado Carrefour 300 Gr","1080.00","1080.00"
23483,"Caballa al Natural La Campagnola 300 Gr","1313.28","1369.44"
23484,"Aceitunas Verdes con Ajo Castell 170 Gr","579.96","602.64"
23485,"Suplemento Alimenticio Fortisip Max 700 Gr","54722.50","54722.50"
23486,"Choclo Desgranado Granja Del Sol 300 Gr","2415.00","2415.00"
23487,"Pure deTomate sin TACC Conciencia 520 Gr","959.04","999.00"
23488,"Azucar Blanca Refinada Premium Chango 1 Kg","1137.60","1185.00"
23489,"Chicle Cero Azucares Infinit Blueberry Beldent 7 Un 13.3 Gr","815.00","849.00"
23490,"Infusion de Chocolate a la Menta en Saquitos Saint Gottard 20 Un","4305.00","5169.00"
23491,"Jurel al Natural Carrefour 425 Gr","3290.00","3290.00"
23492,"Pure Tomate Doña Pupa Tetra 520 Gr","850.00","850.00"
23493,"Pasas de Uva Bañadas en Chocolate Alfa Pampa 100 Gr","2129.00","2218.00"
23494,"Saborizador Salsa Criolla Alicante 30 Gr","2233.30","2235.00"
23495,"Obleas Bañadas en Chocolate Terrabusi Mini Rhodesia 60 Gr","1549.00","1685.00"
23496,"Vainillas Bimbo 148 Gr","1779.00","1950.00"
23497,"Pastillas Mix de Frutas Tic Tac 49 Gr","1898.99","1900.00"
23498,"Gelatina Naranja Exquisita 40 Gr","830.40","865.00"
23499,"Pure de Papas Original Maggi 125 Gr","1919.00","1999.00"
23500,"Choclo Amarillo Desgranado Arcor 300 Gr","1531.02","1594.81"
23501,"Cebolla en Escamas 1854 60 Gr","965.52","1007.64"
23502,"Te en Saquitos Ensobrado Mezcla de Hierbas Silvestre Taragui 25 Un","1348.88","1405.08"
23503,"Ajo Granulado La Parmesana 25 Gr","805.00","806.00"
23504,"Canela Chango 40 Gr","3541.44","3689.00"
23505,"Yerba Mate Campo Sur La Merced 500 Gr","3570.00","3570.00"
23506,"Cintitas Clasicas Tosti 100 Gr","792.00","825.00"
23507,"Fruta Glaseada en Potecitos 150 Gr","1999.00","1999.00"
23509,"Edulcorante Liquido Forte Hileret Zucra 9 Un 400 Ml","1833.84","1911.60"
23511,"Alfajores Mousse Chocolate con Leche Cachafaz 6 Un 300 Gr","9615.00","9615.00"
23513,"Yerba Mate Organica Hierbas Silvestre 500 Gr","6239.04","6499.00"
23515,"Chicles Infinit Blueberry Beldent 14 Un 26 Gr","1881.00","1959.00"
23517,"Mermelada Frutos Rojos Seleccion La Campagnola 390 Gr","4126.91","4129.00"
23519,"Aceitunas Verdes Rellenas La Toscana 300 Gr","2539.20","2645.00"
23522,"Mejillones al Natural Gomes Da Costa 190 Gr","4300.00","4300.00"
23524,"Papas Fritas a la Provenzal Terra Slices 65 Gr","1289.00","1289.00"
23527,"Fideo Cappelletti Bellaterra 500 Gr","2179.00","2419.00"
23529,"Salsa Picante Roja en Frasco La Parmesana 180 Cc","1300.00","1300.00"
23531,"Galletitas Pepas Trio 200 Gr","899.00","1090.00"
23533,"Infusion Mora Arandano y Grosella Saint Gott Estuche 72 Gr 20 Un","4305.00","5169.00"
23535,"Comprimidos Chocolate Pediasure 400 Gr","31272.50","31272.50"
23537,"Granola Berries Go Natural 290 Gr","5280.00","5281.00"
23539,"Pasta de Mani Stevia Entre Nuts 380 Gr","3729.00","3729.00"
23541,"Gomitas Ositos Acidos Yummy 30 Gr","678.00","678.00"
23543,"Harina Fina Integral Tassara 1 Kg","1065.00","1109.00"
23545,"Choclo al Vapor Bonduelle 200 Gr","2726.00","3049.00"
23547,"Chocolate Blanco Nugaton 27 Gr","956.00","956.00"
23549,"Mani sin Sal sin Piel King 100 Gr","879.00","1100.00"
23551,"Fideos Cabellos de Angel Carrefour 500 Gr","1590.00","1590.00"
23553,"Polvo para Preparar Postre Limon a la Crema Sobre Bc 50 Gr","959.00","959.00"
23555,"Galletitas Sabor Limon Aglu 150 Gr","1450.00","1450.00"
23557,"Saborizante y Bolsa para Horno Sabor Albahaca y Ajo Alicante 30 Gr","2233.30","2235.00"
23559,"Atun en Aceite Carrefour 354 Gr","4690.00","4690.00"
23561,"Polvo para Preparar Postre Sabor Dulce De Leche Godet 60 Gr","859.00","899.00"
23563,"Atun Desmenuzado al Natural Aliada 170 Gr","959.04","999.00"
23565,"Caldos en Polvo en Sobre 4 Quesos Alicante 4 Un","1219.00","1219.00"
23567,"Galletitas Rellenas Sabor Frutilla Polvorita Frutilla","899.00","1175.00"
23569,"Yerba Mate Saborizada con Menta Verdeflor 500 Gr","1450.00","1450.00"
23571,"Nachos Tostitos en Bolsa Doritos 200 Gr","4639.00","5224.99"
23573,"Mani Sabor Crema y Cebolla Chef King 80 Gr","919.00","1100.00"
23575,"Chocolate Blanco Tofi 27 Gr","1460.00","1505.00"
23577,"Cafe Seleccion Arlistan 100 Gr","1808.36","1883.71"
23579,"Mayonesa Light Bc La Campagnola 125 Gr","518.00","539.00"
23606,"Aceite de Oliva Cocinero Fritolim 120 Gr","1026.00","1058.40"
23607,"Chocolate de Castañas de Caju con Caramelo Milka 155 Gr","5385.00","5563.99"
23608,"Azucar Tipo A Chango 1 Kg","1055.04","1099.00"
23609,"Filtro Tela Cafe Cimarron 1 Un","2149.00","2149.00"
23610,"Tostaditas de Arroz Integral Dulces Arrocitas 120 Gr","1103.00","1149.00"
23611,"Oregano Sobre Alicante 50 Gr","2009.00","2009.00"
23612,"Dulce de Leche Clasico La Serenisima 250 Cc","693.00","693.00"
23613,"Salsa Honey Barbecue Aleluya 250 Gr","2448.23","2739.00"
23614,"Biscuits Mini Bay Biscuits 140 Gr","1779.00","2200.00"
23615,"Granas Color Celeste Pergola 50 Gr","171.72","179.28"
23616,"Aceite Girasol Plus Cocinero 1.5 Lt","3254.40","3390.00"
23617,"Mani Tostado con Piel King 100 Gr","1150.00","1150.00"
23618,"Sopa de La Huerta con Fideos y Vegetales Sopas de la Abuela 72 Gr","1379.00","1379.00"
23619,"Chocolate Blanco Cofler Air 55 Gr","3010.00","3105.00"
23620,"Chocolate Blanco con Chocolinas Cofler 140 Gr","4319.00","4579.00"
23622,"Mermelada de Naranja Carrefour 454 Gr","1990.00","1990.00"
23623,"Caramelos Masticables Sabor Frutilla Sugus 19.8 Gr","510.00","510.00"
23624,"Galletitas con Chips Sabores de La Vida Gaona 100 Gr","880.00","880.00"
23625,"Polvo para Preparar Salsa 4 Quesos Alicante 37 Gr","1829.00","1835.00"
23626,"Pasta de Mani Pote Croppers 310 Gr","2752.99","2785.00"
23627,"Te Negro en Hebras Organico Inti Zen 80 Gr","3590.00","3590.00"
23628,"Fideos Fusilli Multicereal con Quinoa sin TACC Wakas 250 Gr","2335.00","2689.00"
23629,"Pepitas Artesanales Batata 200 Gr","2490.00","2490.00"
23630,"Tableta Chocolate con Leche con Mani Tokke 62 Gr","1189.00","1189.00"
23631,"Mermelada Diet de Frambuesa Emeth 420 Gr","1919.00","1999.00"
23632,"Fideos Mostacholes Rayado Carrefour 500 Gr","1050.00","1050.00"
23633,"Galletitas con Salvado Naturalmente Granix 135 Gr","715.00","715.00"
23634,"Yerba Mate Barbacua La Merced 500 Gr","3570.00","3570.00"
23635,"Cereal en Barra con Yoghurt Frutilla Cereal Mix 26 Gr","758.00","789.00"
23636,"Te en Saquitos Arandanos Patagonia 20 Un","3839.04","3999.00"
23637,"Castañas de Caju El Mercado 350 Gr","13700.00","13700.00"
23638,"Remolacha en Cubos Lata Bonduelle 400 Gr","6719.00","6999.00"
23639,"Fideos Tirabuzon La Campagnola 500 Gr","1659.14","1728.27"
23640,"Bombon Chocolate con Mani Full Mani Georgalos 9 Gr","450.00","450.00"
23641,"Galletitas Dulces Rellenas Sabor Vainilla Polvorita 152 Gr","899.00","1099.00"
23642,"Almendras con Chocolate Alfa Pampa 100 Gr","5013.00","5222.00"
23643,"Cafe Instantaneo Suave Dolca 170 Gr","2366.00","2466.00"
23644,"Aceitunas Verdes para Ensalada Doypack Nucete 120 Gr","1017.00","1019.00"
23645,"Premezcla Ñoquis Papa sin TACC 400 Gr","3799.00","3799.00"
23646,"Salsa a Base de Miel y Jugo de Naranja Aleluya 250 Gr","3789.44","3947.33"
23647,"Peras en Mitades Molino Rojo 820 Gr","1439.00","1499.00"
23648,"Sal Saborizada con Especias Light Salero Dos Anclas 200 Gr","5129.00","5129.00"
23649,"Tableta de Chocolate con Mani Nestle 150 Gr","3609.00","4699.00"
23651,"Aderezo para Ensaladas Cesar Dressing 200 Gr","3999.00","3999.00"
23652,"Ketchup Doypack Danica 220 Gr","924.00","925.00"
23655,"Obleas de Frutilla x 3 Opera 68 Gr","671.00","699.00"
23656,"Suplemento Dietario Vainilla en Polvo Ensure 800 Gr","74266.50","74266.50"
23657,"Fideos Moños Don Vicente 500 Gr","3200.00","3200.00"
23658,"Mermelada de Frutilla Carrefour 454 Gr","2190.00","2190.00"
23659,"Gelatina en Polvo Frutilla Godet 25 Gr","787.00","919.00"
23660,"Fideos Tallarines N° 7 Matarazzo 500 Gr","1344.00","1400.00"
23661,"Alfajores de Maicena Cachafaz 6 Un 456 Gr","9615.00","9615.00"
23662,"Bizcocho de Arroz Tortita Negra Gallo 50 Gr","1209.60","1260.00"
23663,"Aceitunas Verdes Doypack Nucete 220 Gr","939.00","1017.00"
23664,"Chocolate para Taza Godet 100 Gr","1824.00","1900.00"
23665,"Galletitas Black Dale 170 Gr","1359.00","1359.00"
23666,"Salsa de Soja Reducida en Sodio Cocinero 500 Ml","1022.00","1064.00"
23667,"Edulcorante Sucralosa Sucaryl 40 Gr 50 Un","2569.00","2573.00"
23669,"Flan Casero Descremado Dulce de Leche Sancor 2 Un 115 Gr","2649.00","3090.00"
23670,"Pastillas Cherry Lyptus Halls 25.2 Gr","585.00","605.00"
23671,"Mani Repelado y Salado 100 Gr","3589.00","3589.00"
23672,"Oblea Doble Chocolate Sinfonia 100 Gr","700.00","700.00"
23673,"Te Verde a Grosella Negra Cachamai 40 Gr","1477.15","1538.70"
23674,"Galletitas Avena y Pasas Sabores de La Vida Gaona 186 Gr","1450.00","1450.00"
23675,"Cintitas Crocantes Cebolla Tostex 125 Gr","911.00","949.00"
23676,"Malvaviscos Frutal Twist Buffys 200 Gr","3750.00","3750.00"
25362,"Paletas Sabor Chocolate Blanco Not Ice Cream 4 Un 60 Gr","6192.00","7079.00"
25364,"Pizza de Muzzarella Jamon y Morrones 575 Gr","8050.00","8050.00"
25366,"Helado Palito Trufa Blanco Mega Nestle 71 Gr","2973.00","3097.00"
25368,"Helado Kit Kat Caja 3 Un 183 Gr","10100.00","10517.00"
25369,"Medallon de Carne Chacra Nuestra 4 Un","2110.00","2110.00"
25370,"Medallon de Carne Caja Chacra Nuestra 12 Un","6065.00","6065.00"
25371,"Medallon de Merluza Rebozado Prefrito 1 Kg","5190.00","5190.00"
25372,"Hamburguesas de Carne Union Ganadera 4 Un 69 Gr","4035.00","4035.00"
25373,"Hamburguesas de Carne Finitas de Carne Union Ganadera 2 Un 55 Gr","1589.00","1589.00"
25374,"Medallon de Carne Caja Chacra Nuestra 2 Un","1119.00","1119.00"
25375,"Hamburguesas de Carne Union Ganadera 20 Un","23055.00","23055.00"
25376,"Pizza Congelada Mozzarella Pietro 470 Gr","4889.00","4889.00"
25377,"Pizzeta de Tomate en Bolsa 200 Gr","1752.99","1752.99"
25378,"Medallones de Merluza Empanados Prefritos 2 Kg","7490.00","7490.00"
25379,"Formitas de Merluza Rebozado Prefritas Infantiles 1 Kg","4290.00","4290.00"
25380,"Medallon de Quinoa Nutrileza 4 Un 360 Gr","3300.00","3300.00"
25381,"Medallon de Espinaca Nutrileza 4 Un 360 Gr","3300.00","3300.00"
25382,"Medallon de Mijo Nutrileza 4 Un 360 Gr","3300.00","3300.00"
25383,"Medallon de Lenteja y Curry Caja Nutrileza 360 Gr","3300.00","3300.00"
25384,"Medallon de Garbanzo Nutrileza 4 Un 360 Gr","3300.00","3300.00"
25385,"Medallon de Soja Nutrileza 4 Un 360 Gr","3300.00","3300.00"
25386,"Medallon de Aduki Nutrileza 4 Un 360 Gr","3300.00","3300.00"
25387,"Helado Chocolate con Dulce de Leche y Frutilla Frigor 1 Kg","9280.00","9280.00"
25388,"Helado Dulce de Leche Frutilla y Chocolate Balde Frigor 1.5 Kg","13565.00","13565.00"
25389,"Papas Rusticas Congeladas Carrefour Classic 700 Gr","3190.00","3190.00"
23677,"Pepas de Membrillo 220 Gr","3290.00","3290.00"
23678,"Pastillas de Goma Jelly Roll Misky 1 Kg","9599.00","9999.00"
23679,"Chocolate con Almendras Cadbury 72 Gr","3200.00","3200.00"
23680,"Fideos Tirabuzones sin TACC Blue Patna 500 Gr","5376.00","5992.00"
23681,"Fideos El Sol 500 Gr","1451.00","1512.00"
23682,"Fideos Tirabuzon N° 34 Matarazzo 500 Gr","1344.00","1400.00"
23683,"Provenzal La Parmesana 25 Gr","197.64","197.64"
23684,"Fideos Spaghetti Lucchetti 500 Gr","264.00","272.00"
23685,"Te en Saquitos Ensobrados Menta Cachamai 20 Un","894.24","931.50"
23686,"Caramelos Masticables Frutales Arcor 800 Gr","9679.00","9679.00"
23687,"Aceitunas Verdes Rodajas Morixe 300 Gr","1509.00","1595.00"
23688,"Caramelos Home Cereza Menthoplus 100 Gr","2015.00","2099.00"
23689,"Obleas de Naranja Carrefour Classic 200 Gr","1190.00","1190.00"
23690,"Fideo Fusil Villa D'agri 500 Gr","2015.00","2015.00"
23691,"Fideos Tirabuzon 3 Vegetales Terrabusi 500 Gr","389.88","389.88"
23692,"Chocolate Banana Dolca 14 Gr","770.00","795.00"
23693,"Alfajor Maicena Alfa Pampa 6 Un 60 Gr","5396.00","5621.00"
23694,"Mix de Frutos Secos Tradicional Great Value 500 Gr","1217.75","1217.75"
23695,"Atun Lomitos al Natural Great Value 170 Gr","477.36","477.36"
23696,"Gomitas Acidas Billiken 30 Gr","678.00","678.00"
23697,"Aceitunas Negras Clasicas Castell 100 Gr","1285.00","1285.00"
23698,"Barra de Arroz con Semillas Lulemuu 12 Gr","320.00","320.00"
23699,"Mini Budin Vainilla con Dulce de Leche 45 Gr","449.00","449.00"
23700,"Mostaza y Miel Dressing 200 Gr","3999.00","3999.00"
23701,"Cafe en Capsulas Decafeinado Caja Macchiato 50 Gr","9650.00","9650.00"
23702,"Azucar Impalpable Bolsa Dos Anclas 300 Gr","1939.67","2020.49"
23703,"Avellana con Chocolate Conosur 150 Gr","5290.00","5290.00"
23704,"Porotos Negros 500 Gr","2500.00","2500.00"
23705,"Salsa Filetto Rina Matarazzo 340 Gr","4950.00","4999.00"
23706,"Caramelos Sport Lipo 150 Gr","1439.00","1499.00"
23707,"Tomate Pelado Perita Inca 400 Gr","911.04","949.00"
23708,"Leche en Polvo Deslactosada Purisima 400 Gr","5213.00","5430.00"
23709,"Mentitas Cherry 26 Gr","441.00","459.00"
23710,"Bocadito Kooky Bon Felfort 360 Un 10 Gr","378.00","378.00"
23711,"Edulcorante Liquido Sucra Tuy 200 Ml","3909.00","4079.00"
23712,"Granos de Cafe con Chocolate Conosur 150 Gr","3990.00","3990.00"
23713,"Suplemento Proteinico Liquido Chocolate Fortisip 200 Ml","8295.00","8295.00"
23714,"Caramelo Tutti Frutti Flynn Paff 16 Un","1850.00","1850.00"
23715,"Bocadito de Cereal con Chocolate Los Carolinos 150 Gr","4790.00","4790.00"
23716,"Arroz Doble Carolina Lucchetti 1 Kg","4184.00","4185.00"
23717,"Mayonesa Heinz Light Dp 850 Gr","4349.09","4530.30"
23718,"Caldo Saborizante Panceta en Sobre Alicante 4 Un 30 Gr","1219.00","1219.00"
23719,"Picadillo de Carne en Lata Safra 90 Gr","500.67","521.53"
23720,"Garbanzos Mister Food 400 Gr","1750.00","1750.00"
23721,"Gomitas Ositos Mogul 150 Gr","1800.00","1888.99"
23722,"Te en Saquitos Mezcla Herbal Boldo Menta Poleo y Miel Patagonia 30 Gr","2207.04","2299.00"
23723,"Barrita Vegana Brownie Laddubar 30 Gr","849.00","849.00"
23724,"Alfajor Junior Blanco Extra Dulce de Leche Vauquita 55 Gr","1268.00","1268.00"
23725,"Te en Saquitos Manzanilla Hierbas Silvestres Taragui 10 Un","610.68","636.12"
23726,"Pan de Hamburguesa 4 Un","1390.00","1390.00"
23727,"Semillas de Lino Doypack Genser 150 Gr","1599.00","1599.00"
23728,"Galletitas Merengadas 3 Un 88 Gr","2365.00","2719.99"
23729,"Sal con Hierbas y Especias Celusal 230 Gr","4479.00","4479.00"
23730,"Jurel al Natural sin Sal Carrefour 425 Gr","3290.00","3290.00"
23731,"Harina de Trigo 0000 Carrefour 1 Kg","989.00","989.00"
23732,"Polvorones con Chips de Dulce de Leche Trimak 150 Gr","785.00","785.00"
23733,"Tallarin a la Espinaca La Bianca 500 Gr","1332.82","1332.82"
23734,"Semilla de Girasol El Mercado 250 Gr","2000.00","2000.00"
23735,"Aderezo para Verduras Legumbres y Arroz Sazon 60 Gr","1199.00","1199.00"
23736,"Salsa Filetto La Campagnola 340 Gr","1039.00","1039.00"
23737,"Edulcorante Sucaryl en Caja 100 Un 800 Gr","3991.00","3991.00"
23738,"Galletitas Sabor Limon sin TACC Santa Maria 200 Gr","1800.00","1800.00"
23739,"Sal Gruesa en Estuche Dos Anclas 1 Kg","891.00","928.00"
23740,"Galletas Avena con Yogur Frutilla 9 de Oro 120 Gr","345.15","345.15"
23741,"Copos Azucarados Georgalos 400 Gr","3170.89","3303.01"
23742,"Ciruelas Desecadas con Carozo 200 Gr","1790.00","1790.00"
23743,"Galletitas Marinera Tia Maruca 350 Gr","1814.00","1889.00"
23744,"Sal Fina Yodada en Salero Carrefour 100 Gr","2090.00","2090.00"
23745,"Harina Leudante Blancaflor 1 Kg","509.00","529.00"
23746,"Obleas de Vainilla Carrefour 200 Gr","1190.00","1190.00"
23747,"Galletitas con Chips Chocolate Blanco 9 De Oro 120 Gr","1299.00","1299.00"
23748,"Chicles Defense 6.7 Gr","412.00","429.00"
23749,"Polvorones Sabor Coco sin TACC Smams 120 Gr","1350.00","1350.00"
23750,"Te en Saquitos Clasico Chachamai 25 Un","969.31","1009.70"
23751,"Galletitas Biscuits con Chips Soriano 200 Gr","3190.00","3190.00"
23752,"Alfajor de Maicena Cachafac 76 Gr","2300.00","2325.00"
23753,"Pastillas Naranja Tic Tac 49 Gr","1900.00","1900.00"
23754,"Oblea Triple Chocolate con Mani Hersheys 102 Gr","3409.00","3409.00"
23755,"Salsa de Soja Reduccion La Parmesana 300 Gr","3160.00","3523.00"
23756,"Suplemento Nutricional Vainilla Ensure Plus 220 Ml","10156.00","10156.00"
23757,"Suplemento Nutricional Polvo Vainilla Re Boost 740 Gr","47800.00","47800.00"
23758,"Refresco Pastillas Mentol Tuti Fruti 27 Gr","800.00","800.00"
23759,"Alfajor Blanco Alfa Pampa 6 Un 60 Gr","5396.00","5621.00"
23760,"Provenzal La Campagnola 23 Gr","709.00","709.00"
23761,"Gomitas Cien Pies Yummy 500 Gr","3989.00","3989.00"
23762,"Salsa Ranch Picante Dos Anclas 250 Gr","2809.00","3169.00"
23763,"Mani Tostado sin Piel King 100 Gr","879.00","1150.00"
23764,"Caramelo Chocolate Blanco Butter Toffees 822 Gr","9599.00","9999.00"
23765,"Galletitas Golden Tripack Oreo 3 Un 354 Gr","4285.00","4285.00"
23766,"Snacks Galletitas de Arroz Sabor Pizza Gallo 50 Gr","1139.00","1139.00"
23767,"Arroz Largo Fino 00000 Dos Hermanos 1 Kg","2320.00","2320.00"
23768,"Pan para Hamburguesa Fargo 210 Gr","2130.00","2130.00"
23769,"Aceitunas Negras Descarozadas en Frasco Nucete Light 360 Gr","3300.00","3300.00"
23770,"Chicle Menta Cleanmint 7 24 Gr","2016.00","2016.00"
23771,"Mate Cocido en Saquitos Yer-Vita 50 Un","2349.00","2349.00"
23772,"Arroz Carnaroli Molinos Ala 500 Gr","4200.00","4200.00"
23773,"Oblea Frutilla a la Crema Sinfonia 100 Gr","725.00","789.00"
23774,"Papas Fritas sin Sal Tubo Carrefour 140 Gr","2750.00","2750.00"
23775,"Sal con Hierbas en Salero Dos Anclas 200 Gr","3754.00","3910.00"
23776,"Avena Tradicional Quaker 280 Gr","2257.99","2259.00"
23777,"Adobo para Pizza 50 Gr","910.00","910.00"
23778,"Pimenton 50 Gr","1060.00","1060.00"
23779,"Fideos Spaghetti Matarazzo 500 Gr","1344.00","1400.00"
23780,"Yerba Mate con Palo Yemaype 1 Kg","3675.84","3829.00"
23781,"Mayonesa Heinz Light Dp 350 Gr","2300.00","2417.00"
23782,"Snacks Galletitas Original en Tubo Rex 75 Gr","1420.00","1450.00"
23783,"Garbanzos Inca 350 Gr","699.00","901.00"
23784,"Cacao en Polvo Dulce El Quilla 450 Gr","2399.00","2499.00"
23785,"Pastillas Corazoncitos Dorin's 1 Un","138.24","141.48"
23786,"Granola Manzana sin TACC 200 Gr","2400.00","2400.00"
23787,"Dulce de Leche Pote Ser 300 Gr","2220.00","2220.00"
23788,"Galletas Marineras 180 Gr","1890.00","1890.00"
23789,"Yerba Mate con Palo Yemaype 500 Gr","1919.04","1999.00"
23790,"Barrita de Chocolate con Leche Fel Fort 16 Gr","1500.00","1500.00"
23791,"Gomitas Piecitos Acidos Yummy 30 Gr","678.00","678.00"
23792,"Aceitunas Verdes Doypack Castell 300 Gr","392.00","408.00"
23793,"Porotos de Soja 500 Gr","1484.00","1484.00"
23794,"Yerba Mate Saborizada con Naranja Pipore 500 Gr","2054.40","2140.00"
23795,"Mayonesa Clasica Doypack D'Fiesta 500 Ml","750.00","750.00"
23796,"Endulzante Zucra Forte Sobres Hileret 100 Un","1682.64","1752.84"
23797,"Tabletas de Chocolate Blanco Carrefour 80 Gr","1690.00","1690.00"
23798,"Sopa Instantanea Arvejas Sobres Carrefour Classic 5 Un","1790.00","1790.00"
23799,"Galletitas Scons sin TACC Santa Maria 200 Gr","1919.00","1919.00"
23800,"Chocolate con Almendras Cadbury 72 Gr","470.00","480.00"
23801,"Aceitunas Verdes Rellenas Nucete 100 Gr","800.00","834.00"
23802,"Papas Fritas Slices 150 Gr","1800.00","1800.00"
23803,"Premezcla Pizza Blancaflor 400 Gr","1651.20","1720.00"
23804,"Chicle Seven Ultra Red Berry 24 Gr","2016.00","2016.00"
23805,"Almendras Great Value 100 Gr","531.91","531.91"
23806,"Oblea Chocolate Rellena Dark Kit Kat 41.5 Gr","940.00","945.00"
23807,"Edulcorante en Sobres Equal Stevia 50 Un","3395.00","3395.00"
23808,"Porcion Budin de Chocolate 65 Gr","589.00","590.00"
23809,"Galletas de Arroz Molinos Del Bosque 150 Gr","1670.00","1739.00"
23810,"Chocolate Mani Sapito Arcor 10 Gr","287.00","299.00"
23811,"Yerba Mate con Hierbas Aromaticas Cachamate1 Kg","2789.00","2800.00"
23812,"Trigo Burgol La Española 500 Gr","1377.60","1435.00"
23813,"Fideos Tallarin Santa Isabel 500 Gr","910.08","948.00"
23814,"Arroz Largo Fino 00000 Rojo Carogran 1 Kg","2207.00","2299.00"
23815,"Te en Saquitos Limon y Lima Jengibre Menta Saint Gottard 20 Un","3995.00","4795.00"
23816,"Galletitas Dulces con Chips Terrabusi 144 Gr","1050.00","1050.00"
23817,"Nuez Moscada Sobre La Campagnola 23 Gr","1469.00","1469.00"
23818,"Galletitas Sabor Coco Coquitas Bagley 157 Gr","835.00","869.00"
23819,"Pate de Jamon Bocatti 90 Gr","1555.00","1619.00"
23820,"Cafe Instantaneo Facil de Batir Dolca 170 Gr","2477.52","2580.12"
23821,"Polvo para Preparar Bizcochuelo Chocolate Royal 500 Gr","3279.00","3279.00"
23822,"Barra de Avena Almendra Nuez Integra 41 Gr","1155.00","1155.00"
23823,"Sal Gruesa en Salero Celusal 1 Kg","3435.00","3578.00"
23824,"Chicle Menta Greenmint 7 24 Gr","2016.00","2016.00"
23825,"Bombones Leche Bon O Bon 270 Gr","5820.00","6110.99"
23826,"Almidon Chango 220 Gr","959.04","999.00"
23827,"Esencia de Vainilla en Botella La Parmesana 250 Cc","1398.00","1399.00"
23828,"Chocolate Mani y Cereal Sapito 24 Un 240 Gr","748.44","748.44"
23829,"Papas Fritas Pay Krachitos 150 Gr","2600.00","2770.99"
23830,"Cintitas Crocantes Sabor Queso Tostex 125 Gr","911.00","949.00"
23831,"Barra Cereal Yogur Frutilla Cereal Mix 4 Un","2750.00","2750.00"
23832,"Galletitas de Arroz Sabor Jamon sin TACC Crisppino Minis 50 Gr","900.00","900.00"
23833,"Galletas de Arroz sin Sal Arrocitas 101 Gr","1150.00","1350.00"
23834,"Aceite Mezcla Lira 900 Ml","3840.00","4000.00"
23835,"Budin Europeo con Pasas Etiqueta Negra 350 Gr","4790.00","4790.00"
23836,"Obleas Vainilla Gaona 50 Gr","400.00","400.00"
23837,"Barrita Vegana Cocochoco Laddubar 30 Gr","849.00","849.00"
23838,"Caramelos Aguila Butter Toffees 959 Gr","9599.00","9999.00"
23839,"Fideos Fusilli N° 34 Dei Sapori 500 Gr","7199.04","7499.00"
23840,"Papas Fritas Clasicas Lays 330 Gr","5909.00","6842.99"
23841,"Premezcla para Preparar Bizcochuelo 1 Minuto Vainilla con Chips Exquisita 60 Gr","865.00","865.00"
23842,"Bocadito sin Banana con Chocolate Bananita Dolca 30 Gr","1220.00","1260.00"
23843,"Te Verde Saquitos Momentos Green Hills 50 Un","3164.09","3295.93"
23844,"Mentitas Kids Tutti Frutti 1 Un","441.00","459.00"
23845,"Edulcorante Liquido Clasico sin TACC Carrefour 500 Ml","3090.00","3090.00"
23846,"Caramelos Miel Menthoplus 1 Un","730.00","745.00"
23847,"Salsa de Soja Tradicional Dos Anclas 500 Cc","4730.00","4731.00"
23848,"Budin de Vainilla y Frutos Secos 1 Un","2999.00","2999.00"
23849,"Chocolate con Leche Clasico Nestle 150 Gr","5585.00","5585.00"
23850,"Galletitas con Chips de Chocolate Yuka 150 Gr","2159.00","2159.00"
23851,"Cebolla Deshidratada Alicante 50 Gr","2159.00","2159.00"
23852,"Capelletini de Carne Giacomo 500 Gr","3569.00","3569.00"
23853,"Edulcorante con Aspartamo en Sobres Equalsweet 200 Un","7561.00","7561.00"
23854,"Palitos de Maiz 80 Gr","1199.00","1199.00"
23855,"Mix Especias Oriental Alicante 108 Un 50 Gr","1239.00","1239.00"
23856,"Chocolate Mentita Felfort 16 Gr","20878.00","20878.00"
23857,"Aceite de Canola Krol 500 Ml","9164.00","9164.00"
23858,"Galletitas Con Chips de Chocolate Smams 150 Gr","2319.00","2319.00"
23859,"Mini Galletitas Chocoate Rellenas Vainilla Polvorita 152 Gr","1249.00","1249.00"
23860,"Aji Molido 1 Kg","13700.00","13700.00"
23861,"Granola Arandanos y Coco Kuati 400 Gr","5509.00","5509.00"
23862,"Ravioles Pollo y Verdura La Salteña 900 Gr","4575.00","4575.00"
23863,"Arroz para Risotto 1 Kg","5390.00","5390.00"
23864,"Aceitunas Verdes Descarozadas en Doypack Castell 400 Gr","5949.00","5949.00"
23865,"Nachos Queso y Jalapeño 90 Gr","2050.00","2050.00"
25407,"Bollo Pizza Coto 1 Un","1299.00","1299.00"
23866,"Alfajores Chocolate Bon o Bon 6 Un 240 Gr","3948.99","3948.99"
23867,"Sal Fina Salero Dos Anclas 100 Gr","1370.00","1370.00"
23868,"Jugo de Limon Favinco 1 Lt","2390.00","2390.00"
23869,"Alfajor de Arroz Blanco Lulemuu 22 Gr","600.00","600.00"
23870,"Sal Dietetica Apio en Salero La Parmesana 50 Gr","4650.00","4650.00"
23871,"Fideos Nido al Huevo con Espinaca El Record 500 Gr","2100.00","2100.00"
23872,"Miel Liquida Aleluya Jarra 500 Gr","4500.00","4500.00"
23873,"Pimienta Blanca en Grano Dos Anclas 50 Gr","3542.00","3542.00"
23874,"Barra de Cereal Lomon Simple 30 Gr","1549.00","1549.00"
23875,"Vinagre de Vino Dos Anclas 500 Cc","1450.00","1450.00"
23876,"Mermelada Higo con Stevia y Semillas Frasco Cuarto Creciente 400 Gr","5180.00","5180.00"
23877,"Aceite de Oliva Puro sin TACC Vidrio 500 Ml","11450.00","11450.00"
23878,"Snack Manzana Roja Deshidratada Frutty 30 Gr","900.00","900.00"
23879,"Galletas de Arroz Dulces Multicereal Grandiet 100 Gr","1050.00","1050.00"
23880,"Chicle 7 Turbo Mint Topline 125 Gr","6050.00","6050.00"
23881,"Arroz Grano Largo Cañuelas 1 Kg","2399.00","2399.00"
23882,"Ajo Picado Deshidratado 50 Gr","1040.00","1040.00"
23883,"Semillas de Amaranto Entera Sturla 250 Gr","4500.00","4500.00"
23884,"Capelettini de Jamon y Queso Giacomo 500 Gr","3569.00","3569.00"
23885,"Mermelada de Membrillo Frasco Favaloro Caroyense 454 Gr","3590.00","3590.00"
23886,"Barra de Avena Girasol Arandanos Integra 41 Gr","1155.00","1155.00"
23887,"Yerba Mate con Palo Rosamonte 500 Gr","2291.00","2291.00"
23888,"Alfajor Membrillo sin TACC Yuka 6 Un","4165.00","4165.00"
23889,"Sal Marina Finas Hierbas Dicomere 450 Gr","5100.00","5100.00"
23890,"Arroz Carnaroli Gallo 500 Gr","2900.00","2900.00"
23891,"Galletitas de Salvado sin Sal 3en1 Granix 690 Gr","3362.99","3362.99"
23892,"Mani Salado Pelado 1 Kg","5199.00","5199.00"
23893,"Jugo de Limon Silva 500 Ml","1189.00","1189.00"
23894,"Budin con Relleno de Manzana Panex 350 Gr","3490.00","3490.00"
23895,"Granola Peanut Butter Go Natural 250 Gr","4235.00","4235.00"
23896,"Yerba Mate con Palo Tradicional Pipore 1 Kg","4267.00","4267.00"
23897,"Caramelos Blando Frutal Billiken 600 Gr","3700.00","3700.00"
23898,"Galletitas Avena y Pasas Granix 500 Gr","2993.99","2993.99"
23899,"Mani con Chocolate M&M 150 Gr","7000.00","7000.00"
23900,"Vinagre de Manzana sin TACC Favinco 500 Ml","1832.00","1832.00"
23901,"Copos Azucarados Nutri Foods Zucar Flakes 400 Gr","2700.00","2700.00"
23902,"Gomitas Anillos Frutales Mogul 220 Gr","2100.00","2100.00"
23903,"Pan Viena Maxihamburguesa 360 Gr","1690.00","1690.00"
23904,"Cereales Bastoncitos de Salvado de Trigo Lasfor 200 Gr","1500.00","1500.00"
23905,"Mermelada Diet de Arandano Emeth 390 Gr","4550.00","4550.00"
23906,"Mini Barritas Bars Chocomani Crowie 50 Gr","1450.00","1450.00"
23907,"Almendra Pelada 150 Gr","2690.00","2690.00"
23908,"Mermelada de Durazno Light Frasco Cormillot 390 Gr","2539.00","2539.00"
23909,"Talitas Queso Hojalmar 100 Gr","1270.99","1270.99"
23910,"Hummus de Garbanzo con Palta Felices las Vacas 220 Gr","2760.00","2760.00"
23911,"Yerba Hierbas Serranas Arroyo Verde 500 Gr","1375.00","1375.00"
23912,"Fideos Largo Spaghetoni Barilla 500 Gr","5329.00","5329.00"
23913,"Almendras y Semillas Bañadas en Chocolate Natural Candy 100 Gr","3850.00","3850.00"
23914,"Galletas de Arroz sin TACC sin Sal Multicereal Grandiet 100 Gr","1050.00","1050.00"
23915,"Merenguitos Urquiza 20 Un 100 Gr","1589.00","1589.00"
23916,"Tostadas Fitz Roy Light 200 Gr","1822.99","1822.99"
23917,"Parrillero con Molinillo Indo Deli 80 Gr","4950.00","4950.00"
23918,"Galletitas Pepas Carrefour 900 Gr","3190.00","3190.00"
23919,"Polvo para Postre Light Chocolate Sobre Royal 50 Gr","1029.00","1029.00"
23920,"Tableta Chocolate Taza Tableta Georgalos 100 Gr","2495.00","2495.00"
23921,"Mayonesa Receta Casera Doypack Hellmanns 445 Gr","2879.00","2879.00"
23922,"Snack Original Coconut Doypack Natural Candy 100 Gr","2800.00","2800.00"
23923,"Pimenton Ahumado sobre Dicomere 50 Gr","849.00","849.00"
23924,"Barra de Semillas y Granola Integra 38 Gr","1260.00","1260.00"
23925,"Mermelada Frutos del Bosque Frasco Caroyense 454 Gr","3590.00","3590.00"
23926,"Salsa Caramelo Pomo La Parmesana 300 Gr","2100.00","2100.00"
23927,"Alcaucil al Natural Cristo De Los Cerros 310 Gr","14500.00","14500.00"
23928,"Pan para Panchos 6 Un","1889.99","1889.99"
23929,"Alfajor de Arroz Relleno Frutilla Lulemuu 22 Gr","509.00","509.00"
23930,"Alfajor Chocolate 3 Un","3150.00","3150.00"
23931,"Comida Lista Sopa Thai Mole 85 Gr","2699.00","2699.00"
23932,"Coco Rallado 50 Gr","960.00","960.00"
23933,"Barra de Cereales con Manzana Cereanola 6 Un 21 Gr","2810.00","2810.00"
23934,"Granola Pasta de Mani y Almendras Kuati 250 Gr","3775.00","3775.00"
23935,"Harina Especial para Masa Madre Chacabuco 1 Kh","1391.00","1391.00"
23936,"Gomitas Selva Trembly 48 Gr","819.99","819.99"
23937,"Aceite de Oliva Extra Virgen Nucete 250 Cc","7600.00","7600.00"
23938,"Galletitas Dulces de Miel Turimar 14 Un 2.38 Kg","865.00","865.00"
23939,"Galletitas Avena Frutilla y Chia Cereal Mix 207 Gr","1650.00","1650.00"
23940,"Bizcochos de Arroz Dulces sin TACC Capri 90 Gr","1483.99","1483.99"
23941,"Cafe en Capsulas Latte Carrefour 16 Un","11990.00","11990.00"
23942,"Vitalmix Natural El Mercado 250 Gr","3000.00","3000.00"
23943,"Anana en Rodajas Bulnez 565 Gr","2560.00","2560.00"
23944,"Gelatina en Polvo Sabor Frambuesa Godet 25 Gr","819.00","819.00"
23945,"Galletitas Sabor Vainilla Bajas en Sodio Angiola 130 Gr","1974.00","1974.00"
23946,"Pionono El Calden 180 Gr","2199.00","2199.00"
23947,"Cereales con Pasas Granix Fibra Total 400 Gr","2841.99","2841.99"
23948,"Vainillas Pozo 85 Gr","861.99","861.99"
23949,"Sopa Ramen Pollo Nissin 85 Gr","1965.60","1965.60"
23950,"Te en Saquitos Green Hills 100 Un","4375.00","4375.00"
23951,"Saborizador para Verdura Alicante 30 Gr","915.00","915.00"
23952,"Tableta Chocolate con Mani Georgalos 100 Gr","1979.00","1979.00"
23953,"Galletitas Mini Crackers con Salvado Coto 250 Gr","1208.99","1208.99"
23954,"Arroz Yamani 400 Gr","1944.00","1944.00"
23955,"Yerba Mate con Hierbas Cuyanas Cachamate 500 Gr","1475.00","1475.00"
23956,"Sardinillas en Aceite Lata Coto 81 Gr","3162.90","3162.90"
23957,"Granola Chocolate y Amaranto Kuati 250 Gr","3775.00","3775.00"
23958,"Gomitas Tembleke 32 Gr","709.99","709.99"
23959,"Bolitas Chocolatadas Lasfor 180 Gr","1299.99","1299.99"
23960,"Tomates Secos Buy&Eat 70 Gr","2799.00","2799.00"
23961,"Fideos Pasta de Garbanzo y Alubia Wakas 250 Gr","3900.00","3900.00"
23962,"Vinagre de Manzana Silva 930 Cc","1365.00","1365.00"
23963,"Chupetin Relleno Uva Pintalengua Mr Pops 432 Gr","5300.00","5300.00"
23964,"Fideos Tirabuzon al Huevo Don Felipe 500 Gr","1670.00","1670.00"
23965,"Premezcla para Chipa Lucchetti 400 Gr","3860.00","3860.00"
23966,"Espinaca en Hoja en Lata Bonduelle 380 Gr","7380.00","7380.00"
23967,"Merengues Medianos Blancos 130 Gr","1360.00","1360.00"
23968,"Duraznos Amarillos Trozos Comunes Copa de Oro 820 Gr","1870.00","1870.00"
23969,"Edulcorante en Sobres Equalsweet 50 Un","2812.00","2812.00"
23970,"Galletitas Sabor Coco sin TACC Santa Maria 200 Gr","1919.00","1919.00"
23971,"Champignon Portobello 200 Gr","4199.00","4199.00"
23972,"Lentejas 1 Kg","3784.00","3784.00"
23973,"Saborizador en Polvo Gallina Alicante 4 Un","1091.00","1091.00"
23974,"Semillas Mix Sushi Doypack Forgood 100 Gr","3599.00","3599.00"
23975,"Galletas de Arroz Integral Grandiet 100 Gr","1050.00","1050.00"
23976,"Salsa Tabassher Botella Darama 100 Gr","6990.00","6990.00"
23977,"Palmitos en Trozos Ciudad Del Lago 400 Gr","2614.90","2614.90"
23978,"Tomate Triturado Botella Inca 910 Gr","3020.00","3020.00"
23979,"Chocolate con Avellanas Enteras Milka 100 Gr","4304.99","4304.99"
23980,"Anchoas en Aceite Delicias Marinas 90 Gr","3900.00","3900.00"
23981,"Alfajor Blanco Alfa Pampa 60 Gr","749.99","749.99"
23982,"Caramelos de Gelatina Dracu Lengua 24 Gr","769.99","769.99"
23983,"Polenta Espinaca a la Crema Presto Pronta 250 Gr","1080.00","1080.00"
23984,"Galletitas con Relleno de Vainilla Pamela 97 Gr","810.99","810.99"
23985,"Pesto Deshidratado 1 Kg","14900.00","14900.00"
23986,"Bombones Surtidos El Kiosko en Casa Arcor Caja 246 Gr","6520.99","6520.99"
23987,"Palmitos en Trozos Ciudad Del Lago 800 Gr","5266.90","5266.90"
23988,"Champignon Blanco 200 Gr","3999.00","3999.00"
23989,"Edulcorante en Sobres Hileret 50 Un 40 Gr","2100.00","2100.00"
23990,"Mejillones en Salsa Lata Coto 111 Gr","3691.90","3691.90"
23991,"Harina con Masa Madres Especial para Pizza Pureza 1 Kg","2042.00","2042.00"
23992,"Bizcochuelo Vainilla Rectangular Tres Capas Carrefour 750 Gr","8190.00","8190.00"
23993,"Mix Clasico de Frutos Secos Beepure 400 Gr","5000.00","5000.00"
23994,"Anana Ciudad del Lago 835 Gr","3542.00","3542.00"
23995,"Semolin para Pastas Frescas Chacabuco 1 Kg","1391.00","1391.00"
23996,"Harina de Trigo 000 Carrefour 1 Kg","849.00","849.00"
23997,"Bombon Aguila 1 Un","6109.99","6109.99"
23998,"Pimienta en Grano Dicomere 50 Gr","1189.00","1189.00"
23999,"Chimichurri Dos Anclas 20 Gr","800.00","800.00"
24000,"Cafe Tostado Molido Suave Cafe Martinez 260 Gr","12319.00","12319.00"
24001,"Granola Simple Horneada Natural Candy 250 Gr","3000.00","3000.00"
24002,"Sopa de Quinoa Comida Lista Mole 120 Gr","2500.00","2500.00"
24003,"Ketchup Picante Spicy Kansas 465 Gr","3400.00","3400.00"
24004,"Galletitas Vainilla Bañadas en Chocolate Oskito Trio 300 Gr","2176.99","2176.99"
24005,"Alfajor Blanco Chocoarroz 22 Gr","679.00","679.00"
24006,"Tableta de Chocolate Full 60 % Cacao Georgalos 35 Gr","835.00","835.00"
24007,"Bocaditos de Cereales Rellenos con Avellana Granix 180 Gr","2140.99","2140.99"
24008,"Chucrut Frasco Meridiano 330 Gr","4309.00","4309.00"
24009,"Arvejas Verdes Remojadas Doña Pupa 350 Gr","547.00","547.00"
24010,"Marroc Bocadito 60 Un 14 Gr","61397.00","61397.00"
24011,"Galletas Chip Choco Gullon 125 Gr","6050.00","6050.00"
24012,"Tableta de Chocolate con Avellanas 1891 90 Gr","2999.99","2999.99"
24013,"Granola Nutrifood 320 Gr","3350.00","3350.00"
24014,"Galletitas Sabor Mantequita Festival 300 Gr","1601.99","1601.99"
24015,"Azafran Molido La Parmesana 4 Gr","3300.00","3300.00"
24016,"Chimichurri La Parmesana 20 Gr","569.00","569.00"
24017,"Choclo Grano Entero sin Sal Vida Inalpa 300 Gr","1499.00","1499.00"
24018,"Aceitunas Verdes en Balde Castell 5 Kg","44600.00","44600.00"
24019,"Galletitas Chocolate Relleno Vainilla Tortitas Black Arcor 125 Gr","985.00","985.00"
24020,"Pimenton 1 Kg","13800.00","13800.00"
24021,"Fideos Tallarines Don Bernabeu 500 Gr","735.00","735.00"
24022,"Aderezo para Pastas Papas y Arroz Sazon 60 Gr","1199.00","1199.00"
24023,"Porotos Secos Remojados Lata Inalpa 300 Gr","771.00","771.00"
24024,"Salsa Tuco Lista Cica 340 Gr","859.00","859.00"
24025,"Granola con Frutos Rojo Lasfor 350 Gr","5000.00","5000.00"
24026,"Pasa de Uva Sultanina 1 Kg","3999.00","3999.00"
24027,"Te Relax Mezcla de Hierbas en Saquitos Ensobrados Green Hills 20 Un","1730.95","1730.95"
24028,"Fideos Mostacholes al Huevo 500 Gr","2370.00","2370.00"
24029,"Mermelada de Frutilla Leader Price 454 Gr","3650.00","3650.00"
24030,"Ciboulette La Parmesana 20 Gr","1016.00","1016.00"
24031,"Concentrado de Tomate Lata Inca 150 Gr","1092.00","1092.00"
24032,"Aceite de Canola Virgen Coto 500 Ml","6769.00","6769.00"
24033,"Atun Claro en Aceite Oliva Coto 185 Gr","3970.00","3970.00"
24034,"Peras al Natural Light Alco 12 Un 800 Gr","2750.00","2750.00"
24035,"Yerba Mate Mezcla de Hierbas Pampeanas Cachamate 500 Gr","1590.00","1590.00"
24036,"Chocolate Milka 105.6 Gr","2629.00","2629.00"
24037,"Galletitas Cofler Cookies 120 Gr","1239.00","1239.00"
24038,"Barbacoa en Polvo 1854 90 Gr","4469.00","4469.00"
24039,"Obleas con Relleno de Frutilla Oblita 100 Gr","595.00","595.00"
24040,"Mermelada Light de Maracuya Emeth 390 Gr","4850.00","4850.00"
24041,"Tomates Cubeteado en Lata Canale 400 Gr","1450.00","1450.00"
24042,"Fideos Integrales Penne Rigatte Garofalo 500 Gr","13070.00","13070.00"
24043,"Filtro de Cafe Numero 4 Domestic 100 Un","7479.00","7479.00"
24044,"Tableta de Chocolate Light Vauquita 80 Gr","1289.00","1289.00"
24045,"Flan Tipo Casero Flanchello 120 Gr","1140.00","1140.00"
24046,"Caramelos Menta Halls Free 28 Gr","781.99","781.99"
24047,"Galletitas Crackers Clasica Mazzei 330 Gr","1999.99","1999.99"
24048,"Polvo para Postre Frutilla Sobre Royal 75 Gr","1029.00","1029.00"
24049,"Almendras con Baño de Chocolate Los Carolinos 150 Gr","7290.00","7290.00"
24050,"Galletitas Crackers Naturalmente Granix 200 Gr","949.99","949.99"
24051,"Papas Fritas Cheddar Slices 250 Gr","3900.00","3900.00"
24052,"Galletitas Frutilla con Crema Gaona Cubicub 100 Gr","1069.00","1069.00"
24053,"Galletitas con Salvado La Providencia 120 Gr","600.00","600.00"
24054,"Te en Saquitos Frutilla Durazno y Naranja Saint Gottard 20 Un","5050.00","5050.00"
24055,"Sopa Crema de Choclo Alicante 69 Gr","1379.00","1379.00"
24056,"Galletitas Chocolate Pamela Tripack 291 Gr","2206.99","2206.99"
24057,"Chocolate con Dulce de Leche Milka 135 Gr","4250.99","4250.99"
24058,"Pickles Mixtos Vanoli 300 Gr","979.35","979.35"
24059,"Papas Fritas Corte Americano Slices 65 Gr","990.00","990.00"
24060,"Crocante de Mani Sabor Almendra La Parmesana 75 Gr","1400.00","1400.00"
24061,"Edulcorante con Stevia en Sobres Ledesma 50 Un","1477.00","1477.00"
24062,"Vinagre de Manzana Dos Anclas 500 Cc","1850.00","1850.00"
24063,"Sal Fina Light Salero Dos Anclas 100 Gr","2399.00","2399.00"
24064,"Pimienta Blanca Molida Dicomere 50 Gr","1359.00","1359.00"
24065,"Budin Marmolado 180 Gr","1399.00","1399.00"
24066,"Polvo para Preparar Salsa Champignon Alicante 35 Gr","3150.00","3150.00"
24067,"Bolitas de Cereal Sabor Chocolate Zoo Cartoon 165 Gr","1265.00","1265.00"
24068,"Semillas Mix 5 Estrellas Pou Wanuka 150 Gr","2900.00","2900.00"
24069,"Te Inti Grey Inti Zen 30 Gr","4250.00","4250.00"
24070,"Aderezo Mostaza Dulce Tau 320 Gr","3515.00","3515.00"
24071,"Mermelada de Damasco Pote Dulcor 500 Gr","1629.00","1629.00"
24072,"Chocolate Nugaton Black 27 Gr","956.00","956.00"
24073,"Sal Fina Light en Salero Carrefour 100 Gr","2790.00","2790.00"
24074,"Yerba Mate con Menta y Boldo Kurui 500 Gr","2900.00","2900.00"
24075,"Polenta Instantanea Del Campo 500 Gr","890.00","890.00"
24076,"Higo Negro Granero 200 Gr","3290.00","3290.00"
24077,"Bizcochos de Arroz Salados sin TACC Capri 90 Gr","1483.99","1483.99"
24078,"Caramelos de Gelatina Emociones Tembleke 48 Gr","1049.99","1049.99"
24079,"Cafe Molido Tostado Espresso La Virginia 500 Gr","11725.00","11725.00"
24080,"Oblea Frutilla Paquete Zupay 50 Gr","449.99","449.99"
24081,"Barra de Avena Caju Arandanos Integra 41 Gr","1155.00","1155.00"
24082,"Te en Saquitos Ensobrados Internacional Earl Grey Taragui 25 Un","2685.00","2685.00"
24083,"Poroto Alubia 1 Kg","2999.00","2999.00"
24084,"Aritos Frutados Lasfor 180 Gr","1299.99","1299.99"
24085,"Te Negro 50 Gr","470.00","470.00"
24086,"Te en Saquitos Ensobrado Dulces Sueños Saint Gottard 20 Un","2140.00","2140.00"
24087,"Mermelada Arandanos con Stevia y Semillas Frasco Cuarto Creciente 400 Gr","5180.00","5180.00"
24088,"Pure Instantaneo Finas Hierbas y Oliva Coto 100 Gr","1990.00","1990.00"
24089,"Cereal Granola con Pasas Vita Cereal Georgalos 320 Gr","5333.99","5333.99"
24090,"Coco Rallado La Parmesana en Sobre 100 Gr","1715.00","1715.00"
24091,"Caballa en Aceite Lata Carrefour 380 Gr","2590.00","2590.00"
24092,"Palitos Fritos Salados 100 Gr","1229.00","1229.00"
24093,"Papas Fritas Acanalada Pehuamar 485 Gr","6015.00","6015.00"
24094,"Confitura de Frutos Del Bosque Frasco El Bolson 450 Gr","8250.00","8250.00"
24095,"Oblea Clasicas Sinfonia 4 Un 50 Gr","1250.00","1250.00"
24096,"Nueces con Cascara Huella Natural 500 Gr","3990.00","3990.00"
24097,"Galletitas de Hojaldre Triangulito Ronda Hojalmar 150 Gr","1137.99","1137.99"
24098,"Aceite de Oliva Extra Virgen Suave Nucete 500 Ml","13500.00","13500.00"
24099,"Tostaditas de Arroz Dulce Dos Hermanos 120 Gr","980.00","980.00"
24100,"Galletitas Anillos Vainilla Gold Mundo 250 Gr","1120.00","1120.00"
24101,"Mermelada de Durazno Frasco Emeth 454 Gr","3450.00","3450.00"
24102,"Te Lemon Pie en Saquitos Saint Gottard 20 Un","5169.00","5169.00"
24103,"Te Verde en Saquitos Frutilla Cachamai 40 Gr","1489.00","1489.00"
24104,"Galletitas Bañadas en Chocolate Angiola 180 Gr","2780.00","2780.00"
24105,"Postre para Preparar Vainilla Light Exquisita 50 Gr","865.00","865.00"
24106,"Vinagre de Alcohol Clasico Casalta 1 Lt","1353.00","1353.00"
24107,"Galletitas Integral Algarroba Pasas de Uva y Semillas de Girasol Takku Zafran 150 Gr","1550.00","1550.00"
24108,"Canela Molida La Parmesana 25 Gr","945.00","945.00"
24109,"Edulcorante en sobres Clasico Liv 50 Un 0.8 Gr","1699.00","1699.00"
24110,"Arroz Preparado Sabores del Mundo Curry Asiatico Gallo 240 Gr","2500.00","2500.00"
24111,"Mermelada Durazno Seleccion La Campagnola 390 Gr","3355.00","3355.00"
24112,"Cereales de Trigo Avena Arroz y Maiz Granix 250 Gr","1649.99","1649.99"
24113,"Bizcochuelo Chocolate Tres Capas 750 Gr","5409.00","5409.00"
24114,"Pochoclo Acaramelado 400 Gr","3890.00","3890.00"
24115,"Cereal de Arroz Nikitos 80 Gr","779.00","779.00"
24116,"Mani Salado 1 Kg","4699.00","4699.00"
24117,"Cafe Molido Torrado Intenso Bonafide Sensaciones 1 Kg","14245.00","14245.00"
24118,"Pasta Seca de Alubias y Quinoa sin TACC Wakas 250 Gr","3900.00","3900.00"
24119,"Maiz Pisado Blanco 1 Kg","3840.00","3840.00"
24120,"Esencia de Frutilla en Botella La Parmesana 110 Cc","1419.00","1419.00"
24121,"Mix de Frutas Secas 1 Kg","13990.00","13990.00"
24122,"Avena Instantanea Kuati 300 Gr","2489.00","2489.00"
24123,"Yerba Mate Suave Pipore 500 Gr","2449.00","2449.00"
24124,"Mate Cocido en Saquitos Sabores Inspiradores Cbse 25 Un","1225.00","1225.00"
24125,"Tostadas Multicereal Tosti 140 Gr","1769.00","1769.00"
24126,"Curry Frasco La Parmesana 50 Gr","1895.00","1895.00"
24127,"Fideos Mostacholes Don Bernabeu 500 Gr","900.00","900.00"
24128,"Mermelada de Pera Frasco El Brocal 420 Gr","4709.00","4709.00"
24129,"Aderezo Curry Ketchup Kansas 465 Gr","3400.00","3400.00"
24130,"Fideos Rigatti Don Bernabeu 500 Gr","735.00","735.00"
24131,"Fideos Guiseros Semolados Tirabuzon Coto 500 Gr","1149.00","1149.00"
24132,"Galletitas Pepas 9 De Oro 500 Gr","3321.99","3321.99"
24133,"Palmitos Enteros Ciudad Del Lago 800 Gr","6882.90","6882.90"
24134,"Albahaca 50 Gr","910.00","910.00"
24135,"Alfajor sin TACC Dulce de Leche Simple Smams 3 Un 150 Gr","3935.00","3935.00"
24136,"Alfajor de Maicena Alfa Pampa 60 Gr","749.99","749.99"
24137,"Cafe en Capsulas Americano Caja Dolce Gusto 16 Un","16405.00","16405.00"
24138,"Galletitas con Semillas Don Satur Talitas 140 Gr","1599.00","1599.00"
24139,"Sal Gruesa en Salero Carrefour 750 Gr","3490.00","3490.00"
24140,"Papas Fritas Cebolla y Crema Coto Tbo 160 Gr","3324.99","3324.99"
24141,"Gomitas Frutilla con Crema Billiken 30 Gr","678.00","678.00"
24142,"Galletitas Vainilla con Chips de Chocolate Kapac 200 Gr","2400.00","2400.00"
24143,"Arroz para Sushi 1 Un","2300.00","2300.00"
24144,"Arvejas Secas Remojadas Inca 350 Gr","737.00","737.00"
24145,"Cafe en Capsulas Cappuccino La Virginia 8 Un","9960.00","9960.00"
24146,"Mani Sabor Limon y Pimienta Chef King 80 Gr","1100.00","1100.00"
24147,"Galletitas de Chocolate Rellenas Rumba 112 Gr","1500.00","1500.00"
24148,"Salsa Mediterranea Rina Matarazzo 340 Gr","4999.00","4999.00"
24149,"Pera Copa de Oro Light 800 Gr","2199.00","2199.00"
24150,"Barra de Cereal Manzana y Chia Zafran 4 Un 28 Gr","4200.00","4200.00"
24151,"Tallarines de Semolin Casero 500 Gr","2365.00","2365.00"
24152,"Chupetin Relleno Tuti Frutti Flynn Paff 24 Un","5639.00","5639.00"
24153,"Barrita Vegana Castañas de Caju Frutos Rojos Laddu Bar 30 Gr","849.00","849.00"
24154,"Aceite de Oliva Extra Virgen Clasico Lira 250 Ml","6630.00","6630.00"
24155,"Yerba Hierbas Serranas con Cedron Cachamate 1 Kg","3529.00","3529.00"
24156,"Caramelo Durazno sabor Sandia Halls 28 Gr","689.99","689.99"
24157,"Mermelada de Arandano Emeth 454 Gr","3850.00","3850.00"
24158,"Dulce de Leche Poncho Negro 450 Gr","3919.00","3919.00"
24159,"Premezcla para Galletitas Kids sin TACC Bio 140 Gr","4705.00","4705.00"
24160,"Aji Molido Dicomere 50 Gr","1399.00","1399.00"
24161,"Budin Sabor a Vainilla 180 Gr","1399.00","1399.00"
24162,"Te en Saquitos Ensobrados Naranja y Canela y Anis Saint Gottard 20 Un","5100.00","5100.00"
24163,"Pepas Don Satur 300 Gr","1349.99","1349.99"
24164,"Tostadas con Salvado Light Fitz Roy 200 Gr","2039.99","2039.99"
24165,"Nueces Peladas 1 Kg","15999.00","15999.00"
24166,"Aceto Balsamico Lira 250 Ml","2730.00","2730.00"
24167,"Pasas de Uva Morena Sultana 1 Kg","5868.00","5868.00"
24168,"Salsa Italiana La Campagnola 340 Gr","1039.00","1039.00"
24169,"Aceite de Canola Sabor Albaca Krol 500 Cc","8400.00","8400.00"
24170,"Galletitas Limon Pamela 180 Gr","1150.99","1150.99"
24171,"Mate Cocido en Saquitos Sabores Favoaritos Cbse 25 Un","1225.00","1225.00"
24172,"Alfajor de Leche Blister Chammas 6 Un","3269.00","3269.00"
24173,"Tomate Perita Lata Canale 400 Gr","1331.00","1331.00"
24174,"Mix Semillas 1 Kg","6990.00","6990.00"
24175,"Salsa Barbacoa Doypack Danica 220 Gr","923.00","923.00"
24176,"Jardinera Doña Pupa 340 Gr","864.00","864.00"
24177,"Mini Alfajor Negro Tofi 6 Un 144 Gr","2060.00","2060.00"
24178,"Salsa Blanca La Parmesana 40 Gr","595.00","595.00"
24179,"Semilla Chia 1 Kg","8870.00","8870.00"
24180,"Mermelada Frutilla con Stevia y Semillas Frasco Cuarto Creciente 400 Gr","5180.00","5180.00"
24181,"Arroz Preparado Mediterraneo Gallo 240 Gr","2500.00","2500.00"
24182,"Cafe Instantaneo Intenso Frasco Morenita 170 Gr","5600.00","5600.00"
24183,"Semilla Quinoa 1 Kg","16540.00","16540.00"
24184,"Pimienta Blanca en Grano Alicante 25 Gr","1265.00","1265.00"
24185,"Semillas de Sesamo 100 Gr","890.00","890.00"
24186,"Gelatina en Polvo Frutilla Light Bc 18 Gr","945.00","945.00"
24187,"Yerba Mate Hierbas Cuyana Cbse 500 Gr","1589.00","1589.00"
24188,"Fideos Risoni Alubia y Arroz sin TACC Wakas 300 Gr","4500.00","4500.00"
24189,"Budin con Chips Bulnez 180 Gr","999.00","999.00"
24190,"Vinagre de Alcohol sin TACC Favinco 500 Ml","921.00","921.00"
24191,"Canela Molida 50 Gr","1040.00","1040.00"
24192,"Bizcochuelo Vainilla Tres Capas 750 Gr","5409.00","5409.00"
24193,"Granola Muesli Kuati 250 Gr","3599.00","3599.00"
24194,"Aceituna Verde Descarozada 125 Gr","3485.00","3485.00"
24195,"Mani con Cascara 1 Kg","5590.00","5590.00"
24196,"Vinagre de Alcohol Saborizado Mediterraneo Favinco 1 Lt","1836.00","1836.00"
24197,"Pasa de Uva con Chocolate 1 Kg","4690.00","4690.00"
24198,"Crackers Mediterraneas sin Tacc Shiva 100 Gr","2650.00","2650.00"
24199,"Laurel Triturado Dos Anclas 25 Gr","1000.00","1000.00"
24200,"Te Clasic Virgin Island en Saquitos La Virginia 25 Un","8450.00","8450.00"
24201,"Pastas sin Gluten de Arveja y Chia Wakas 250 Gr","3900.00","3900.00"
24202,"Mini Polvoron 1 Un","2490.00","2490.00"
24203,"Fideos Nido al Huevo N° 6 El Record 500 Gr","2000.00","2000.00"
24204,"Mermelada de Arandanos Frasco Caroyense 454 Gr","3590.00","3590.00"
24205,"Harina de Trigo 000 Catriel 1 Kg","699.00","699.00"
24206,"Barra de Cereal Arandanos y Almendras Zafran 4 Un 24 Gr","4050.00","4050.00"
24207,"Infusion Vida Sana Detox Caja Saint Gott 72 Gr 20 Un","3135.00","3135.00"
24208,"Budin Vainilla 180 Gr","1399.00","1399.00"
24209,"Mani Japones 1 Kg","6290.00","6290.00"
24210,"Cafe Tostado Molido Intenso Nescafe Gold 250 Gr","14978.00","14978.00"
24211,"Galletitas sin TACC Santa Maria 100 Gr","1900.00","1900.00"
24212,"Salerosa Molinillo Indo Deli 65 Gr","4950.00","4950.00"
24213,"Granola Tradicional Kuati 400 Gr","5210.00","5210.00"
24214,"Arroz Preparado sabor Verdeo Gallo 240 Gr","2100.00","2100.00"
24215,"Te de Matcha Menta y Limon Saint Gottard 72 Gr","3965.00","3965.00"
24216,"Granola 5 Semillas Georgalos 320 Gr","4890.99","4890.99"
24217,"Pasta de Mani Crocante Entre Nuts 380 Gr","4199.00","4199.00"
24218,"Grissines con Salvado Don Firenze 200 Gr","1803.99","1803.99"
24219,"Pure de Tomate Corper 520 Gr","983.00","983.00"
24220,"Edulcorante con Sucralosa en Sobres Hileret Zucra 50 Un","2300.00","2300.00"
24221,"Fideos Dedalitos Terrabusi 500 Gr","975.00","975.00"
24222,"Obleas Frutilla Crema Sinfonia Gaona 50 Gr","400.00","400.00"
24223,"Galletitas Rellenas con Jalea Mini Pitusas 140 Gr","1059.00","1059.00"
24224,"Galletas de Arroz sin TACC Multicereal Grandiet 100 Gr","1050.00","1050.00"
24225,"Sal Gruesa Yodada en Paquete Dos Anclas 5 Kg","5749.00","5749.00"
24226,"Galletitas Vainilla con Baño Repostero Anillitos Aglu 140 Gr","2350.00","2350.00"
24227,"Pepas Organicas con Frambuesa Grun 150 Gr","3805.00","3805.00"
24228,"Bizcochuelo Chocolate Rectangular Tres Capas Bon Mase 450 Gr","3987.99","3987.99"
24229,"Aceitunas Verdes en Salmuera Nucete 330 Gr","1263.00","1263.00"
24230,"Miel Cremosa Montecitos 300 Gr","5000.00","5000.00"
24231,"Tortillas con Semillas Chia Nuestros Sabores 80 Gr","1250.00","1250.00"
24232,"Vainillas Coto 500 Gr","3457.99","3457.99"
24233,"Alfajor Dulce de Leche sin TACC Yuka 6 Un","4165.00","4165.00"
24234,"Aceitunas Verdes Rellenas Doypack Nucete 220 Gr","1391.00","1391.00"
24235,"Tableta Chocolate con Leche Tokke 60 Gr","1189.00","1189.00"
24236,"Pickle Mixto Ciudad Ciudad Del Lago 1 Kg","5199.90","5199.90"
24237,"Palito Salado Pehuamar 620 Gr","6259.00","6259.00"
24238,"Barra de Cereal con Frutos del Bosque Vita Cereal 23 Gr","608.99","608.99"
24239,"Vinagre de Alcohol sin TACC Favinco 1 Lt","1257.00","1257.00"
24240,"Avena Tradicional Kuati 300 Gr","2489.00","2489.00"
24241,"Galletitas Mini Crackers 5 Semillas Coto 250 Gr","1294.99","1294.99"
24242,"Confites Rellenos con Chocolate Rocklets 500 Gr","10249.00","10249.00"
24243,"Arroz Preparado Mix de Vegetales Galloo 240 Gr","2100.00","2100.00"
24244,"Mejillon en Aceite Robinson Crusoe 190 Gr","3701.90","3701.90"
24245,"Galletitas Dulces de Arroz sabor Chocolate Gallo Snack 100 Gr","780.00","780.00"
24246,"Adobo para Pizza Granero 1 Kg","10900.00","10900.00"
24247,"Mejillones en Escabeche Coto 111 Gr","3760.90","3760.90"
24248,"Poroto de Soja 1 Kg","999.00","999.00"
24249,"Lentejones Chilenos Mister Food 400 Gr","1830.00","1830.00"
24250,"Sopa Natural Crema de Legumbres y Vegetales Alicante 10 Un 68 Gr","1450.00","1450.00"
24251,"Galletitas Sabor Chocolate Festival 300 Gr","1720.99","1720.99"
24252,"Vainillas Pozo 160 Gr","1387.99","1387.99"
24253,"Galletitas Dulces Mantekitas Turimar 400 Gr","1575.00","1575.00"
24254,"Aceite de Oliva Ciudad Del Lago 500 Ml","9800.00","9800.00"
24255,"Nuez Pelada Mariposa 1 Kg","14999.00","14999.00"
24256,"Obleas Chocolate Gullon 70 Gr","3600.00","3600.00"
24257,"Edulcorante con Sucralosa en Sobres Hileret Zucra 100 Un","3629.00","3629.00"
24258,"Budin de Vainilla Dulce Mama 170 Gr","1815.99","1815.99"
24259,"Barra Chocolate con Rocklets 44 Gr","1227.99","1227.99"
24260,"Bombon Surtido Especial 223 Gr","3350.00","3350.00"
24261,"Mermelada Diet de Arandano Frasco Cuarto Creciente 400 Gr","3850.00","3850.00"
24262,"Biscuit Capri 105 Gr","1107.99","1107.99"
24263,"Te Cedron en Saquitos Saint Gottard 20 Un","1690.00","1690.00"
24264,"Galletitas Coco Mini Pamela 180 Gr","1150.99","1150.99"
24265,"Cafe en Capsulas Descafeinado Carrefour 16 Un","11990.00","11990.00"
24266,"Semillas de Girasol Skinny Pipas 150 Gr","1800.00","1800.00"
24267,"Filtro para Cafe Tipo Canasta Domestic 50 Un","3690.00","3690.00"
24268,"Snack Pizza Cross Saladix 67 Gr","1083.99","1083.99"
24269,"Mostaza con Miel Selection Carrefour 220 Gr","4190.00","4190.00"
24270,"Fideos Nido 308 500 Gr","2275.00","2275.00"
24271,"Polvo Bizcochuelo Chocolate sin TACC Kapac 500 Gr","3700.00","3700.00"
24272,"Fideos Cabello de Angel de Semola 308 500 Gr","1609.50","1609.50"
24273,"Edulcorante Sucra Equilibrado en Sobres Tuy 50 Un","2350.00","2350.00"
24274,"Nueces con Cascara 1 Kg","5999.00","5999.00"
24275,"Arroz Preparado sabor Queso Gallo 240 Gr","2100.00","2100.00"
24276,"Jardinera de Verduras sin Sal Inalpa 300 Gr","950.00","950.00"
24277,"Ciruela D'Agen 1 Kg","3999.00","3999.00"
24278,"Galletitas Rellenas de Limon Smams 105 Gr","1659.00","1659.00"
24279,"Copos de Maiz Zucaritas Flakes 200 Gr","2015.99","2015.99"
24280,"Castañas de Caju Saladas Granero 1 Kg","26990.00","26990.00"
24281,"Capuccino Light La Virginia 9 Gr","4600.00","4600.00"
24282,"Coctel de Frutas en Lata Ciudad del Lago 820 Gr","3564.00","3564.00"
24283,"Salsa Ranch en Frasco La Parmesana 300 Gr","2430.00","2430.00"
24284,"Snacks Original Saladix 65 Gr","1389.00","1389.00"
24285,"Volcan Chocolate Caja Fudy 2 Un","10799.00","10799.00"
24286,"Mermelada de Arandano Light Cormillot 390 Gr","3400.00","3400.00"
24287,"Cafe Molido Torrado Puro Aroma La Virginia 250 Gr","5169.00","5169.00"
24288,"Mix de Especias Dos Anclas 25 Gr","638.00","638.00"
24289,"Avena Tradicional Egran 400 Gr","1929.00","1929.00"
24290,"Tomate Cubeteado Canale 400 Gr","1649.00","1649.00"
24291,"Miel Cremosa Montecitos 500 Gr","7250.00","7250.00"
24292,"Mate Cocido en Saquitos Yer-Vita 100 Un","5085.00","5085.00"
24293,"Vinagre de Manzana sin TACC Favinco 1 Lt","2990.00","2990.00"
24294,"Palitos Salados Slices 120 Gr","790.00","790.00"
24295,"Semillas Mix Omega Pou Wanuka 150 Gr","2500.00","2500.00"
24296,"Mani con Cascara Salteado 1 Kg","4999.00","4999.00"
24297,"Azucar Comun Azucel 1 Kg","990.00","990.00"
24298,"Mostaza Granos con Miel Selection Carrefour 220 Gr","4190.00","4190.00"
24299,"Avena Tradicional Balance Nutrifoods 300 Gr","2385.99","2385.99"
24300,"Budin Chocolate 9 De Oro 170 Gr","2060.99","2060.99"
24301,"Curcuma Molida Frasco La Parmesana 40 Gr","2199.00","2199.00"
24302,"Gomitas Jelly Buttons Mogul 220 Gr","2100.00","2100.00"
24303,"Mermelada de Frutilla Light El Brocal 420 Gr","5870.00","5870.00"
24304,"Coco Rallado Pou Wanuka 80 Gr","2850.00","2850.00"
24305,"Cappuccino Instantaneo Doypack La Virginia 275 Gr","6300.00","6300.00"
24306,"Salsa Habanero Buffalo 260 Gr","2289.00","2289.00"
24307,"Galletitas Cofler Block 124 Gr","1309.00","1309.00"
24308,"Alfajor Mini de Chocolate Relleno de Dulce de Leche Jorgito 160 Gr","2871.99","2871.99"
24309,"Tomillo 50 Gr","650.00","650.00"
24310,"Bombon Chocolate Relleno con Dulce de Leche Bon o Bom 192 Gr","5361.99","5361.99"
24311,"Arvejas Remojada Doña Pupa 340 Gr","582.00","582.00"
24312,"Copos de Maiz Naturales Granix 400 Gr","1459.99","1459.99"
24313,"Yerba Mate Endulife Dr. Cormillot Cbse 500 Gr","1589.00","1589.00"
24314,"Castaña Tostada y Salada 50 Gr","1590.00","1590.00"
24315,"Saborizador para Carnes Dos Anclas 25 Gr","750.00","750.00"
24316,"Vainillas Coto 170 Gr","1259.99","1259.99"
24317,"Mayonesa Pouch Danica 500 Gr","1212.00","1212.00"
24318,"Galletas Dietnature Fibra Integral Gullon 170 Gr","6050.00","6050.00"
24319,"Galletitas de Sesamo Granix 185 Gr","957.99","957.99"
24320,"Tostadas de Arroz Dulces Criollitas 110 Gr","2088.99","2088.99"
24321,"Budin Europeo Vainilla Etiqueta Negra 300 Gr","4790.00","4790.00"
24322,"Edulcorante Liquido Clasico Equalsweet 180 Cc","2975.00","2975.00"
24323,"Aceite de Coco Virgen Chiagraal 180 Ml","10630.00","10630.00"
24324,"Pimenton Dicomere 50 Gr","849.00","849.00"
24325,"Almendra Pelada Blancamen 100 Gr","2990.00","2990.00"
24326,"Jugo de Limon Monte Alto 1 Lt","2390.00","2390.00"
24327,"Alfajor de Chocolate Terrabusi 6 Un 300 Gr","4481.99","4481.99"
24328,"Salsa Barbacoa Lc 250 Gr","1075.00","1075.00"
24329,"Bombones Surtido Seleccion Caja Arcor 228.6 Gr","6122.99","6122.99"
24330,"Mix Especias Merken 1854 70 Gr","4080.00","4080.00"
24331,"Popcorn Salado Manteca para Microondas Marlom s","1858.99","1858.99"
24332,"Caramelo Dulce de Leche Butter Toffees 140 Gr","1836.99","1836.99"
24333,"Barra de Avena Mani Arandanos Integra 41 Gr","1260.00","1260.00"
24334,"Cafe Instantaneo Suave sin Azucar Frasco La Planta 170 Gr","7860.30","7860.30"
24335,"Albahaca sobre Dicomere 30 Gr","1189.00","1189.00"
24336,"Caldo en Polvo de Verduras Maggi 35 Gr","750.00","750.00"
24337,"Tableta de Chocolae con Mani Vizzio 85 Gr","1489.00","1489.00"
24338,"Saborizador para Tucos y Guisos Dos Anclas 25 Gr","713.00","713.00"
24339,"Arroz Preparado sabor Cheddar Lucchetti 240 Gr","1700.00","1700.00"
24340,"Azucar Rubia Organica Beepure 700 Gr","4479.00","4479.00"
24341,"Salsa Provenzal La Parmesana 300 Cc","2049.00","2049.00"
24342,"Yerba Mate Sabor Coco Cachamate 500 Gr","1879.00","1879.00"
24343,"Arroz Largo Fino 0000 Ciudad Del Lago 1 Kg","1750.00","1750.00"
24344,"Mini Bizcochos Oliva y Parmesano Rianitos 200 Gr","1589.00","1589.00"
24345,"Aceitunas Negras Doypack Castell 180 Gr","2109.00","2109.00"
24346,"Pudding con Semillas 200 Gr","3980.00","3980.00"
24347,"Papas Fritas Slices 250 Gr","2769.00","2769.00"
24348,"Fideos Nido Huevo Punta Mogotes 500 Gr","1925.00","1925.00"
24349,"Edulcorante Sucra Equilibrado en Sobres Tuy 200 Un","7275.00","7275.00"
24350,"Oblea Chocolate Zupay 50 Gr","449.99","449.99"
24351,"Cafe Instantaneo Clasico La Virginia 100 Gr","3850.00","3850.00"
24352,"Masa Torta Frita 1 Kg","2030.00","2030.00"
24353,"Bombones Blancos 15 Gr","6083.99","6083.99"
24354,"Mermelada de Ciruela Dulcor 500 Gr","1629.00","1629.00"
24355,"Talitas Sabor Jamon Hojalmar 100 Gr","1270.99","1270.99"
24356,"Galletas de Chocolate Pamela 170 Gr","1235.99","1235.99"
24357,"Premezcla para Pizza Pureza 550 Gr","1725.00","1725.00"
24358,"Almohaditas Rellenas Chocolate sin TACC Snuks 240 Gr","2999.99","2999.99"
24359,"Mix de Especias Garam Masala 1854 75 Gr","4150.00","4150.00"
24360,"Miel de Eucalipto Selection Carrefour 300 Gr","5190.00","5190.00"
24361,"Endulzante en Sobres Stevia Equals 200 Un","10145.00","10145.00"
24362,"Aceite de Maiz Arcor 900 Ml","4450.00","4450.00"
24363,"Garbanzos Granero 1 Kg","3700.00","3700.00"
24364,"Nuez Moscada Molida Frasco La Parmesana 50 Gr","5779.00","5779.00"
24365,"Aderezo Humo Liquido en Frasco San Giorgio 70 Ml","4350.00","4350.00"
24366,"Fideos Mostacholes Rayados Terrabusi 500 Gr","975.00","975.00"
24367,"Chimichurri Dicomere 50 Gr","849.00","849.00"
24368,"Papas Fritas sabor Crema Cebolla Krachitos 55 Gr","2000.00","2000.00"
24369,"Te Negro Chocolate Vainilla Naranja O'Clock 40 Gr 20 Un","2245.00","2245.00"
24370,"Fideos Tallarin con Espinaca N2 308 500 Gr","1950.00","1950.00"
24371,"Barras de Cereales con Yogur Sabor Frutilla Carrefour 6 Un","2950.00","2950.00"
24372,"Pan para Hamburgesa con Sesamo La Torteria 200 Gr","2245.99","2245.99"
24373,"Mermelada de Damasco Emeth 420 Gr","1200.00","1200.00"
24374,"Mermelada de Frambuesa Emeth 454 Gr","3850.00","3850.00"
24375,"Caballa en Aceite Pennisi 380 Gr","2431.00","2431.00"
24376,"Ramen Verduras Nissin 85 Gr","1965.60","1965.60"
24377,"Papa Frita Corte Español 100 Gr","1229.00","1229.00"
24378,"Bocaditos de Higo con Almendra 165 Gr","3290.00","3290.00"
24379,"Edulcorante Sweet Equilibrado en Sobres Tuy 200 Un","6609.00","6609.00"
24380,"Premezcla para Pizza sin TACC Kapac 500 Gr","3919.00","3919.00"
24381,"Premezcla para Cookies Sabor Vainilla con Chips Exquisita 12 Un 300 Gr","1600.00","1600.00"
24382,"Yerba Playadito 1 Kg y Bombilla 1 Un y Mate 1 Un","25409.00","25409.00"
24383,"Duraznos en Trozos Lata Alco 820 Gr","3023.90","3023.90"
24384,"Chocolate con Mani Georgalos 160 Gr","2999.00","2999.00"
24385,"Calamar en Aceite Trozado Lata Coto 111 Gr","4314.90","4314.90"
24386,"Pan Hamburguesas Carrefour 4 Un","1690.00","1690.00"
24387,"Galletitas Dulces de Hojaldre Snack Matero Hojalmar 180 Gr","1260.99","1260.99"
24388,"Galletas de Arroz Grandiet 100 Gr","1050.00","1050.00"
24389,"Fideos Tallarin con Morron N2 308 500 Gr","1950.00","1950.00"
24390,"Edulcorante en Sobres Hileret Sweet 100 Un","3332.00","3332.00"
24391,"Alfajor Fantoche Night 50 Gr","690.00","690.00"
24392,"Almendras Tostadas Natural Candy 100 Gr","4709.00","4709.00"
24393,"Miel Liquida Algarrobo Selection Carrefour 300 Gr","4890.00","4890.00"
24394,"Galletitas de Arroz y Maiz Vainilla Grandiet 100 Gr","1050.00","1050.00"
24395,"Anana en Rodajas Coto Premium 227 Gr","1793.00","1793.00"
24396,"Filetes de Anchoas a la Calabresa Delicias Marinas 90 Gr","3900.00","3900.00"
24397,"Galletitas Dulces Rellenas Sabor Chocolate Oreo 118 Gr","1593.99","1593.99"
24398,"Aceite de Oliva Ciudad Del Lago 250 Ml","7475.00","7475.00"
24399,"Yerba Mate Compuesta Don Arregui 500 Gr","1600.00","1600.00"
24400,"Arroz Largo Fino Luchetti 500 Gr","1295.00","1295.00"
24401,"Oregano Dicomere 50 Gr","679.00","679.00"
24402,"Edulcorante en Estuche Hileret Zucra 100 Gr","4076.10","4076.10"
24403,"Yerba Mate con Palo Hierbas Playadito 500 Gr","3186.00","3186.00"
24404,"Ciruela sin Carozo 1 Kg","5199.00","5199.00"
24405,"Fideos Instantaneos Ramen Carne Nissin 85 Gr","1965.60","1965.60"
24406,"Miel Liquida Pote Trebolar 250 Gr","1940.00","1940.00"
24407,"Cacao en Polvo Arcoa 360 Gr","2100.00","2100.00"
24408,"Barra de Cereal Yogur Light Flow Cereal 20 Un 24 Gr","650.00","650.00"
24409,"Yerba Mate Hierbas Serranas Natura 500 Gr","1990.00","1990.00"
24410,"Saborizador para Pure y Pastas Dos Anclas 25 Gr","919.00","919.00"
24411,"Cafe Molido Torrado en Bolsa Cabrales 1 Kg","14329.00","14329.00"
24412,"Papas Fritas Jamon Serrano Lays 34 Gr","1585.00","1585.00"
24413,"Galletitas Salvado Cerealitas 208 Gr","1250.00","1250.00"
24414,"Cookies de Chocolate 200 Gr","2490.00","2490.00"
24415,"Premezcla para Prepar Postre Light Dulce de Leche Exquisita 60 Gr","865.00","865.00"
24416,"Sal del Himalaya Doypack Wanuka 260 Gr","4380.00","4380.00"
24417,"Yerba Mate Suave con Palo Suave Pipore 1 Kg","4352.00","4352.00"
24418,"Fideos Tallarines Al Huevo Don Felipe 500 Gr","1670.00","1670.00"
24419,"Mani Crocante Sabor Pizza Mani King 100 Gr","1200.00","1200.00"
24420,"Filtro de Cafe Papel Numero Melitta 30 Un","3790.00","3790.00"
24421,"Caramelos Confitados Yogurt Caja Flynn Paff 50 Gr","775.00","775.00"
24422,"Fideos Guiseros Semolado Mostacholes Cuidad del Lago 500 Gr","1050.00","1050.00"
24423,"Merengues Urquiza 150 Gr","2149.00","2149.00"
24424,"Barra de Cereales con Coco y Chocolate Cereanola 6 Un 126 Gr","2810.00","2810.00"
24425,"Mayonesa D'Fiesta 950 Gr","2165.00","2165.00"
24426,"Mermelada de Naranja El Brocal 420 Gr","3725.00","3725.00"
24427,"Ketchup Doypack D Fiesta Danica 220 Gr","878.00","878.00"
24428,"Salsa Sriracha Picante Buffalo 260 Gr","2644.00","2644.00"
24429,"Avellanas Peladas 1 Kg","33490.00","33490.00"
25408,"Helado Pote Oreo 95 Gr","2919.00","2919.00"
24430,"Choclo Cremoso Amarillo Dona Pupa 340 Gr","676.00","676.00"
24431,"Turron de Mani Chocolatada Arcor 25 Gr","235.99","235.99"
24432,"Galletitas Salvado Granix 240 Gr","1249.99","1249.99"
24433,"Alfajor Chocolate Jorgito 6 Un 330 Gr","5613.99","5613.99"
24434,"Atun en Trozos en Aceite Ciudad Del Lago 170 Gr","2363.90","2363.90"
24435,"Yerba Mate Menta y Limon Caja 500 Gr","2900.00","2900.00"
24436,"Galletitas Surtidas Festiva Max 300 Gr","1726.99","1726.99"
24437,"Galletitas con Chips de Chocolate sin TACC Yuka 150 Gr","2159.00","2159.00"
24438,"Fideos Tallarin Semolin al Huevo N2 308 500 Gr","1835.00","1835.00"
24439,"Galletitas Sabor Almendra Palitos Trimak 170 Gr","785.00","785.00"
24440,"Salsa Cheddar Picante Dos Anclas 350 Gr","4039.00","4039.00"
24441,"Carnes sin Sal en Frasco Indo Deli 35 Gr","4950.00","4950.00"
24442,"Vinagre de Vino Silva 1 Lt","1365.00","1365.00"
24443,"Alfajor de Chocolate con Mousse Mini Jorgito 6 Un","2871.99","2871.99"
24444,"Almendra Pelada Granero 1 Kg","18999.00","18999.00"
24445,"Yerba Mate con Palo Romance 1 Kg","4900.00","4900.00"
24446,"Mix Finas Hierbas Alicante 20 Gr","1239.00","1239.00"
24447,"Vinagre de Alcohol Dos Anclas 1 Lt","1300.00","1300.00"
24448,"Te en Saquitos Crysf 100 Un","2652.00","2652.00"
24449,"Mermelada Frutos Rojos Bc La Campagnola 390 Gr","3050.00","3050.00"
24450,"Snack Papas Fritas Sabor Original Cross Saladix 135 Gr","2231.99","2231.99"
24451,"Cafe Instantaneo Clasico en Saquitos La Virginia 36 Un","5469.00","5469.00"
24452,"Avena Instantanea Arrollada Coto 400 Gr","1999.99","1999.99"
24453,"Garbanzo 1 Kg","2999.00","2999.00"
24454,"Fideos Cinta Natural Light Grandiet 300 Gr","3969.00","3969.00"
24455,"Talitas Clasicas Hojalmar 120 Gr","1270.99","1270.99"
24456,"Merluza en Aceite Marbella 340 Gr","1740.00","1740.00"
24457,"Alfajor Glaseado con Dulce de Leche Rscolar Vimar 28 Gr","219.00","219.00"
24458,"Mini Crackers con Semillas de Sesamo Paseo 300 Gr","1250.00","1250.00"
24459,"Mermelada de Ciruela El Brocal 420 Gr","3725.00","3725.00"
24460,"Mostaza con Miel en Frasco La Parmesana 300 Gr","2400.00","2400.00"
24461,"Semillas de Sesamo Tostadas Sturla 25 Gr","2690.00","2690.00"
24462,"Aceitunas Verdes en Doypack Yovinessa 250 Gr","1881.00","1881.00"
24463,"Nuez Moscada en Granos 2 Un","1150.00","1150.00"
24464,"Pickles en Vinagre Dopack Nucete 220 Gr","1445.00","1445.00"
24465,"Premezcla para Galletitas sin TACC Bio 140 Gr","3039.00","3039.00"
24466,"Mix de Especias Surtidas Alicante 25 Gr","1300.00","1300.00"
24467,"Pure de Tomates sin TACC Arcor 1.05 Kg","1525.00","1525.00"
24468,"Arroz Preparado Mix de Semillas Gallo 240 Gr","2100.00","2100.00"
24469,"Champiñones Chem Bae 200 Gr","3899.00","3899.00"
24470,"Edulcorante Clasico en Sobres Tuy 200 Un","6500.00","6500.00"
24471,"Talitas Cintitas Sabor Pizza Tosti 100 Gr","1510.00","1510.00"
24472,"Arroz Integral Yamani 1 Kg","3990.00","3990.00"
24473,"Gomitas Rueditas Frutales Billiken 100 Gr","599.00","599.00"
24474,"Gomitas Bunny Slurps Trembly 48 Gr","819.99","819.99"
24475,"Semola de Trigo Rimacinata Bonalma 1 Kg","6379.00","6379.00"
24476,"Jugo de Limon en Botella Dos Anclas 500 Cc","1908.00","1908.00"
24477,"Crackers Mix Semillas sin Tacc Shiva 100 Gr","2400.00","2400.00"
24478,"Te Manzanilla con Anis La Virginia 25 Un","1569.00","1569.00"
24479,"Budin Ingles 9 De Oro 170 Gr","2060.99","2060.99"
24480,"Budin Vainilla 9 De Oro 170 Gr","2060.99","2060.99"
24481,"Mermelada de Frutilla Light Pote Dulcor 420 Gr","2335.00","2335.00"
24482,"Biscuits Bay Biscuit 142 Gr","2149.99","2149.99"
24483,"Fideos Guiseros Semolado Mostacholes Coto 500 Gr","1149.00","1149.00"
24484,"Mix de Pimientas Molinillo Indo Deli 55 Gr","4950.00","4950.00"
24485,"Cebolla en Escamas 50 Gr","1150.00","1150.00"
24486,"Galletitas Marmoladas sin TACC Santa Maria 200 Gr","1900.00","1900.00"
24487,"Saborizador para Aves Dos Anclas 25 Gr","772.00","772.00"
24488,"Fideos Coditos La Campagnola 500 Gr","1729.00","1729.00"
24489,"Cafe en Capsulas Arabica Carrefour 16 Un","11990.00","11990.00"
24490,"Biscuits con Baño de Chocolate Soriano 180 Gr","600.00","600.00"
24491,"Yerba Mate Guarana Adelgamate 500 Gr","2336.19","2336.19"
24492,"Snack Cereal Natural Coconut Chocolate Doypack Natural Candy 100 Gr","2800.00","2800.00"
24493,"Aceite de Girasol Rocio Vegetal en Aerosol Coto 120 Gr","2699.00","2699.00"
24494,"Dulce de Leche Vacalin 400 Gr","2975.00","2975.00"
24495,"Yerba Mate Hierbas Serranas Etiqueta Negra Cbse 500 Gr","2575.00","2575.00"
24496,"Boldo 25 Gr","470.00","470.00"
24497,"Aceite de Maiz Mazola 900 Ml","4531.55","4531.55"
24498,"Nueces con Cascara La Egipciana 250 Gr","5999.00","5999.00"
24499,"Te de Hierbas Chai Especiado Saint Gottard 30 Gr","2840.00","2840.00"
24500,"Ñoquis Orali 500 Gr","2235.00","2235.00"
24501,"Comino Molido 50 Gr","910.00","910.00"
24502,"Alfajores de Maicena Deubel 6 Un","4315.00","4315.00"
24503,"Gelatinas Bruja Tembleke 16 Gr","769.99","769.99"
24504,"Ciruela 22/44 Presidente 1 Kg","7799.00","7799.00"
24505,"Tableta de Chocolate Tradicional Vauquita 80 Gr","1289.00","1289.00"
24506,"Gelatina en Polvo Sabor Cereza Godet 25 Gr","819.00","819.00"
24507,"Aceituna Negra Natural 1 Flowpack Castell 900 Gr","20410.00","20410.00"
24508,"Perejil Dicomere 30 Gr","849.00","849.00"
24509,"Yerba Mate con Palo Liebig Original 500 Gr","3189.00","3189.00"
24510,"Capsulas de Chocolate Carrefour 16 Un","11990.00","11990.00"
24511,"Cafe en Saquitos Crysf 20 Un","3716.00","3716.00"
24512,"Pimento Dos Anclas 50 Gr","1285.02","1285.02"
24513,"Fideos Cintas Argentinas al Huevo 308 500 Gr","1835.00","1835.00"
24514,"Granola y Chocolate Natural Candy 100 Gr","2800.00","2800.00"
24515,"Porotos Alubia Carrefour 500 Gr","2190.00","2190.00"
24516,"Yerba Mate Manzanilla La Cumbresita 500 Gr","1890.00","1890.00"
24517,"Mermelada de Naranja Frasco Emeth 450 Gr","3450.00","3450.00"
24518,"Te Manzanilla en Saquitos Saint Gottard 20 Un","1375.00","1375.00"
24519,"Aceitunas Negras en Rodajas Nucete 150 Gr","1445.00","1445.00"
24520,"Grisines Blancos Bammi 145 Gr","1960.00","1960.00"
24521,"Sardinas en Aceite Lata Coto 115 Gr","3190.00","3190.00"
24522,"Canela Molida Dos Anclas 30 Gr","1179.00","1179.00"
24523,"Te Verde 50 Gr","470.00","470.00"
24524,"Papas Fritas Sabor Asado Criollo 1 Un","1600.00","1600.00"
24525,"Chocolate con Leche Milka 67 Gr","2319.99","2319.99"
24526,"Lucchettinis Multicolor Lucchetti 500 Gr","3360.00","3360.00"
24527,"Dulce de Leche Repostero Tonadita 400 Gr","2330.95","2330.95"
24528,"Pure Instantaneo 4 Quesos Coto 100 Gr","1990.00","1990.00"
24529,"Aceituna Verde Balde 1 Kg","8900.00","8900.00"
24530,"Cafe Instantaneo Suave sin Azucar Doypack La Plata 110 Gr","5736.15","5736.15"
24531,"Alfajores de Maicena Trimak 140 Gr","1299.00","1299.00"
24532,"Bizcochitos de Hojaldre Minitriangulo Mafalda 180 Gr","1379.99","1379.99"
24533,"Galletitas Pepitas Parnor 160 Gr","976.99","976.99"
24534,"Te Verde Manzanilla y Naranja Saquitos Ensobrados Silencio Andino Inti Zen 30 Gr","4250.00","4250.00"
24535,"Alfajor de Arroz Relleno Limon Lulemuu 22 Gr","600.00","600.00"
24536,"Aceite Mezcla Girasol y Oliva Blend Natura 1.5 Lt","6770.97","6770.97"
24537,"Aceitunas Verdes Premium Nucete 400 Gr","6322.00","6322.00"
24538,"Porcion Budin de Limon 65 Gr","589.00","589.00"
24539,"Snack Sabor Jamon Gallo 50 Gr","220.00","220.00"
24540,"Alfajor de Arroz Relleno Marroc con Chocolate Lulemuu 22 Gr","509.00","509.00"
24541,"Semillas Girasol El Peoncito 100 Gr","920.00","920.00"
24542,"Anana en Trozos Ciudad Del Lago 567 Gr","2340.80","2340.80"
24543,"Pure de Tomate Tetrabrik Inca 520 Gr","1129.00","1129.00"
24544,"Vinagre de Vino Clasico Casalta 500 Ml","1519.00","1519.00"
24545,"Salsa de Soja en Botella Darama 500 Cc","2785.00","2785.00"
24546,"Te Menta en Saquitos Saint Gottard 20 Un","1555.00","1555.00"
24547,"Garrapiñada Mani King 80 Gr","420.07","420.07"
24548,"Poroto Colorado 1 Kg","2999.00","2999.00"
24549,"Edulcorante Liquido Hileret Sweet 400 Cc","4232.00","4232.00"
24550,"Choclo Cremoso sin Sal Agregada Lata Inalpa 300 Gr","750.00","750.00"
24551,"Chocolate Bicolor Hamlet 42 Gr","599.00","599.00"
24552,"Vinagre de Manzana Coto 1 Lt","2150.00","2150.00"
24553,"Bocaditos de Higo con Nuez Estuche Los Caroli 165 Gr","3290.00","3290.00"
24554,"Mini Bizcochos Lino y Chia Rianitos 200 Gr","1589.00","1589.00"
24555,"Semillas de Lino Pou Wanuka150 Gr","1600.00","1600.00"
24556,"Malta con Leche Doypack El Pocillo 100 Gr","3200.00","3200.00"
24557,"Bizcochitos Mini Original Rianitos 200 Gr","1489.00","1489.00"
24558,"Galletitas Sabor Limon Polvoron Trimak 170 Gr","785.00","785.00"
24559,"Polvo para Postre Vainilla Sobre Royal 75 Gr","1029.00","1029.00"
24560,"Laurel en Hojas 25 Gr","570.00","570.00"
24561,"Hongos Secos 50 Gr","2850.00","2850.00"
24562,"Mermelada de Naranja Dulcor 500 Gr","1410.00","1410.00"
24563,"Budin Marmolado 9 De Oro 170 Gr","2060.99","2060.99"
24564,"Papas Fritas Corte Americano Slices 250 Gr","3209.00","3209.00"
24565,"Galletitas Rellenas de Mouse de Chocolate Smams 105 Gr","1639.00","1639.00"
24566,"Pickles 1 Kg","2145.00","2145.00"
24567,"Semillas de Zapallo 1 Kg","20990.00","20990.00"
24568,"Curry 50 Gr","750.00","750.00"
24569,"Tomate Triturado Lata Inca 400 Gr","1099.00","1099.00"
24570,"Cafe en Capsulas Intenso Carrefour 16 Un","11990.00","11990.00"
24571,"Alfajor de Arroz Pasta de Mani Nat 28 Gr","750.00","750.00"
24572,"Aceite de Girasol Lira 1.5 Lt","3210.00","3210.00"
24573,"Pate con Pimienta en Lata Ciudad del Lago 125 Gr","2435.00","2435.00"
24574,"Arvejas Partidas 1 Kg","1499.00","1499.00"
24575,"Aceite de Coco Neutro Frasco Chia Graal 180 Ml","6865.00","6865.00"
24576,"Aceite de Coco Neutro Aerosol Chia Graal 190 Ml","9959.00","9959.00"
24577,"Ajies Chipotle en Trozos La Costeña 220 Gr","10135.00","10135.00"
24578,"Mermelada de Arandano Cuarto Creciente 400 Gr","4840.00","4840.00"
24579,"Aceite de Oliva Extra Virgen Nucete 500 Cc","13499.00","13499.00"
24580,"Salsa Criolla La Parmesana 300 Gr","2250.00","2250.00"
24581,"Mani Japones 1 Kg","5499.00","5499.00"
24582,"Chocolate de Leche con Almendra Cofler 100 Gr","4057.80","4057.80"
24583,"Mermelada de Pera Light Frasco El Brocal 400 Gr","4709.00","4709.00"
24584,"Coctel de Cuatro Frutas Light Lata Copa De Oro 800 Gr","3420.00","3420.00"
24585,"Pasas con Semilla 1 Kg","2999.00","2999.00"
24586,"Lentejas Secas Remojadas Doña Pupa 340 Gr","1002.00","1002.00"
24587,"Aceite de Oliva Virgen Morixe 500 Ml","10680.00","10680.00"
24588,"Alfajor con Dulce de Leche Vauquita 80 Gr","1250.00","1250.00"
24589,"Sesamo 1 Kg","7650.00","7650.00"
24590,"Ravioles de Calabaza sin TACC Manjar 400 Gr","6229.00","6229.00"
24591,"Snack Tomate y Romero Almadre 130 Gr","1799.00","1799.00"
24592,"Galletitas Bañadas Chocolatina Trio 300 Gr","2176.99","2176.99"
24593,"Pan para Superpancho Bolsa Briosh 390 Gr","2690.00","2690.00"
24594,"Ajo en Polvo Sobre Dicomere 50 Gr","1099.00","1099.00"
24595,"Papas Fritas Original Tubo Ciudad del Lago 140 Gr","2499.99","2499.99"
24596,"Semillas de Quinoa Pou Wanuka 150 Gr","3900.00","3900.00"
24597,"Cookies Chips de Chocolate 9 de Oro 180 Gr","1910.99","1910.99"
24598,"Te en Saquitos Clasico Big Ben 100 Un","2950.00","2950.00"
24599,"Chocolate Moneda Piratas Felfort 60 Un 5 Gr","26140.00","26140.00"
24600,"Miel Organica Montecitos 500 Gr","5970.00","5970.00"
24601,"Dulce de Leche Repostero Coto 400 Gr","1889.00","1889.00"
24602,"Barra Crocante con Mani y Miel Egran 150 Gr","3400.00","3400.00"
24603,"Mani Frito Salado Mani King 1 Kg","7509.00","7509.00"
24604,"Cafe Instantaneo Suave Doypack La Virginia 170 Gr","4759.00","4759.00"
24605,"Harina de Amaranto Sturla 250 Gr","3320.00","3320.00"
24606,"Alfajor Triple Negro Tatin 60 Gr","689.00","689.00"
24607,"Te Rojo 50 Gr","470.00","470.00"
24608,"Mermelada de Damasco Emeth 454 Gr","3450.00","3450.00"
24609,"Nuez con Cascara 1 Kg","4999.00","4999.00"
24610,"Condimento para Empanadas La Parmesana 20 Gr","450.00","450.00"
24611,"Provenzal Dicomere 50 Gr","949.00","949.00"
24612,"Arvejas Partidas Mister Food 400 Gr","1159.00","1159.00"
24613,"Tomate Triturado Doypack Carrefour 970 Gr","1990.00","1990.00"
24614,"Pulpa de Maracuya para Coctel Carrefour 453 Gr","3390.00","3390.00"
24615,"Risotto sabor Champiñones Gallo 240 Gr","3000.00","3000.00"
24616,"Maiz Piscingallo 1 Kg","1499.00","1499.00"
24617,"Mostaza Picante Buffalo 240 Gr","2382.00","2382.00"
24618,"Alfajor Negro B&N 50 Gr","739.99","739.99"
24619,"Capsulas Recargable para Maquina Nespresso 4 Un","18590.00","18590.00"
24620,"Yerba Mate Especial Romance 1 Kg","5049.00","5049.00"
24621,"Vinagre de Manzana Casalta 500 Ml","1903.00","1903.00"
24622,"Galletitas sin TACC Crackers Schar 219 Gr","9439.00","9439.00"
24623,"Saborizador para Arroz Dos Anclas 25 Gr","769.00","769.00"
24624,"Garrapiñada 1 Kg","5999.00","5999.00"
24625,"Filtro de Cafe N° 4 Melitta 48 Un","3990.00","3990.00"
24626,"Mini Tostada de Arroz Lulemuu 120 Gr","1069.00","1069.00"
24627,"Semola de Trigo Candeal Elio 400 Gr","1505.50","1505.50"
24628,"Cafe Instantaneo Granulado Tostado Frasco La Virginia 100 Gr","5360.00","5360.00"
24629,"Merenguitos Color La Amistad 150 Gr","1774.99","1774.99"
24630,"Fideos Spaghettini Barilla N3 Caja 500 Gr","5329.00","5329.00"
24631,"Galletitas Mini Crackers 8 Semillas Mazzei 180 Gr","1154.99","1154.99"
24632,"Papas Fritas Lisa Pehuamar 485 Gr","5895.00","5895.00"
24633,"Alfajor Tradicional Membrillo Blister Chammas 6 Un 40 Gr","3269.00","3269.00"
24634,"Alfajor Minitorta Blanco Aguila 69 Gr","1080.00","1080.00"
24635,"Mani Pelado y Salado Granero 1 Kg","5390.00","5390.00"
24636,"Granola Coconut Doypack Natural Candy 200 Gr","3000.00","3000.00"
24637,"Papas Fritas Corte Tradicional Classic 150 Gr","1990.00","1990.00"
24638,"Maiz Pisado Blanco 1 Kg","1499.00","1499.00"
24639,"Atun en Lomitos en Aceite y Agua Coto 165 Gr","2500.00","2500.00"
24640,"Pasta de Mani en Tableta Nucrem Georgalos 84 Gr","2146.99","2146.99"
24641,"Mermelada de Frutilla sin Azucar Cormillot 390 Gr","4395.00","4395.00"
24642,"Peras en Mitades en Lata Coto 800 Gr","2950.00","2950.00"
24643,"Vinagre de Vino Menoyo 1 Lt","2480.00","2480.00"
24644,"Sal Dietetica Ajo en Salero La Parmesana 50 Gr","4259.00","4259.00"
24645,"Porotos Pallares 500 Gr","5394.00","5394.00"
24646,"Galletitas Mini Crackers Sandwich Coto 250 Gr","1208.99","1208.99"
24647,"Mani con Cascara Croppers 280 Gr","2669.00","2669.00"
24648,"Granola Coconut Natural Candy 100 Gr","2800.00","2800.00"
24649,"Mani Salado Confitado Frasco Beepure 350 Gr","7745.00","7745.00"
24650,"Sardinas en Aceite Pennisi 160 Gr","2460.00","2460.00"
24651,"Alfajor de Arroz Negro Nat 22 Gr","750.00","750.00"
24652,"Granola Arandanos y Coco Kuati 250 Gr","3775.00","3775.00"
24653,"Galletitas Scones Mini Pamela 180 Gr","1150.99","1150.99"
24654,"Capelettini de Verdura Giacomo 500 Gr","3569.00","3569.00"
24655,"Te en Saquitos Ciudad Del Lago 25 Un","619.00","619.00"
24656,"Te en Saquitos Moringa Saint Gottard 20 Un","2110.00","2110.00"
24657,"Barra de Cereales con Frutilla Cereanola 6 Un 21 Gr","3183.99","3183.99"
24658,"Mostaza Suave en Frasco La Parmesana 300 Gr","2306.00","2306.00"
24659,"Fideos Tallarines al Huevo de Espinaca Coto 500 Gr","1459.00","1459.00"
24660,"Galletas de Arroz sin Sal Grandiet 100 Gr","1050.00","1050.00"
24661,"Mermelada de Durazno Diet 500 Gr","1795.00","1795.00"
24662,"Yerba Mate Despalada Salam 500 Gr","2550.00","2550.00"
24663,"Yerba Mate Frutos Tropicales Cbse 500 Gr","1589.00","1589.00"
24664,"Yerba Lata Playadito 500 Gr","8615.00","8615.00"
24665,"Bizcochuelo Vainilla Rectangular Tres Capas Bon Mase 750 Gr","5561.99","5561.99"
24666,"Lino Semillas 1 Kg","3290.00","3290.00"
24667,"Coctel de 4 Frutas Copa de Oro 820 Gr","3451.90","3451.90"
24668,"Galletitas Dulces de Chocolate Horoscopo Fantoche 12 Un 300 Gr","1889.99","1889.99"
24669,"Cafe Instantaneo Clasico Doypack La Virginia 170 Gr","4759.00","4759.00"
24670,"Mate Cocido en Saquitos Ensobrados Litoral 50 Un","3075.00","3075.00"
24671,"Papas Fritas Pay Nikitos 100 Gr","1199.00","1199.00"
24672,"Yerba Mate Burrito La Cumbresita 500 Gr","1890.00","1890.00"
24673,"Barra de Cereal Almendras Cereal Flow Georgalos 6 Un","3571.99","3571.99"
24674,"Chupetin Frutilla y Vainilla Palito de la Selva 432 Gr","4060.00","4060.00"
24675,"Papas Fritas sabor Ketchup Lays 77 Gr","1940.00","1940.00"
24676,"Confites de Chocolate M&M 150 Gr","7000.00","7000.00"
24677,"Alfajores de Chocolate 65 Gr","775.00","775.00"
24678,"Porotos Secos Remojados Doña Pupa 340 Gr","801.00","801.00"
24679,"Mejillones al Natural Coto 111 Gr","3628.90","3628.90"
24680,"Galletitas Manteca Pamela 180 Gr","1150.99","1150.99"
24681,"Canelon de Pollo y Verdura Coto x 1 Un","1449.00","1449.00"
24682,"Harina Leudante Carrefour 1 Kg","1250.00","1250.00"
24683,"Condimento para Hamburguesas La Parmesana 20 Gr","740.00","740.00"
24684,"Mermelada de Ciruela Pote Bulnez 500 Gr","1390.00","1390.00"
24685,"Mix de Arvejas y Zanahorias Bonduelle 400 Gr","7890.00","7890.00"
24686,"Pimienta Negra en Grano Dos Anclas 50 Gr","2808.00","2808.00"
24687,"Tostadas Integrales Riera 200 Gr","1435.99","1435.99"
24688,"Tostadas Clasicas Firenze 180 Gr","1746.99","1746.99"
24689,"Porotos sin TACC Alubia 200 Gr","1270.00","1270.00"
24690,"Ravioles Cuatro Quesos Carrefour 1 Kg","2990.00","2990.00"
24691,"Caldos en Polvo en Sobre Verdura Alicante 4 Un","915.00","915.00"
24692,"Mate Cocido en Saquitos Ciudad Del Lago 50 Un","1592.00","1592.00"
24693,"Alfajores Santafesinos Pack 4 Un","3200.00","3200.00"
24694,"Bizcochuelo Chocolate 3 Capas Bon Mase 750 Gr","5726.99","5726.99"
24695,"Yerba Mate Secadero 500 Gr","1990.00","1990.00"
24696,"Aceite de Oliva Extra Virgen Cocinero 250 Ml","6000.00","6000.00"
24697,"Chocolate Leche con Almendras Cofler 140 Gr","4270.00","4270.00"
24698,"Bizcochos de Hojaldre sabor Membrillo Mafalda 200 Gr","1748.99","1748.99"
24699,"Anis en Grano 50 Gr","920.00","920.00"
24700,"Pasta de Mani Cacao Entrenuts 380 Gr","4100.00","4100.00"
24701,"Mermelada de Frambuesa Light Cormillot 390 Gr","4029.00","4029.00"
24702,"Budin Chocolate 180 Gr","1399.00","1399.00"
24703,"Tapitas de Alfajor 96 Gr","1195.00","1195.00"
24704,"Tableta de Chocolate Amargo Intense 1891 90 Gr","2999.99","2999.99"
24705,"Gelatina en Polvo Sabor Durazno Sobre Godet 25 Gr","819.00","819.00"
24706,"Sal Dietetica sin Sabor en Salero La Parmesana 50 Gr","4650.00","4650.00"
24707,"Yerba Mate con Palo Rosamonte 1 Kg","4363.00","4363.00"
24708,"Galletas de Arroz Bañadas en Chocolate Lulemuu 22Gr","560.00","560.00"
24709,"Porcion Budin Marmolado 65 Gr","589.00","589.00"
24710,"Aderezo para Aves Pescados y Arroz Sazon 60 Gr","1199.00","1199.00"
24711,"Condimento Para Arroz Sobre Dicomere 50 Gr","649.00","649.00"
24712,"Mate Cocido en Saquitos Ciudad Del Lago 25 Un","839.00","839.00"
24713,"Nachos Sabor Original Redondos Macritas 150 Gr","2300.00","2300.00"
24714,"Vinagre de Alcohol Silva Sapori 5 Lt","2970.00","2970.00"
24715,"Hoja Parra Meridiano 800 Gr","9829.00","9829.00"
24716,"Salsa de Chimichurri Ahumado La Parmesana 300 Cc","1700.00","1700.00"
24717,"Copos de Maiz Corn Flakes 150 Gr","1250.00","1250.00"
24718,"Capuccino Dulce de Leche Doypack La Virginia 155 Gr","3800.00","3800.00"
24719,"Semillas de Girasol Peladas Pipas 180 Gr","1800.00","1800.00"
24720,"Chocolate Extraf 70% Cacao Aguila 150 Gr","5248.99","5248.99"
24721,"Aceite de Canola Krol 250 Cc","6559.00","6559.00"
24722,"Cedron Corte Fino 25 Gr","470.00","470.00"
24723,"Mermelada Light de Durazno Frasco Emeth 390 Gr","4425.00","4425.00"
24724,"Sal Fina Marina Himalaya 110 Gr","4840.00","4840.00"
24725,"Gotitas de Chocolate Blanco Aguila 150 Gr","3673.99","3673.99"
24726,"Edulcorante con Sucralosa en Sobres Hileret Zucra 200 Un","6446.00","6446.00"
24727,"Galletas de Arroz Pizza Grandiet 100 Gr","1050.00","1050.00"
24728,"Bombon de Leche Bon O Bon 105 Gr","2661.99","2661.99"
24729,"Galletitas Dulces de Hojaldre Larguitas Hojalmar 150 Gr","1264.99","1264.99"
24730,"Chips de Banana en Rodajas 1 Un","990.00","990.00"
24731,"Aritos de Cereal Frutales Granix 350 Gr","3274.99","3274.99"
24732,"Sopa Natural Fideos y Vegetales Alicante 10 Un 59 Gr","1409.00","1409.00"
24733,"Galletitas Barritas Frutos del Bosque Parnor 160 Gr","976.99","976.99"
24734,"Salsa Barbacoa Dos Anclas 410 Gr","3588.00","3588.00"
24735,"Porotos Alubias 1 Kg","4440.00","4440.00"
24736,"Duraznos Amarillos en Mitades Inca 820 Gr","3526.00","3526.00"
24737,"Dulce de Leche Clasico Tonadita 1 Kg","6252.95","6252.95"
24738,"Mermelada de Frambuesa Light Frasco Cormillot 390 Gr","5480.00","5480.00"
24739,"Te en Saquitos Caramel y Avella Rooibos Saint Gottard 20 Un","5100.00","5100.00"
24740,"Granola Chocolate Cacao y Almendras Integra 350 Gr","6999.00","6999.00"
24741,"Tomate Deshidratado 1 Kg","16999.00","16999.00"
24742,"Te en Saquitos Ensobrados Variedades Frutales Saint Gottard 20 Un","4985.00","4985.00"
24743,"Budin con Frutas 180 Gr","1399.00","1399.00"
24744,"Aceto Balsamico Dos Anclas 250 Cc","2611.00","2611.00"
24745,"Almohaditas Rellenas Crema de Frutilla Lasfor 200 Gr","2049.99","2049.99"
24746,"Aceitunas Verdes Rodajas Doypack Nucete 220 Gr","1317.00","1317.00"
24747,"Arroz Grano Largo Cañuelas 500 Gr","1249.00","1249.00"
24748,"Yerba Mate Especial Romance 500 Gr","2495.00","2495.00"
24749,"Aceitunas Verdes Descarozadas Cebila 80 Gr","1180.00","1180.00"
24750,"Tostadas sin Sal Fitz Roy 200 Gr","1659.99","1659.99"
24751,"Cappuccino Instantaneo Frasco La Virginia 210 Gr","6345.00","6345.00"
24752,"Galletitas Organicas Vainilla Zafranito 150 Gr","1650.00","1650.00"
24753,"Pasta de Aceitunas Negras Nucete Frasco 190 Gr","3789.00","3789.00"
24754,"Salsa Bolognesa Doypack Arcor 340 Gr","1139.00","1139.00"
24755,"Aceite de Oliva Extra Virgen Oliovita 500 Ml","12750.00","12750.00"
24756,"Mermelada Light de Frutos del Bosque Emeth 390 Gr","4550.00","4550.00"
24757,"Atun en Aceite Libre de Gluten sin TACC La Campagnola 170 Gr","3869.00","3869.00"
24758,"Ajo Granulado Sobre Dicomere 50 Gr","1099.00","1099.00"
24759,"Risotto Pronto a La Española Gallo 240 Gr","2501.00","2501.00"
24760,"Romero 50 Gr","910.00","910.00"
24761,"Merenguitos Color Urquiza 20 Un 100 Gr","1589.00","1589.00"
24762,"Polenta Tradicional Rivara 1 Kg","1600.00","1600.00"
24763,"Semillas de Sesamo Integral Wanuka 150 Gr","2500.00","2500.00"
24764,"Caldo de Carne Equilibrium Maggi 114 Gr","1469.00","1469.00"
24765,"Gomitas de Eucaliptus Mogul 220 Gr","2100.00","2100.00"
24766,"Aceite de Oliva Puro Cocinero 250 Ml","5100.00","5100.00"
24767,"Bombon de Frutas Surtidas Mogul 500 Gr","5508.99","5508.99"
24768,"Fideos Spaghetti Semolados Ciudad del Lago 500 Gr","1050.00","1050.00"
24769,"Pure Papas Coto 125 Gr","1235.00","1235.00"
24770,"Copos de Maiz Azucarados 1 Kg","5868.00","5868.00"
24771,"Alfajor Blanco Vauquita 2 Un","1250.00","1250.00"
24772,"Mermelada de Higo Light Frasco Cormillot 390 Gr","3505.00","3505.00"
24773,"Galletas Saladas sin TACC Queso Yuca 150 Gr","1825.00","1825.00"
24774,"Galletitas Pepas Terepin 400 Gr","2000.00","2000.00"
24775,"Saborizador Crema y Verdeo en Polvo Alicante 4 Un","1219.00","1219.00"
24776,"Mate Cocido en Saquitos Litoral 25 Un","1655.00","1655.00"
24777,"Crackers Pimenton Ahumado sin Tacc Shiva 100 Gr","2400.00","2400.00"
24778,"Aceto Balsamico Reduccion Casalta 250 Ml","4378.00","4378.00"
24779,"Papas Fritas Corte Americano Carrefour Classic 150 Gr","1990.00","1990.00"
24780,"Porotos Colorados 1 Kg","4800.00","4800.00"
24781,"Nachos Sabor Ahumado Macritas 90 Gr","2050.00","2050.00"
24782,"Galletitas Dulces Surtidas Don Paolo 180 Gr","1321.99","1321.99"
24783,"Snack Mega Queso 3D 43 Gr","1484.99","1484.99"
24784,"Galletitas Surtido Don Paolo 300 Gr","1512.99","1512.99"
24785,"Galletitas Chiapaz 100 % Integrales Cacao Amargo y Mani Zafran 150 Gr","1550.00","1550.00"
24786,"Pate con Champignones en Lata Ciudad del Lago 125 Gr","2435.00","2435.00"
24787,"Galletas de Arroz Dulces Macrobioticas 102 Gr","1079.00","1079.00"
24788,"Mermelada Arandanos Light Favaloro Caroyense 390 Gr","3590.00","3590.00"
24789,"Pure de Papa y Zapallo Coto 100 Gr","1990.00","1990.00"
24790,"Polvo para Postre Chocolate Sobre Royal 65 Gr","1029.00","1029.00"
24791,"Galletitas Snacks Queso Gallo 50 Gr","600.00","600.00"
24792,"Vinagre de Alcohol Finas Hierbas Favinco 1 Lt","1836.00","1836.00"
24793,"Caramelos Yogur Durazno Billiken 20 Gr","426.00","426.00"
24794,"Caramelos Ostritas Tricolor Marengo 454 Gr","2700.00","2700.00"
24795,"Galletitas Hojaldre Larguitas Soriano 150 Gr","1439.00","1439.00"
24796,"Pasta de Mani Coco Entre Nuts 380 Gr","3969.00","3969.00"
24797,"Jardinera El Nihuil 350 Gr","1036.00","1036.00"
24798,"Galletitas Organicas Chocolate Zafranito 150 Gr","1650.00","1650.00"
24799,"Oblea Grageada Bañado Nugaton Vizzio 40 Gr","1100.00","1100.00"
24800,"Arroz para Sushi 1 Kg","4490.00","4490.00"
24801,"Arroz Preparado Sabores Del Mundo Work Oriental Gallo 240 Gr","2500.00","2500.00"
24802,"Arroz Grano Largo Fino Ita Caabo Molinos Ala 500 Gr","2050.00","2050.00"
24803,"Lenteja 1 Kg","2599.00","2599.00"
24804,"Porotos Alubia Lata Arcor 300 Gr","1076.00","1076.00"
24805,"Mermelada de Frutos del Bosque Emeth 454 Gr","3850.00","3850.00"
24806,"Poroto Negro Egran 500 Gr","3650.00","3650.00"
24807,"Tostadas Dulce Tosti 200 Gr","1380.00","1380.00"
24808,"Porotos Colorados Doña Pupa 340 Gr","807.00","807.00"
24809,"Mani sin Sal 1 Kg","5199.00","5199.00"
24810,"Te Tilo en Saquitos Saint Gottard 20 Un","2809.00","2809.00"
24811,"Barra de Cereal Almendra Chocolate Cereal Flow Georgalos 6 Un","3891.99","3891.99"
24812,"Sal Marina Bajo Sodio Gellsingh 160 Gr","3109.00","3109.00"
24813,"Budin de Pan con Ralleno de Limon Flanchello 120 Gr","1140.00","1140.00"
24814,"Barra de Arroz Dulce de Leche Lulemuu 12 Gr","424.00","424.00"
24815,"Tableta de Chocolate Blanco Tropical 1891 90 Gr","2999.99","2999.99"
24816,"Gomitas Rueditas Billiken 150 Gr","1596.99","1596.99"
24817,"Harina Leudante Tassara 1 Kg","1289.00","1289.00"
24818,"Copos de Cereal Georgalos 200 Gr","1845.00","1845.00"
24819,"Fideos Risoni Alubia Arroz y Espinaca Wakas 300 Gr","4500.00","4500.00"
24820,"Mermelada de Durazno Carrefour 454 Gr","1990.00","1990.00"
24821,"Barra de Cereales Surtidos Cereanola 6 Un 130 Gr","3180.00","3180.00"
24822,"Higos Blancos 200 Gr","3290.00","3290.00"
24823,"Aceitunas Verdes Castell 900 Gr","18010.00","18010.00"
24824,"Budin de Banana con Nuez 1 Un","3490.00","3490.00"
24825,"Fideos Seca Spaghettini Largo Garofalo 500 Gr","7750.00","7750.00"
24826,"Fideos Tirabuzon Don Bernabeu 500 Gr","849.00","849.00"
24827,"Ajies en Vinagre en Frasco Yovinesa 800 Gr","7866.00","7866.00"
24828,"Galletitas Vainilla con Chips Mini Pamela 180 Gr","1322.99","1322.99"
24829,"Polvo para Preparar Brownie Aguila 425 Gr","3570.00","3570.00"
24830,"Alfajor de Arroz Negro Lulemuu 22 Gr","600.00","600.00"
24831,"Comino Molido Sobre Dicomere 40 Gr","1359.00","1359.00"
24832,"Yerba Mate Menta La Cumbresita 500 Gr","1890.00","1890.00"
24833,"Malvaviscos Tradicional Marshmallows Buffys 200 Gr","3750.00","3750.00"
24834,"Fecula de Maiz Yuspe 250 Gr","949.00","949.00"
24835,"Granola Doypack Natural Candy 100 Gr","2800.00","2800.00"
24836,"Galletitas Chocolate Rellenas Pamela 97 Gr","810.99","810.99"
24837,"Galletitas Vainilla Pamela Tripack 291 Gr","2206.99","2206.99"
24838,"Alfajor Chocolate Mini Fantoche 6 Un 150 Gr","2099.99","2099.99"
24839,"Chimichurri sin Sal en Frasco La Parmesana 300 Gr","2118.00","2118.00"
24840,"Te en Saquitos Tilo Cedron y Melisa Saint Gottard 30 Gr","3255.00","3255.00"
24841,"Edulcorante Equalsweet Sucralosa 50 Un","2949.00","2949.00"
24842,"Pizzitos de Jamon y Queso 80 Gr","1229.00","1229.00"
24843,"Bife de Chorizo en Trozo Novillito 1 Kg","10000.00","10000.00"
24844,"Semillas de Chia Triturada Sturla 250 Gr","2910.00","2910.00"
24845,"Barra de Cereal Chocolate Simple 30 Gr","1399.00","1399.00"
24846,"Fideos Coditos Terrabusi 500 Gr","975.00","975.00"
24847,"Galletitas Vainilla con Chips de Chocolate Festiva 300 Gr","1914.99","1914.99"
24848,"Cafe en Capsula Colombia Cabrales 10 Un","6999.00","6999.00"
24849,"Merengues Tapa Repostera La Amistad 135 Gr","1700.00","1700.00"
24850,"Vinagre de Manzana Menoyo 1 Lt","3014.00","3014.00"
24851,"Yerba Mate Miel Cbse 500 Gr","1589.00","1589.00"
24852,"Galletitas Integrales Avena Pasas de Uva y Semillas de Chia Zafran 150 Gr","1530.00","1530.00"
24853,"Alfajor Triple con Baño de Chocolate Blanco Tofi 73 Gr","1139.00","1139.00"
24854,"Gomitas Sports Flynn Paff 30 Gr","619.00","619.00"
24855,"Curcuma en Polvo Dicomere 50 Gr","849.00","849.00"
24856,"Galletitas Dulces Clasicas Lincoln 153 Gr","1300.00","1300.00"
24857,"Galletitas Dulces Anillitos Sabor Coco Mazzei 300 Gr","1666.99","1666.99"
24858,"Galletitas de Chocolate Rellenas de Dulce de Leche Formis 102 Gr","829.00","829.00"
24859,"Mermelada Ciruela Caroyense Frasco Fundacion Favaloro 454 Gr","2275.00","2275.00"
24860,"Cacao en Polvo Choky Choc 200 Gr","1090.00","1090.00"
24861,"Vinagre de Vino Favinco 500 Ml","1441.00","1441.00"
24862,"Premezcla para Preparar Muffins Aguila 440 Gr","2469.00","2469.00"
24863,"Jugo de Limon Silva 930 Ml","1680.00","1680.00"
24864,"Palitos Salados Nikitos Paquete 80 Gr","879.00","879.00"
24865,"Galletitas sin TACC Mini Sorrisi Schar 100 Gr","7180.00","7180.00"
24866,"Te Rojo en Saquitos Vainilla Saint Gottard 30 Gr","4195.00","4195.00"
24867,"Cappuccino Doypack La Virginia 125 Gr","4250.00","4250.00"
24868,"Budin Marmolado 180 Gr","1399.00","1399.00"
24869,"Aceite Rocio Vegetal Girasol en Aerosol Natura 120 Cc","2762.00","2762.00"
24870,"Cereal de Maiz Inflado 350 Gr","1990.00","1990.00"
24871,"Harina de Maiz Morixe 500 Gr","749.00","749.00"
24872,"Gomitas Surtido Trembly 64 Gr","819.99","819.99"
24873,"Tomate Perita Entero Lata Bulnez 400 Gr","699.00","699.00"
24874,"Caballa al Natural Bahia 425 Gr","3620.00","3620.00"
24875,"Galletitas Dulces de Hojaldre Larguita Hojalmar 250 Gr","1886.99","1886.99"
24876,"Sal de Montaña Molinillo Indo Deli 120 Gr","4950.00","4950.00"
24877,"Mani Crocante Sabor Queso Mani King 80 Gr","1200.00","1200.00"
24878,"Te Buena Idea Frutos del Bosque en Saquito Saint Gottard 30 Gr","3625.00","3625.00"
24879,"Filet de Anchoas en Aceite Marbella 90 Gr","4499.00","4499.00"
24880,"Vainillas Pozo 480 Gr","4049.99","4049.99"
24881,"Aceite de Girasol Lira 900 Cc","2030.00","2030.00"
24882,"Papas Fritas Nikitos Bolsa 24 Un 100 Gr","1199.00","1199.00"
24883,"Barra de Chocolate con Dulce de Leche Cofler 38 Gr","1199.00","1199.00"
24884,"Fideos Bucatini Garofalo 500 Gr","9430.00","9430.00"
24885,"Semillas de Sesamo Entera Sturla 250 Gr","2650.00","2650.00"
24886,"Te Verde con Pomelo en Saquitos Green Hills 20 Un","1752.90","1752.90"
24887,"Vinagre de Vino sin TACC Favinco 1 Lt","2267.00","2267.00"
24888,"Galletitas con Semillas de Lino Naturalmente Granix 185 Gr","949.99","949.99"
24889,"Fideos Soperos Semolados Dedalitos Ciudad del Lago 500 Gr","1050.00","1050.00"
24890,"Galletitas Rellenas Mellizas 108 Gr","1200.00","1200.00"
24891,"Barrita Cereal Vegana Arandanos Laddu Bar 30 Gr","849.00","849.00"
24892,"Aceto Balsamico Reduccion Casalta 500 Cc","7923.00","7923.00"
24893,"Snacks Pita Chips Jalapeño Almadre 170 Gr","1300.00","1300.00"
24894,"Anana Coto 850 Gr","3701.50","3701.50"
24895,"Ajies en Vinagre en Frasco Yovinesa 330 Gr","4752.00","4752.00"
24896,"Pulpa de Frutilla para Coctel Carrefour 900 Gr","6590.00","6590.00"
24897,"Almidon de Maiz Abucel 500 Gr","1949.00","1949.00"
24898,"Snack Chis Buby de Frutilla Paquete Nikitos 80 Gr","579.00","579.00"
24899,"Tostadas Clasicas Gruesas con Fibras Carrefour 180 Gr","1190.00","1190.00"
24900,"Alfajor Chocolate Blister Chammas 6 Un","3269.00","3269.00"
24901,"Galletitas con Cereal Integral Cerealitas 207 Gr","450.00","450.00"
24902,"Palitos Salados Integrales Clasicos Terra Slices 120 Gr","1250.00","1250.00"
24903,"Alfajor Frutos Bosque Sol Serrano 40 Gr","399.00","399.00"
24904,"Papas Fritas Tradicional Coto Tubo 160 Gr","3324.99","3324.99"
24905,"Caju y Semillas con Chocolate Natural Candy 100 Gr","3850.00","3850.00"
24906,"Palitos Sabor Queso Krachitos 70 Gr","865.99","865.99"
24907,"Caramelos Sabor Cafe Home Cafe Latte Menthoplus 100 Gr","2046.99","2046.99"
24908,"Bombones Chocolate con Grana y Cacao Noir Witor's 250 Gr","8225.99","8225.99"
24909,"Dulce de Leche en Pote Coto 400 Gr","1779.00","1779.00"
24910,"Yerba Mate con Palo 55 Aniversario Rosamonte 1 Kg","3191.00","3191.00"
24911,"Pionono Bon Mase 200 Gr","2623.99","2623.99"
24912,"Sal Fina en Paquete Colosal 500 Gr","688.00","688.00"
24913,"Castaña de Caju 150 Gr","4690.00","4690.00"
24914,"Coco Rallado Dicomere 50 Gr","729.00","729.00"
24915,"Oregano 1 Kg","12200.00","12200.00"
24916,"Galletitas Dulces Scons Carrefour 250 Gr","1350.00","1350.00"
24917,"Yerba Mate Frutos del Bosque Cbse 500 Gr","1589.00","1589.00"
24918,"Dulce de Leche Familiar Coto 450 Gr","4265.00","4265.00"
24919,"Cafe Instantaneo sin Azucar Frasco La Planta 170 Gr","7860.00","7860.00"
24920,"Pickles en Vinagre Nucete 330 Gr","3216.00","3216.00"
24921,"Baño de Reposteria Rosa Aguila 150 Gr","2310.00","2310.00"
24922,"Polvo para Preparar Crema Chantilly Royal 50 Gr","1275.00","1275.00"
24923,"Granola Peanut Butter Natural Candy 250 Gr","3000.00","3000.00"
24924,"Fideos de Porotos Negros y Alubia para Celiacos Wakas 250 Gr","3900.00","3900.00"
24925,"Pesto sobre Dicomere 30 Gr","1099.00","1099.00"
24926,"Premezcla para Torta Frita Lucchetti 500 Gr","1785.00","1785.00"
24927,"Granas de Mani con Chocolate La Parmesana 75 Gr","1600.00","1600.00"
24928,"Mix Supremo 150 Gr","4690.00","4690.00"
24929,"Estragon La Parmesana 20 Gr","839.00","839.00"
24930,"Premezcla para Ñoquis Lucchetti 500 Gr","3035.00","3035.00"
24931,"Anana en Lata Ciudad del Lago 567 Gr","2480.50","2480.50"
24932,"Almendra sin Cascara 1 Kg","13999.00","13999.00"
24933,"Semillas Girasol Gigante 1 Kg","6100.00","6100.00"
24934,"Tomate Perita Cubeteados Lata Bulnez 400 Gr","1090.00","1090.00"
24935,"Mix de Arvejas y Zanahoria Lata Inalpa 300 Gr","701.00","701.00"
24936,"Mini Alfajor Maicena Alfa Pampa 32 Gr","896.00","896.00"
24937,"Harina de Quinoa sin TACC Sturla 250 Gr","4290.00","4290.00"
24938,"Fideos Coditos Don Bernabeu 500 Gr","735.00","735.00"
24939,"Snacks Cross Saladix 150 Gr","3449.00","3449.00"
24940,"Sopa Clara Campestre Alicante 68 Gr","1379.00","1379.00"
24941,"Galletitas Mini de Salvado Donsa 120 Gr","290.00","290.00"
24942,"Mermelada de Higo con Stevia Frasco Cuarto Creciente Light 330 Gr","3145.00","3145.00"
24943,"Relleno Untable Block Cofler 290 Gr","3670.00","3670.00"
24944,"Cafe Molido Tostado Super Cabrales 500 Gr","17745.00","17745.00"
24945,"Saborizador Finas Hierbas Alicante 30 Gr","2235.00","2235.00"
24946,"Mix Crocante Ensaladas Alicante 40 Gr","1100.00","1100.00"
24947,"Pizzitos Jamon y Queso Nikitos 80 Gr","579.00","579.00"
24948,"Pesto Deshidratado 50 Gr","960.00","960.00"
24949,"Provenzal La Campagnola 48 Gr","1289.00","1289.00"
24950,"Snack Remolacha Rawmesan Almadre 130 Gr","1300.00","1300.00"
24951,"Atun Claro Agua Yellowfin Coto 185 Gr","2830.90","2830.90"
24952,"Mermelada de Zapallo Dulcor 500 Gr","1410.00","1410.00"
24953,"Barra de Arroz Yogur Lulemuu 12 Gr","340.00","340.00"
24954,"Galletitas Trio Pepas Chocotrio 300 Gr","2176.99","2176.99"
24955,"Chupetin Uva Bolsa Flynn Paff 24 Un","4150.00","4150.00"
24956,"Chocolate Milk Caja Lindt Lindor 75 Gr","9790.00","9790.00"
24957,"Sal y Ajo Salero Dos Anclas 200 Gr","4139.00","4139.00"
24958,"Chocolate con Leche y Galletitas Hamlet 45 Gr","599.00","599.00"
24959,"Fideos Coditos Semolado Carrefour 500 G","1050.00","1050.00"
24960,"Canelon de Ricota y Queso Coto x 1 Un","1449.00","1449.00"
24961,"Bicarbonato Especias Yuspe 20 Gr","549.00","549.00"
24962,"Jugo de Limon Monte Alto 500 Ml","1677.00","1677.00"
24963,"Conitos Rellenos Dulce de Leche Sol Serrano 6 Un","5250.00","5250.00"
24964,"Mousse de Chocolate 100 Gr","4890.00","4890.00"
24965,"Cafe Tostado Molido Intenso Cafe Martinez 260 Gr","10829.00","10829.00"
24966,"Durazno al Natural Light Alco 12 Un 820 Gr","2757.00","2757.00"
24967,"Castañas sin Sal 1 Kg","26990.00","26990.00"
24968,"Edulcorante Liquido Equalsweet Sucralosa 200 Ml","6915.00","6915.00"
24969,"Yerba Mate con Palo Tradicional Pipore 500 Gr","2379.00","2379.00"
24970,"Ketchup Picante Buffalo 260 Gr","2382.00","2382.00"
24971,"Alfajor Triple Blanco Tatin 1 Un","759.00","759.00"
24972,"Aceite Rocio Vegetal Oliva en Aerosol Natura 120 Gr","4405.00","4405.00"
24973,"Galletitas de Avena con Pasa de Uva Cereal Mix 267 Gr","1650.00","1650.00"
24974,"Aceite Rocio Vegetal Manteca Aerosol Mazola 120 Gr","3083.00","3083.00"
24975,"Galletitas de Hojaldre Triangulitos Hojalmar 150 Gr","1264.99","1264.99"
24976,"Oblea Vainilla Paquete Zupay 50 Gr","449.99","449.99"
24977,"Premezcla sin TACC Abucel 500 Gr","3389.00","3389.00"
24978,"Gomitas Bichos Trembly 48 Gr","819.99","819.99"
24979,"Cereales Osito Avena Nutrifood 200 Gr","1750.00","1750.00"
24980,"Galletitas con Salvado Frutigran Granix 500 Gr","2440.99","2440.99"
24981,"Almohaditas con Relleno Limon 180 Gr","1800.00","1800.00"
24982,"Postre de Mani Mantecol 26 Gr","786.99","786.99"
24983,"Galletitas Sabor Coco Lincoln 162 Gr","1096.99","1096.99"
24984,"Pimienta Negra Molida en Frasco Indo Deli 55 Gr","4950.00","4950.00"
24985,"Cafe Molido Carrefour 250 Gr","3290.00","3290.00"
24986,"Semillas de Lino Entera Sturla 250 Gr","1450.00","1450.00"
24987,"Galletitas sin TACC Salti Schar 175 Gr","8095.00","8095.00"
24988,"Mani Crocante Recubierto Sabor Jamon Mani King 100 Gr","1200.00","1200.00"
24989,"Edulcorante en Sobres Hileret Stevia 100 Un","4911.00","4911.00"
24990,"Mermelada Light Durazno Caroyense 390 Gr","2275.00","2275.00"
24991,"Mix de Semillas Dicomere 200 Gr","2200.00","2200.00"
24992,"Alfajor Fantoche Day 50 Gr","690.00","690.00"
24993,"Cebada Tostada Instantantanea Carrefour Classic 170 Gr","1890.00","1890.00"
24994,"Miel Liquida Organica Frasco Las Quinas 500 Gr","1316.00","1316.00"
24995,"Palitos Salados con Queso Pehuamar 620 Gr","6259.00","6259.00"
24996,"Adobo para Pizza Dicomere 50 Gr","849.00","849.00"
24997,"Tostadas Fitz Roy Light 200 Gr","1659.99","1659.99"
24998,"Bizcochos de Hojaldre sabor Batata Mafalda 200 Gr","1748.99","1748.99"
24999,"Galletitas Saladas Krititas Krit Cuetara 350 Gr","5999.99","5999.99"
25000,"Manteca de Mani Pote Croppers 305 Gr","2935.00","2935.00"
25001,"Palmitos Ciudad Del Lago 400 Gr","4290.00","4290.00"
25002,"Salsa Ranchera La Costeña 475 Gr","9999.00","9999.00"
25003,"Gomitas Frutas Trembly 64 Gr","819.99","819.99"
25004,"Fideos Spaghetti Semolado Coto 500 Gr","1149.00","1149.00"
25005,"Bizcochitos con Grasa Jorgito 200 Gr","400.00","400.00"
25006,"Papas Fritas Corte Americano Krachitos 170 Gr","2500.00","2500.00"
25007,"Aceite de Girasol Legitimo 900 Ml","1590.00","1590.00"
25008,"Pasta Risoni Alubia Arroz Zanahora Wakas 300 Gr","4500.00","4500.00"
25009,"Atun Desmenuzado al Aceite La Campagnola 170 Gr","2213.00","2213.00"
25010,"Vinagre de Alcohol Coto 1 Lt","1050.00","1050.00"
25011,"Pate con Finas Hierbas en Lata Ciudad del Lago 125 Gr","2435.00","2435.00"
25012,"Yerba Mate Original con Palo Romance 500 Gr","1870.00","1870.00"
25013,"Mermelada de Frutilla El Brocal 420 Gr","4680.00","4680.00"
25014,"Mani con Cascara Croppers 120 Gr","1500.00","1500.00"
25015,"Lentejon Carrefour 400 Gr","2090.00","2090.00"
25016,"Cappuccino Frasco Morenita 125 Gr","2950.00","2950.00"
25017,"Champignon Laminado 200 Gr","2899.00","2899.00"
25018,"Lentejones 1 Kg","4990.00","4990.00"
25019,"Edulcorante en Sobres Equalsweet 400 Un","11469.00","11469.00"
25020,"Cafe Instantaneo Suave La Virginia 170 Gr","3850.00","3850.00"
25021,"Pimienta Blanca en Grano La Campagnola 23 Gr","1139.00","1139.00"
25022,"Curry Bolsa Dicomere 50 Gr","849.00","849.00"
25023,"Poroto Negro 1 Kg","2999.00","2999.00"
25024,"Jugo de Limon Minerva 250 Ml","910.00","910.00"
25025,"Edulcorante Sobre Stevia Zinc Equalsweet 100 Un","2270.00","2270.00"
25026,"Tableta de Dulce de Leche Vauquita 140 Gr","2000.00","2000.00"
25027,"Vinagre de Vino Coto 1 Lt","1950.00","1950.00"
25028,"Polenta Panceta y Queso Presto Pronta 250 Gr","1080.00","1080.00"
25029,"Galletitas Dulces Anillos con Chips Mazzei 300 Gr","1666.99","1666.99"
25030,"Galletitas Dulces de Hojaldre Larguitas Ronda 150 Gr","1137.99","1137.99"
25031,"Budin con Chips 180 Gr","1399.00","1399.00"
25032,"Edulcorante en Sobres en Caja Sucaryl 50 Un 240 Gr","2419.00","2419.00"
25033,"Atun en Aceite Lata La Campagnola 300 Gr","6603.00","6603.00"
25034,"Gelatina en Polvo Cereza Light Bc 18 Gr","945.00","945.00"
25035,"Sal Marina Fina Dicomere 450 Gr","3650.00","3650.00"
25036,"Barra de Cereal Caju y Semilla de Zapallo Zafran 4 Un 28 Gr","4200.00","4200.00"
25037,"Oblea Frutilla Bauducco 78 Gr","1095.00","1095.00"
25038,"Galletitas Dulces de Hojaldre Palmeritas Hojalmar 150 Gr","1420.99","1420.99"
25039,"Alfajor Fruta Jorgito 6 Un","2871.99","2871.99"
25040,"Galletas de Arroz con Sal Grandiet 100 Gr","1050.00","1050.00"
25041,"Polvo para Preparar Postre Vainilla Royal 43 Gr","1029.00","1029.00"
25042,"Provenzal 1 Kg","15000.00","15000.00"
25043,"Gomitas Sandia Mogul Bolsa 500 Gr","7629.99","7629.99"
25044,"Vinagre de Alcohol Silva 930 Cc","845.00","845.00"
25045,"Choclo en Granos Amarillo Inca 350 Gr","1729.00","1729.00"
25046,"Te Verde en Saquitos Saint Gottard 20 Un","1550.00","1550.00"
25047,"Choclo Cremoso Blanco Trozado Doña Pupa 340 Gr","637.00","637.00"
25048,"Leche en Polvo Entera Purisima Avant 800 Gr","21179.00","21179.00"
25049,"Papas Fritas sabor Queso Pringles 109 Gr","3529.00","3529.00"
25050,"Porotos Negros Doña Pupa 340 Gr","772.00","772.00"
25051,"Aceituna Verde Rellena La Cebila 180 Gr","1425.00","1425.00"
25052,"Pimienta Blanca Grano 50 Gr","2300.00","2300.00"
25053,"Cebolla de Verdeo Deshidratada La Parmesana 20 Gr","1059.00","1059.00"
25054,"Sal Gruesa Colosal 1 Kg","991.00","991.00"
25055,"Cafe Instantaneo Suave sin Azucar Frasco La Planta 100 Gr","5736.00","5736.00"
25056,"Cafe Soluble NesCafe Espresso Frasco 100 Gr","16350.00","16350.00"
25057,"Cintitas Entrerianas Jamon Rianitos 120 Gr","1550.00","1550.00"
25058,"Te en Saquitos Ciudad Del Lago 50 Un","1184.00","1184.00"
25059,"Mermelada Diet de Frambuesa Emeth 390 Gr","4750.00","4750.00"
25060,"Pure Instantaneo de Papas Morixe 30 Un 125 Gr","1899.00","1899.00"
25061,"Premezcla para Cookies de Chocolate con Chips Exquisita 12 Un 300 Gr","1600.00","1600.00"
25062,"Alfajor Chocolate Blanco Mini Glaseado Fantoche 6 Un 150 Gr","2099.99","2099.99"
25063,"Caramelos Confitados Flynn Paff 50 Gr","775.00","775.00"
25064,"Galletitas con Chips Crunchips Marroc Gaona 172 Gr","1540.00","1540.00"
25065,"Pasas de Uva Rubia 1 Kg","7999.00","7999.00"
25066,"Almendras Bañadas con Chocolate Vizzio 33 Gr","1219.00","1219.00"
25067,"Galletitas Vainilla con Relleno de Frutilla Mini Pitusas 160 Gr","1103.99","1103.99"
25068,"Alfajor Chocolate Doble Trassens 65 Gr","969.00","969.00"
25069,"Gomitas Domino Tremblito 50 Gr","819.99","819.99"
25070,"Tomate Desecado 100 Gr","2900.00","2900.00"
25071,"Alfajor de Chocolate Alfa Pampa 60 Gr","749.99","749.99"
25072,"Anillos Fruta Nutri Rings 160 Gr","1750.00","1750.00"
25073,"Mix de Frutos Secos Cervecero Frasco Beepure 265 Gr","6165.00","6165.00"
25074,"Snack Mini Tostaditas Sabor Queso Bio 130 Gr","4550.00","4550.00"
25075,"Galletitas Clasica Express Terrabusi 101 Gr","280.00","280.00"
25076,"Vainillas Valente 444 Gr","4000.00","4000.00"
25077,"Tabletas de Chocolate con Leche y Mani Carrefour 80 Gr","1690.00","1690.00"
25078,"Gallitas Crackers 8 Semillas Mazzei 155 Gr","899.99","899.99"
25079,"Fideos Cinta Espinaca Light Grandiet 300 Gr","3969.00","3969.00"
25080,"Budin con Chips 180 Gr","1399.00","1399.00"
25081,"Dulce de Leche Clasico Ilolay 400 Gr","2350.00","2350.00"
25082,"Gomitas de Eucalipto Billiken 150 Gr","1596.99","1596.99"
25083,"Bombon Ferrero Rocher 300 Gr","18835.00","18835.00"
25084,"Miel Untable Frasco Bioway 450 Gr","3720.00","3720.00"
25085,"Mermelada de Frutilla Pote Bulnez 500 Gr","1490.00","1490.00"
25086,"Lentejas Secas Remojadas sin Sal Inalpa 300 Gr","990.00","990.00"
25087,"Edulcorante en Sobres Hileret Stevia 50 Un","2774.00","2774.00"
25088,"Tutuca Nikitos 80 Gr","579.00","579.00"
25089,"Mani Fileteado La Parmesana 75 Gr","1498.00","1498.00"
25090,"Aceituna Negra Descarozadas Doypack Castell 80 Gr","1450.00","1450.00"
25091,"Porotos Negros 1 Kg","4800.00","4800.00"
25092,"Tostadas de Gluten Fitz Roy 200 Gr","2039.99","2039.99"
25093,"Mix de Semillas Sesamo Chia Girasol El Peoncito 1 Un","1310.00","1310.00"
25433,"Pizzetas de Tomate 6 Un","1575.00","1575.00"
25094,"Galletitas de Manteca Estilo Danes Tia Maruca 200 Gr","1779.00","1779.00"
25095,"Garbanzos Secos Bolsa Doroteo 400 Gr","1909.00","1909.00"
25096,"Harina 0000 Tassara 1 Kg","959.00","959.00"
25097,"Arvejas Secas Partidas Egran 400 Gr","1769.00","1769.00"
25098,"Fideos Tallarines al Huevo Coto 500 Gr","1459.00","1459.00"
25099,"Pickles Mixtos en Vinagre Cristo de los Cerros 350 Gr","4570.00","4570.00"
25100,"Mix de Pimienta Molinillo Selection Carrefour 50 Gr","6190.00","6190.00"
25101,"Polvo Bizcochuelo Rectangular Chocolate Carrefour 750 Gr","8290.00","8290.00"
25102,"Mix Semillas para Cocinar Alicante 150 Gr","2672.50","2672.50"
25103,"Edulcorante con Sacaruba Sobres 1A10 Hileret 200 Un","5450.00","5450.00"
25104,"Bombones Rellenos Cabsha 18 Un","6820.99","6820.99"
25105,"Condimentos para Tacos Frasco La Parmesana 45 Gr","2125.00","2125.00"
25106,"Capeletis Ricota y Jamon Orali 21 Un 500 Gr","3300.00","3300.00"
25107,"Alfajor de Chocolate Blanco Vauquita 80 Gr","1250.00","1250.00"
25108,"Budin Chocolate Panex 350 Gr","3490.00","3490.00"
25109,"Capsulas Recargable para Maquina Dolcegusto 4 Un","16990.00","16990.00"
25110,"Mermelada Frutos Rojos La Campagnola 454 Gr","2700.00","2700.00"
25111,"Mix Semillas Doypack Forgood 120 Gr","1699.00","1699.00"
25112,"Pan Hamburguesas Carrefour 4 Un","1690.00","1690.00"
25113,"Cereal Natural Cranberries Bites Doypack Natural Candy 100 Gr","2800.00","2800.00"
25114,"Sardinas en Aceite de Oliva Lata Coto 115 Gr","3957.00","3957.00"
25115,"Alfajor Chocolate Jorgito 6 Un","2871.99","2871.99"
25116,"Duraznos Amarillos en Mitades Comunes Dieteticos Copa de Oro 800 Gr","2673.00","2673.00"
25117,"Nueces Confitadas Frasco Beepure 200 Gr","8709.00","8709.00"
25118,"Mermelada de Ciruela Light El Brocal 400 Gr","4709.00","4709.00"
25119,"Galletitas Habanitos Dulces Bañadas Terrabusi 60 Gr","1728.99","1728.99"
25120,"Gallitas Crackers 8 Semillas Mazzei 465 Gr","2499.99","2499.99"
25121,"Snack Crema y Cebolla Gallo 100 Gr","2600.00","2600.00"
25122,"Grissines Livianos Don Firenze 200 Gr","1803.99","1803.99"
25123,"Aceite de Coco Sabor Ajo Chiagraal 180 Ml","7250.00","7250.00"
25124,"Postre de Mani Bajo en Sodio Mantecol 41 Gr","1132.99","1132.99"
25125,"Tapa Confitera La Amistad 135 Gr","1825.00","1825.00"
25126,"Champignones Enteros Carrefour 400 Gr","3790.00","3790.00"
25127,"Galletitas Surtido Diversion 400 Gr","3700.00","3700.00"
25128,"Bocaditos Nuggets de Pollo Crocante Sadia 300 Gr","3175.00","3367.00"
25129,"Medallon a Base de Plantas Parrillera Not Burger 220 Gr","4525.00","4892.00"
25130,"Papas Clasicas Tradicional Familiar Mc Cain 700 Gr","4595.00","4599.00"
25131,"Milanesas de Soja con Calabaza Crocantes Granja Del Sol 330 Gr","2785.00","2869.00"
25132,"Papas Prefritas Supercongeladas Mc Cain 400 Gr","2850.00","3099.00"
25133,"Milanesa de Soja Grande Lucchetti 4 Un","4510.00","4645.00"
25134,"Bocaditos de Pollo Rebozados Patitas 400 Gr","4679.00","4920.00"
25135,"Supremas de Pollo Rebozadas Bolsa Granja Del Sol 360 Gr","5709.00","6399.00"
25136,"Medallones de Merluza Rebozado Porto Bello Conciencia 150 Gr","1380.00","1390.00"
25137,"Supremitas de Pollo Rebozadas Congeladas Sadia 720 Gr","7655.00","8115.00"
25138,"Espinaca Congelada Granja Del Sol 500 Gr","3735.00","3995.00"
25139,"Hamburguesas de Carne Clasicas Paty 2 Un 160 Gr","2128.00","2257.00"
25140,"Nuggets de Pollo Bolsa Granja Del Sol 400 Gr","6210.00","6210.00"
25141,"Helado Chocolate Doble Tentacion Freddo 375 Gr","1699.92","6490.00"
25142,"Bocaditos de Pollo Rebozados +100 Gr Gratis Patitas 1.1 Kg","12250.00","13359.00"
25143,"Papas Baston Horneables Corte Tradicional Bolsa Mc Cain 700 Gr","5250.00","5670.00"
25144,"Medallones de Carne Congelados Express Paty 4 Un","2765.00","2768.00"
25145,"Milanesas de Soja con Espinaca Granja Del Sol 330 Gr","2785.00","2785.00"
25146,"Hamburguesas de Carne Clasicas sin TACC Paty 12 Un 960 Gr","11540.00","11543.00"
25147,"Hamburguesas de Carne Clasicas sin TACC Paty 4 Un 320 Gr","4170.00","4174.00"
25148,"Hamburguesas Clasicas Union Ganadera 12 Un 83 Gr","14599.00","14600.00"
25149,"Medallones de Carne Clasicos Supercongelados Swift 4 Un 276 Gr","2695.00","2698.00"
25150,"Milanesas de Soja Casera Granja Del Sol 330 Gr","2760.00","2760.00"
25151,"Hamburguesas de Carne Vacuna Clasicas Swift 4 Un","4070.00","4073.00"
25152,"Hamburguesas de Carne Clasicas Swift 2 Un","1999.00","2030.00"
25153,"Hamburguesas Clasicas Union Ganadera 4 Un 83 Gr","4885.00","4886.00"
25154,"Medallones Opi 828 Gr","6000.00","6000.00"
25155,"Espinaca Supercongelada Dia 800 Gr","3990.00","3990.00"
25156,"Papas Baston Corte Crinkle Bolsa Mc Cain 600 Gr","5375.00","5375.00"
25157,"Pizzetas Malu 12 Un","1990.00","1990.00"
25158,"Bombon Helado Nigolu 12 Un","450.00","450.00"
25159,"Helado Chomp Bocaditos Chocolate con Dulce de Leche Nestle Frigor 180 Gr","5750.00","5750.00"
25160,"Hamburguesas de Carne Flowpack Dia 114 Gr","1390.00","1390.00"
25161,"Hamburguesa Union Ganadera 83 Gr","2325.00","2325.00"
25162,"Helado Tableta Crema Americana Freddo 50 Gr","1990.00","1990.00"
25163,"Prepizza con Tomate 300 Gr","950.00","950.00"
25164,"Hamburguesas de Carne Parrilleras Union Ganadera 2 Un 120 Gr","3780.00","3780.00"
25165,"Helado Dulce de Leche Clasico Freddo 375 Gr","6490.00","6490.00"
25166,"Pizzeton Malu 280 Gr","1990.00","1990.00"
25167,"Helado Tableta Dulce De Leche Freddo 50 Gr","1990.00","1990.00"
25168,"Helado Dulce de Leche Vainilla y Banana Ice Cream 1 Lt","3500.00","3500.00"
25169,"Bocadito Helado Chomp con Crema Toffee Frigor Nestle 1 Un","5750.00","5750.00"
25170,"Prepizza Malu 2 Un","2590.00","2590.00"
25171,"Huellitas Rebozadas de Pollo Dia 400 Gr","3290.00","3290.00"
25172,"Helado Chomp Bocaditos Chocolate con Dulce de Leche Nestle Frigor 180 Gr","5750.00","5750.00"
25173,"Pizza Tablita Muzzarella con Jamon Dia 200 Gr","2800.00","2800.00"
25174,"Helado de Maracuya con Pulpa Dia 500 Gr","5490.00","5490.00"
25175,"Huellitas Rebozadas de Pollo Dia 800 Gr","6990.00","6990.00"
25176,"Pizza Muzzarella con Pepperoni Dia 470 Gr","4990.00","4990.00"
25177,"Medallones Opi 828 Gr","6000.00","6000.00"
25178,"Filet Empanado Merluza Dia 500 Gr","7990.00","7990.00"
25179,"Hamburguesas de Carne Flowpack Dia 114 Gr","1390.00","1390.00"
25180,"Helado Palito Bombon Crocante Deliciuos 75 Gr","1690.00","1690.00"
25181,"Helado de Agua Palito Naranja/Anana Dia 68 Gr","590.00","590.00"
25182,"Pizzeton Malu 280 Gr","1990.00","1990.00"
25183,"Hamburguesas de Carne Dia 12 Un 996 Gr","9690.00","9690.00"
25184,"Milanesa Soja Casera 290 Gr","2490.00","2490.00"
25185,"Milanesas de Soja Tipo Caseras Dia 2 Un","1290.00","1290.00"
25186,"Hamburguesas de Carne Dia 4 Un 332 Gr","3990.00","3990.00"
25187,"Bastones de Merluza Rebozados Dia 500 Gr","3490.00","3490.00"
25188,"Huellitas Rebozadas de Pollo Dia 400 Gr","3290.00","3290.00"
25189,"Espinaca Supercongelada Dia 400 Gr","2090.00","2090.00"
25190,"Bocaditos de Pollo Dia 800 Gr","7390.00","7390.00"
25191,"Arvejas Supercongeladas Dia 350 Gr","2490.00","2490.00"
25192,"Choclo Amarillo Congelado Dia 350 Gr","2090.00","2090.00"
25193,"Helado Dulce de Leche Clasico Freddo 375 Gr","6490.00","6490.00"
25194,"Hamburguesas de Carne Parrilleras Union Ganadera 2 Un 120 Gr","3780.00","3780.00"
25195,"Prepizza Malu 2 Un","2590.00","2590.00"
25196,"Prepizza con Tomate 300 Gr","950.00","950.00"
25197,"Pizzetas Malu 12 Un","1990.00","1990.00"
25198,"Bombon Helado Nigolu 12 Un","450.00","450.00"
25199,"Hamburguesa Union Ganadera 83 Gr","2325.00","2325.00"
25200,"Helado Dulce de Leche Vainilla y Banana Ice Cream 1 Lt","3500.00","3500.00"
25201,"Papas Baston Corte Crinkle Bolsa Mc Cain 600 Gr","5375.00","5375.00"
25202,"Espinaca Supercongelada Dia 800 Gr","3990.00","3990.00"
25203,"Pizza Tablita de Muzzarella Dia 185 Gr","2400.00","2400.00"
25204,"Helado Dulce de Leche con Dulce de Leche Dia 1 Lt","5490.00","5490.00"
25205,"Helado de Agua en Palito Limon Torpedo 5 Un 63 Gr","4889.00","5249.00"
25206,"Helado de Agua en Palito Frutilla Torpedo 5 Un 63 Gr","4855.00","5249.00"
25207,"Medallon de Carne Tipo Milanesa Paty 2 Un 200 Gr","2234.00","2536.00"
25208,"Hamburguesas de Pollo Granja Tres Arroyos 166 Gr","1824.00","2200.00"
25209,"Acelga Congelada Granja Del Sol 500 Gr","3299.00","3399.00"
25210,"Medallones de Pollo Swift 4 Un 320 Gr","3709.00","4219.00"
25211,"Bocaditos Rebozados de Pollo Supercongelados Swift 380 Gr","3485.00","3590.00"
25212,"Palitos de Pollo Swift 1 Kg","10917.00","11372.00"
25213,"Bocaditos de Pollo Swift 260 Gr","3138.00","3269.00"
25214,"Medallones de Carne Vacuna Swift 4 Un 332 Gr","4198.00","4373.00"
25215,"Medallones de Merluza Robozado 100 Gr","590.00","590.00"
25216,"Ensalada Primavera Congelada Granja del Sol 400 Gr","3695.00","3805.00"
25217,"Palito Helado Bombon Frigor Luxor 265 Gr","8313.00","8919.00"
25218,"Espinaca Congelada Bolsa Lucchetti 450 Gr","2785.00","2869.00"
25219,"Medallones de Carne Vacuna Congelada 2 Un 110 Gr","740.00","740.00"
25220,"Papas Noisette Carrefour 500 Gr","3790.00","3790.00"
25221,"Papas Baston Tradicional Carrefour Classic 700 Gr","3190.00","3190.00"
25222,"Medallon de Espinaca y Quinoa Veggie Granja Del Sol 440 Gr","4630.00","4769.00"
25223,"Mix de Medallitos Empanados Prefritos 500 Gr","2020.00","2020.00"
25224,"Helado Dulce de Leche Frutilla y Vainilla Balde Frigor 1.5 Kg","12939.00","13565.00"
25225,"Supremitas de Pollo Rebozadas Granja Del Sol 480 Gr","7250.00","7469.00"
25226,"Bombon Helado Escoces Ice Cream 6 Un 552 Gr","2379.24","6439.00"
25227,"Milanesa de Pollo 500 Gr","4800.00","4800.00"
25228,"Anillas De Calamar Rebozadas Solimeno 250 Gr","5190.00","5190.00"
25229,"Postre Almendrado Cofler Block 500 Gr","10250.00","10770.00"
25230,"Pizza Mozzarella Estuche Carrefour 600 Gr","5190.00","5190.00"
25231,"Helado Palito Frutal Frutilla y Naranja Popsy 18 Un 45 Gr","10935.00","12029.00"
25232,"Milanesa de Soja Prefrita Swift 4 Un","2180.00","2419.00"
25233,"Hamburguesa Tipo Casera Swift 240 Gr","3309.00","3447.00"
25234,"Medallones de Carne Supercongelados Swift 2 Un","1143.00","1191.00"
25235,"Milanesa de Merluza Crocante con Finas Hierbas 500 Gr","5990.00","7499.00"
25236,"Barrita de Merluza 250 Gr","1990.00","1990.00"
25237,"Papas Baston Paladini 380 Gr","2093.00","2180.00"
25238,"Pizza de Muzzarella Eco Congelada 430 Gr","5190.00","5190.00"
25239,"Medallones de Pollo con Jamon y Queso Paladini 2 Un 170 Gr","2345.00","2738.00"
25240,"Helado en Palito de Agua Sabor Frutilla Caja La Frutta 6 Un","9260.00","10129.00"
25241,"Papas Ondeadas Congeladas Carrefour Classic 700 Gr","3190.00","3190.00"
25242,"Helado Palito Bombon Frigor 18 Un 36.4 Gr","12008.00","12509.00"
25243,"Pizza Jamon Mozzarella Estuche Carrefour 650 Gr","6090.00","6090.00"
25244,"Helado de Palito Sabor Frutilla Torpedo 1 Un","1142.00","1190.00"
25245,"Milanesas de Soja Lucchetti 290 Gr","2140.00","2319.00"
25246,"Helado Almendrado Clasico Novelty 600 Gr","11195.00","11744.00"
25247,"Helado Palito Luxor Bombon Frigor 5 Un 265 Gr","1586.00","1652.00"
25248,"Medallones de Pollo Mas Crocante Bolsa Granja Del Sol 330 Gr","4870.00","4870.00"
25249,"Hamburguesas de Carne Grandes Paty 4 Un 480 Gr","6448.00","6836.00"
25250,"Hamburguesa con Cebolla Paty 2 Un","2819.00","2987.00"
25251,"Helado Gelato Bc Frutilla Arcor 300 Gr","3709.00","5226.00"
25252,"Helado en Palito de Agua Sabor Frutilla Caja La Frutta 6 Un","9260.00","10129.00"
25253,"Helado Gelato Bc Frutilla Arcor 300 Gr","3709.00","5226.00"
25254,"Milanesa de Merluza Crocante con Finas Hierbas 500 Gr","5990.00","7499.00"
25255,"Helado de Palito Sabor Frutilla Torpedo 1 Un","1142.00","1190.00"
25256,"Helado Tres Cremas Balde Arcor 1 Kg","7400.00","11425.00"
25257,"Barrita de Merluza 250 Gr","1990.00","1990.00"
25258,"Helado Almendrado Clasico Novelty 600 Gr","11195.00","11744.00"
25259,"Helado Almendrado Arcor 675 Gr","10250.00","10770.00"
25260,"Helado Palito Luxor Bombon Frigor 5 Un 265 Gr","1586.00","1652.00"
25261,"Helado Palito Bombon Frigor 18 Un 36.4 Gr","12008.00","12509.00"
25262,"Barrita Helada de Crema Americana Aguila D'Or 8 Un","8937.00","9310.00"
25263,"Helado Gelato Cofler 450 Cc","5017.00","5226.00"
25264,"Milanesa de Soja Tipo Casera Granja Del Sol 8 Un","4785.00","4785.00"
25265,"Hamburguesa de Carne Vacuna Swift 12 Un 828 Gr","7772.00","8096.00"
25266,"Milanesa Soja Rellena Tomate y Queso Swift 4 Un","3259.00","3395.00"
25267,"Milanesa de Soja Espinaca y Queso Swift 4 Un","3259.00","3395.00"
25268,"Milanesa de Soja Jamon y Queso Swift 4 Un","3259.00","3633.00"
25269,"Hamburguesas Arroz Yamani y Cebolla Caramelizada Veggies 4 Un","1338.12","1378.08"
25270,"Hamburguesas Lentejas y Arroz Yamani Veggies 4 Un","1338.12","1378.08"
25271,"Hamburguesas Calabaza y Garbanzo Veggies 4 Un","1338.12","1378.08"
25272,"Hamburguesas Quinoa y Espinaca Veggies 4 Un","1338.12","1378.08"
25273,"Bastones de Merluza Rebozados Carrefour Clasico 250 Gr","1990.00","1990.00"
25274,"Brocoli Congelado Granja Del Sol 400 Gr","752.00","752.00"
25465,"Bastones de Merluza 1 Kg","8000.00","8000.00"
25275,"Milanesas de Soja con Cebolla Vegetalex 340 Gr","1796.00","1870.00"
25276,"Milanesas de Soja con Espinaca Vegetalex 340 Gr","1796.00","1870.00"
25277,"Espinaca Congelada Granja del Sol 400 Gr","796.00","822.00"
25278,"Milanesas de Soja Vegetalex 340 Gr","1632.00","1700.00"
25279,"Acelga Congelada Granja Del Sol 500 Gr","890.00","890.00"
25280,"Yogur Helado Choconut Karinat 120 Gr","2876.00","2995.00"
25281,"Torta Helada Americana Cookies Sei Tu 800 Gr","9801.00","10209.00"
25282,"Bocaditos de Pollo Nuggets Paladini 760 Gr","9736.00","10141.00"
25283,"Yogur Helado Frutos del Bosque Karinat 120 Gr","2876.00","3209.00"
25284,"Hamburguesas Pacheco First Barfy 72 Un","740.00","740.00"
25285,"Bocaditos de Pollo Nuggets Paladini 380 Gr","4948.00","5154.00"
25286,"Helado de Cono Epa Crunchy 88 Gr","2973.00","3097.00"
25287,"Bombon Escoces Clasico Sei Tu 8 Un","8470.00","8822.00"
25288,"Hamburguesas de Carne Clasicas Paladini 320 Gr","5579.00","5579.00"
25289,"Milanesas de Soja Flowpack Granja del Sol 330 Gr","503.00","503.00"
25290,"Yogur Helado Dulce de Leche Karinat 120 Gr","2876.00","3209.00"
25291,"Medallon de Carne Alimax 2 Un","913.00","951.00"
25292,"Barrita Helada de Crema Americana Aguila D'Or 8 Un","8937.00","9310.00"
25293,"Helado de Crema Bon O Bon 250 Gr","5017.00","5226.00"
25294,"Postre Helado Tofi 637 Gr","10339.00","10770.00"
25295,"Postre Helado Chocolate Aguila D'or Caja 637 Gr","10339.00","10770.00"
25296,"Postre Helado Chocotorta Chocolinas Caja 637 Gr","10339.00","10770.00"
25297,"Postre Helado Chocolate Bon O Bon Caja 637 Gr","10339.00","10770.00"
25298,"Helado Frutilla y Anana Mr Pops 6 Un","4855.00","5411.00"
25299,"Helado Chocolate Intenso Aguila 250 Gr","5017.00","5226.00"
25300,"Helado Block Pote Cofler 250 Gr","5017.00","5226.00"
25301,"Gelato Sabor Limon sin TACC Bc 6 Un 300 Gr","5017.00","5226.00"
25302,"Helado Arcor 3 Cremas Chocolate Vainilla y Dulce de Leche 2 Lt","10250.00","10677.00"
25303,"Choclo Green Life 300 Gr","1606.00","1673.00"
25304,"Arvejas Green Life 300 Gr","2328.00","2425.00"
25305,"Medallones de Carne Light sin TACC Flowpack Paty 2 Un 160 Gr","854.28","881.28"
25306,"Hamburguesas de Carne Vacuna sin TACC Paty 20 Un 1.6 Kg","19331.00","20136.00"
25307,"Acelga Congelada Green Life 500 Gr","2172.00","2262.00"
25308,"Brocoli Congelado Green Life Bolsa 400 Gr","3137.00","3267.00"
25309,"Espinaca Congelada Green Life 500 Gr","2432.00","2533.00"
25310,"Espinaca Congelada Green Life 1 Kg","4522.00","4710.00"
25311,"Medallon Veggies Espinaca y Pimiento Green Life 190 Gr","1427.00","1486.00"
25312,"Jardinera de Legumbres Egran 500 Gr","1959.00","1959.00"
25313,"Papas Baston Caseras Congeladas Carrefour Classic 700 Gr","3190.00","3190.00"
25314,"Pizza Italiana Mozzarella y Cebolla Pietro 1 Un","5060.00","5271.00"
25315,"Pizza a la Piedra Mozzarella Congelada Pietro 600 Gr","1918.08","1995.84"
25316,"Pizza Mozzarella y Jamon Pietro 675 Gr","2444.04","2545.56"
25317,"Pizza Congelada Pepperoni Horno Casero 470 Gr","6850.00","6850.00"
25318,"Hamburguesas Pacheco First Barfy 72 Un","740.00","740.00"
25319,"Helado Palito Patapalo Frutilla 6 Un","876.96","876.96"
25320,"Papas Baston Estilo Casero Mc Cain 720 Gr","4560.00","4750.00"
25321,"Papas Clasicas Tradicional Familiar Mc Cain 1.4 Kg","8659.00","8659.00"
25322,"Wok de Vegetales Rossi 200 Gr","2399.00","2399.00"
25323,"Coleslaw Santa Maria 300 Gr","1999.00","1999.00"
25324,"Bocaditos de Pollo Nuggets Granja Tres Arroyos 1 Un","4499.00","4499.00"
25325,"Bolita de Pollo Rebozada Granja Tres Arroyos 3 Kg","2295.00","2390.00"
25326,"Nuggets Gigantes de Pollo Naahguets Grangys 1 Kg","10650.00","10650.00"
25327,"Pizza Mozzarella a La Piedra Sibarita 470 Gr","6103.00","6357.00"
25328,"Helado Cookies Cream Freddo 375 Gr","1699.92","1699.92"
25329,"Bombones Helados de Crema Amrciana Pote Fredd 180 Gr","1695.60","1695.60"
25330,"Bombon Helado Dulce de Leche Caja Freddo 180 Gr","1695.60","1695.60"
25331,"Medallon de Merluza Crocantes Solimeno 320 Gr","3190.00","3190.00"
25332,"Helado Flan Frutilla Dulce de Leche y Granizado La Montevideana 3 Lt","9283.00","9670.00"
25333,"Balde de Helado Chocolate -Dulce de Leche-Frutilla Sei Tu 3 Lt","8470.00","8822.00"
25334,"Helado de Palito Frutilla Americana Carita Sei Tu 6 Un","3691.00","3844.00"
25335,"Postre Tricolor Light Cormillot Sei Tu 640 Gr","5088.00","5300.00"
25336,"Bombon Escoces Clasico Sei Tu 8 Un","8470.00","8822.00"
25337,"Torta Helada Americana Cookies Sei Tu 800 Gr","9801.00","10209.00"
25338,"Yogur Helado Frutos del Bosque Karinat 120 Gr","2876.00","3209.00"
25339,"Yogur Helado Dulce de Leche Karinat 120 Gr","2876.00","3209.00"
25340,"Yogur Helado Choconut Karinat 120 Gr","2876.00","2995.00"
25341,"Bastones de Merluza Rebozados Carrefour Clasico 250 Gr","1990.00","1990.00"
25342,"Medallon de Carne Alimax 2 Un","913.00","951.00"
25343,"Filet de Merluza Rebozado Congelado Pampa Food 800 Gr","6750.00","6750.00"
25344,"Nuggets de Pollo Check 300 Gr","460.40","460.40"
25345,"Helado Vainilla y Dulce de Leche Frigor 500 Gr","7049.00","7049.00"
25346,"Helado Limon Frigor 6 Un","7045.00","7045.00"
25347,"Bombon Helado Americana con Dulce de Leche Novelty 6 Un","8668.00","9029.00"
25348,"Helado de Dulce de Leche Pote Novelty 500 Gr","8219.00","8219.00"
25349,"Helado de Frutilla Pote Novelty 500 Gr","8219.00","8219.00"
25350,"Helado de Chocolate Pote Novelty 500 Gr","8219.00","8219.00"
25351,"Helado Dulce de Leche Frutilla y Chocolate Balde Noel 1 Kg","4965.00","5000.00"
25352,"Helado Dulce de Leche Frutilla y Chocolate Balde Frigor 1 Kg","2446.20","2446.20"
25353,"Helado Palito sabor Chocolate Nesquik 6 Un 34 Gr","6155.00","6340.00"
25354,"Helado Anana La Frutta 69 Gr","543.24","568.08"
25355,"Helado Pote Milka 515 Gr","8570.00","8570.00"
25356,"Helado Oreo Pote Frigor 500 Gr","8570.00","8570.00"
25357,"Helado Dulce de Leche Tentacion Ice Cream Pote Not Co 330 Gr","2171.88","2262.60"
25358,"Helado Not Ice Cream Chocolate Chips NotCo 316 Gr","5698.00","6359.00"
25359,"Helado Not Ice Cream Strawberrys Cream NotCo 316 Gr","5698.00","6099.00"
25360,"Tableta Helada Sabor Dulce de Leche Not Ice Cream 6 Un","6931.00","7219.00"
25361,"Paletas Chocolate Crocante Not Ice Cream 4 Un 75 Gr","6192.00","6919.00"
25363,"Paleta Helada Sabor Crema Americana Note Ice 4 Un 60 Gr","6192.00","6450.00"
25365,"Milanesas de Merluza con Semillas Congelada Artesanos del Mar 600 Gr","9590.00","9590.00"
25367,"Bocaditos Nuggets de Pollo Sadia 900 Gr","9146.00","9527.00"
25390,"Baston de Merluza Rebozado Prefrito con Queso 1 Kg","5599.00","5599.00"
25391,"Baston de Merluza Rebozado Prefrito 1 Kg","4990.00","4990.00"
25392,"Helado Americana Frigor 500 Gr","7045.00","7045.00"
25393,"Medallon de Merluza Rebozado Prefrito Brocoli y Queso 1 Kg","5990.00","5990.00"
25394,"Medallon de Merluza Rebozado Prefrito Tomate y Queso 1 Kg","5990.00","5990.00"
25395,"Medallon de Merluza Rebozado Prefrito Primavera 1 Kg","5990.00","5990.00"
25396,"Medallon de Merluza Rebozado Prefrito Espinaca y Queso 1 Kg","5990.00","5990.00"
25397,"Helado Cono Luxor Caja Frigor Nestle 3 Un","5534.00","5534.00"
25398,"Helado Almendrado Ice Cream 675 Gr","7999.00","7999.00"
25399,"Bombon Helado Cubierto Chocolate Relleno Dulce de Leche Caja Novelty 6 Un 465 Gr","9029.00","9029.00"
25400,"Medallon de Carne Good Mark 4 Un 80 Gr","3815.00","3815.00"
25401,"Hamburguesas de Carne Good Mark 320 Gr","4015.00","4015.00"
25402,"Hamburguesas de Carne Light Caja Paty 4 Un","4542.00","4542.00"
25403,"Hamburguesas de Carne Congelada Paty 4 Un","3655.00","3655.00"
25404,"Medallon Flowpack Tres Cruces 2 Un 110 Gr","869.00","869.00"
25405,"Hamburguesa con Morron Paty 2 Un","2790.00","2790.00"
25406,"Helado Cono Dulce de Leche Epa 3 Un 88 Gr","9475.00","9475.00"
25409,"Medallon de Merluza Rebozado Prefrito con Provenzal 1 Kg","5990.00","5990.00"
25410,"Helado Chocolate Pote Haulani 450 Gr","7875.00","7875.00"
25411,"Helado Chocolate Blanco y Frambuesa Pote Haulani 450 Gr","10500.00","10500.00"
25412,"Helado Super Dulce de Leche - Salted Caramel Hualani 450 Gr","7875.00","7875.00"
25413,"Helado en Palito Frambuesa Bañada en Chocolate Haulani 3 Un","8900.00","8900.00"
25414,"Hamburguesas de Carne Grandes Paty 2 Un","3285.00","3285.00"
25415,"Helado Granizado Aguila en Pote 450 Cc","4450.00","4450.00"
25416,"Medallon de Carne Doble Swift 4 Un","2137.00","2137.00"
25417,"Hamburguesas de Carne Clasicas Swift 12 Un 960 Gr","11567.00","11567.00"
25418,"Medallones de Pollo Rebozados 1 Kg","4999.90","4999.90"
25419,"Bocaditos de Pollo Nuggets 1 Kg","4999.90","4999.90"
25420,"Merluza Suprema Marinera 1 Kg","5990.00","5990.00"
25421,"Milanesas de Pescado Marinera Provenzal 1 Kg","10590.00","10590.00"
25422,"Supremas de Merluza Rebozadas 1 kg","4990.00","4990.00"
25423,"Medallon de Pollo y Espinaca Coto 1 Kg","7799.90","7799.90"
25424,"Bastoncitos de Pollo Coto 1 Kg","6799.90","6799.90"
25425,"Hamburguesas de Carne Clasicas Swift 20 Un","18793.00","18793.00"
25426,"Bocaditos Rebozados de Pollo Supercongelados Swift 760 Gr","7719.00","7719.00"
25427,"Medallones de Carne Vacuna Supercongelados La Blanca 112 Gr","905.00","905.00"
25428,"Arvejas Congeladas Bolsa Lucchetti 300 Gr","2990.00","2990.00"
25429,"Acelga Congelada Bolsa Lucchetti 450 Gr","2815.00","2815.00"
25430,"Brocoli Congelado Lucchetti 300 Gr","2530.00","2530.00"
25431,"Medallones de Pollo Bolsa Lucchetti 280 Gr","2805.00","2805.00"
25432,"Milanesas de Soja Rellenas Napolitana Granja Del Sol 380 Gr","4050.00","4050.00"
25434,"Prepizza de Tomate Cuadrada 300 Gr","1525.00","1525.00"
25435,"Papas Baston Horneables Artesanal Bolsa Mc Cain 700 Gr","5665.00","5665.00"
25436,"Bocaditos Rebozados de Pollo Cocido Granja Tres Arroyos 800 Gr","8699.00","8699.00"
25437,"Medallones de Carne Light Caja 214 4 Un 320 Gr","4729.00","4729.00"
25438,"Medallones Rebozados de Pollo Cocido Granja Tres Arroyos 450 Gr","4785.00","4785.00"
25439,"Supremas Rebozadas de Pollo Cocido Granja Tres Arroyos 540 Gr","7549.00","7549.00"
25440,"Helado Chocolate con Salsa de Chocolate Etiqueta Verde sin TACC Ice Cream 250 Gr","3975.00","3975.00"
25441,"Pizza Individual Mozarela 1 Un","3799.00","3799.00"
25442,"Helado Chocolate Dulce de Leche Granizado y Banana + Salsa Dulce de Leche Ice Cream 1.5 Kg","14599.00","14599.00"
25443,"Rebozados de Pollo Cocido Granja Tres Arroyos 400 Gr","5299.00","5299.00"
25444,"Inner Pollo Rebozado Granja Tres Arroyos 450 Gr","7100.00","7100.00"
25445,"Pechuga Crispy Granja Tres Arroyos 420 Gr","5990.00","5990.00"
25446,"Suprema Rebozada de Pollo 360 Gr","4500.00","4500.00"
25447,"Pizza Muzzarella y Cebolla 520 Gr","5990.00","5990.00"
25448,"Hamburguesa de Pollo Granja Tres Arroyos 110 Gr","1150.00","1150.00"
25449,"Medallon de Carne Vacuna Supercongelado 110 Gr","740.00","740.00"
25450,"Pizza Individual Da Muzzarela y Cebolla 230 Gr","4575.00","4575.00"
25451,"Helado Crema Americana Chocolate + Baño de Chocolate Princesa 575 Gr","8200.00","8200.00"
25452,"Hamburguesas de Lentejas y Arroz Yamani Veggies 1 Un","1579.00","1579.00"
25453,"Milanesa de Pollo Congelada Carrefour 1 Kg","8500.00","8500.00"
25454,"Helado Dulce de Leche Granizado y Chocolate Pote Freddo 350 Gr","7350.00","7350.00"
25455,"Helado Cookies Cream Pote Freddo 350 Gr","7495.00","7495.00"
25456,"Tableta Helada Rellena Crema Americana Caja Freddo 6 Un","8490.00","8490.00"
25457,"Nuggets de Pollo Crocantes Artico 300 Gr","3529.00","3529.00"
25458,"Nuggets de Pollo Solimeno 400 Gr","3350.00","3350.00"
25459,"Formitas de Pollo Paquete Artico 300 Gr","3159.00","3159.00"
25460,"Espinaca Seleccionada Paquete Solimeno 500 Gr","3417.00","3417.00"
25461,"Filet de Merluza Rebozada Congelada Artesanos Del Mar","8990.00","8990.00"
25462,"Milanesa de Pollo Congelada Bandeja 1 Kg","8500.00","8500.00"
25463,"Yogur Helado Frutilla Karinat 120 Gr","2500.00","2500.00"
25464,"Postre Congelado Clasico Mega Nestle 73 Gr","3099.00","3099.00"
25466,"Nuggets de Pollo Bolsa Granja Del Sol 900 Gr","12695.00","12695.00"
25467,"Medallones de Pollo Congelados Artico Paquete 4 Un","3129.00","3129.00"
25468,"Hamburguesas de Cerdo Coto 4 Un","3999.90","3999.90"
25469,"Bocaditos Rebozados de Pollo Congelados Coto 400 Gr","4699.90","4699.90"
25470,"Hamburguesas Coto 4 Un 332 Gr","3999.90","3999.90"
25471,"Medallon de Pollo con Espinaca Artico 500 Gr","6619.00","6619.00"
25472,"Supremas Rebozadas Congeladas Coto 500 Gr","5399.90","5399.90"
25473,"Bebida Isotonica Frutas Tropicales Powerade 500 Ml","1150.00","2180.00"
25474,"Gaseosa Naranja Fanta 500 Cc","1399.00","1960.00"
25475,"Coca Cola Sabor Original 2.25 Lt","3167.00","5600.00"
25476,"Agua Mineral sin Gas Villa del Sur 1.65 Lt","1165.00","2550.00"
25477,"Gaseosa Sprite 2.25 Lt","2975.00","5600.00"
25478,"Gaseosa Sprite Zero 500 Cc","1400.00","1960.00"
25479,"Coca Cola Sabor Original en Lata 354 Cc","1399.00","1750.00"
25480,"Gaseosa Pomelo Fanta 500 Cc","1350.00","1800.00"
25481,"Gaseosa Sprite 500 Cc","1399.00","1960.00"
25482,"Agua Saborizada Pera sin Gas Aquarius 1.5 Lt","1670.00","2640.00"
25483,"Agua Saborizada Manzana sin Gas Aquarius 1.5 Lt","1670.00","2600.00"
25484,"Agua Saborizada Pera sin Gas Aquarius 2.25 Lt","1823.00","1999.00"
25485,"Agua de Mesa sin Gas Bidon Villa Del Sur 6.25 Lt","3309.00","3440.00"
25486,"Coca Cola 500 Cc","1400.00","1960.00"
25487,"Agua Mineral sin Gas Villa del Sur 2.25 Lt","1300.00","1459.00"
25488,"Jugo en Polvo Sabor Manzana Verde Clight 7.5 Gr","330.00","399.00"
25489,"Gaseosa Naranja Crush 2.25 Lt","1400.00","1509.00"
25490,"Jugo en Polvo Sabor Naranja Tang 15 Gr","318.00","389.00"
25491,"Bebida Isotonica Manzana Gatorade 500 Ml","1315.00","1890.00"
25492,"Jugo en Polvo Sabor Anana Clight 7 Gr","330.00","399.00"
25493,"Jugo en Polvo Sabor Limon Dulce Tang 15 Gr","318.00","389.00"
25494,"Gaseosa Naranja Fanta 2.25 Lt","2879.00","3189.00"
25495,"Jugo en Polvo Sabor Manzana Tang 15 Gr","307.00","349.00"
25496,"Coca Cola Light 500 Cc","1400.00","1960.00"
25497,"Agua Mineralizada sin Gas Glaciar 2 Lt","1649.00","2125.00"
25498,"Coca Cola Light 2.25 Lt","2830.00","5600.00"
25499,"Coca Cola sin Azucar 2.25 Lt","3167.00","5600.00"
25500,"Jugo en Polvo Sabor Uva Tang 15 Gr","318.00","417.00"
25501,"Coca Cola 1.75 Lt","2650.00","4590.00"
25502,"Bebida Isotonica Frutas Tropicales Powearde 995 Ml","1425.00","1495.00"
25503,"Jugo en Polvo Sabor Pomelo Rosado Tang 15 Gr","318.00","389.00"
25504,"Agua Saborizada Manzana sin Gas Aquarius 2.25 Lt","1823.00","1999.00"
25505,"Gaseosa Lima Limon Sprite Zero 2.25 Lt","3099.00","3189.00"
25506,"Agua Saborizada Pomelo sin Gas Aquarius 1.5 Lt","1670.00","2600.00"
25507,"Gaseosa Lima Limon Crush 2.25 Lt","1400.00","1509.00"
25508,"Agua Saborizada Manzana sin Gas Aquarius 500 Cc","1080.00","1550.00"
25509,"Agua Mineral con Gas Pet Villavicencio 500 Ml","950.00","1300.00"
25510,"Aperitivo Amargo Limon Terma Light 1.35 Lt","1299.00","1936.00"
25511,"Aperitivo Amargo Limon Terma 1.35 Lt","1399.00","1936.00"
25512,"Agua Saborizada Citrus con Gas H2Oh! 2.25 Lt","1960.00","2000.00"
25513,"Bebida Isotonica Manzana Powerade 500 Ml","1150.00","1339.00"
25514,"Bebida Isotonica Mountain Blast Powerade 500 Ml","1150.00","2180.00"
25515,"Aperitivo Amargo Pomelo Terma 1.35 Lt","1399.00","1936.00"
25516,"Jugo en Polvo Sabor Anana Tang 15 Gr","318.00","417.00"
25517,"Gaseosa Pomelo Schweppes Zero 2.25 Lt Pack 6 Un","3099.00","3329.00"
25518,"Coca Cola sin Azucar 500 Cc","1399.00","1960.00"
25519,"Gaseosa Sprite Lata 354 Cc","1400.00","1750.00"
25520,"Coca Cola Zero 1.75 Lt","2699.00","4300.00"
25521,"Bebida Isotonica Cool Blue Gatorade 500 Ml","1315.00","1355.00"
25522,"Agua Saborizada Pomelo sin Gas Aquarius 2.25 Lt","1823.00","1900.00"
25523,"Agua sin Gas Benedictino 2.25 Lt","1325.00","1390.00"
25524,"Agua Mineral con Gas Pet Villavicencio 1.5 Lt","1445.00","1800.00"
25525,"Jugo en Polvo Sabor Manzana Deliciosa Clight 7 Gr","330.00","349.00"
25526,"Agua Saborizada Naranja sin Gas Aquarius 1.5 Lt","1670.00","1750.00"
25527,"Cola Coca Sabor Original 1.25 Lt","1850.00","1905.00"
25528,"Gaseosa Naranja Mirinda 2.25 Lt","1360.00","1900.00"
25529,"Agua sin Gas Bidon Benedictino 6 Lt","3040.00","3100.00"
25530,"Agua Mineral sin Gas Pet Villavicencio 1.5 Lt","1445.00","1800.00"
25531,"Amargo Citrus Terma 1.75 Lt","2195.00","2240.00"
25532,"Gaseosa Tonica Schweppes 1.5 Lt","2500.00","4050.00"
25533,"Jugo en Polvo Sabor Mango Naranja Tang 15 Gr","318.00","349.00"
25534,"jugo en Polvo Sabor Naranja Dulce Tang 18 Gr","318.00","349.00"
25535,"Agua Saborizada Citrus con Gas Ser 2.25 Lt","2205.00","2269.00"
25536,"Gaseosa Naranja Envase Retornable Fanta 2 Lt","2099.00","2259.00"
25537,"Aperitivo Amargo Blanco Tres Torres 1.5 Lt","1035.00","1160.00"
25538,"Jugo en Polvo Sabor Naranja Banana Tang 15 Gr","318.00","389.00"
25539,"Gaseosa Retornable Sprite 2 Lt","2099.00","2259.00"
25540,"Agua Saborizada Pomelo sin Gas Aquarius 2.25 Lt","1823.00","1900.00"
25541,"Jugo en Polvo Sabor Multifruta Tang 15 Gr","318.00","349.00"
25542,"Bebida Isotonica Manzana Gatorade 750 Cc","1445.00","2380.00"
25543,"Bebida Isotonica Naranja Gatorade 1.25 Lt","1745.00","1799.00"
25544,"Gaseosa Pomelo Fanta 2.25 Lt","3000.00","3189.00"
25545,"Jugo en Polvo Sabor Pomelo Amarillo Clight 8 Gr","330.00","349.00"
25546,"Gaseosa Lata Seven Up 354 Ml","730.00","1140.00"
25547,"Gaseosa Pomelo Regular Paso de los Toros 2.25 Lt","3160.00","3255.00"
25548,"Gaseosa Naranja Regular Mirinda Lata 354 Cc","1139.00","1140.00"
25549,"Gaseosa Lima Limon Suave Light Cunnington 2.25 Lt","1350.00","1419.00"
25550,"Agua sin Gas Benedictino 500 Ml","885.00","929.00"
25551,"Bebida Isotonica Cool Blue Gatorade 750 Cc","1445.00","1470.00"
25552,"Energizante Speed Unlimited 473 Ml","1965.00","2025.00"
25553,"Amargo Manzana Cero Terma 1.35 Lt","1399.00","1920.00"
25554,"Agua Mineral sin Gas Pet Villavicencio 500 Ml","950.00","1300.00"
25555,"Coca Cola 1.5 Lt","1899.00","4310.00"
25556,"Gaseosa Sprite 1.5 Lt","1575.00","4310.00"
25557,"Aperitivo Amargo Pomelo Rosado sin Azucar Peperina y Coriandro Terma 1.35 Lt","1520.00","1936.00"
25558,"Agua Mineral sin Gas Pet Villavicencio 2 Lt","1550.00","1620.00"
25559,"Jugo Listo Naranja Cepita 200 Ml","650.00","1190.00"
25560,"Coca Cola Retornable 2 Lt","2030.00","2199.00"
25561,"Gaseosa Pomelo Crush 2.25 Lt","1400.00","1439.00"
25562,"Bebida Isotonica Manzana Gatorade 1.25 Lt","1745.00","1799.00"
25563,"Jugo Listo Naranja Tentacion Cepita 1 Lt","349.00","2280.00"
25564,"Bebida Isotonica Manzana Powearde 995 Ml","1425.00","1495.00"
25565,"Coca Cola sin Azucar Retornable 2 Lt","2030.00","2200.00"
25566,"Bebida Isotonica Cool Blue Gatorade 1.25 Lt","1670.00","1799.00"
25567,"Coca Cola sin Azucar 1.5 Lt","1575.00","4310.00"
25568,"Aperitivo Amargo Pomelo Rosado Terma 1.75 Lt","2195.00","2240.00"
25569,"Bebida Energizante Botella Rockstar 500 Ml","1249.00","1315.00"
25570,"Gaseosa Doble Cola 2.25 Lt","1550.00","1669.00"
25571,"Gaseosa Naranja Suave Cunnington 2.25 Lt","1350.00","1381.00"
25572,"Gaseosa Tonica Lata Paso de los Toros 269 Cc","960.00","995.00"
25573,"Gaseosa Doble Cola 2.25 Lt","1550.00","1669.00"
25574,"Jugo Sabor Soja Tropic Ades 1 Lt","1967.00","2050.00"
25575,"Gaseosa Naranja Suave Cunnington 2.25 Lt","1350.00","1381.00"
25576,"Gaseosa Cola sin Azucar Coca Cola 1.25 Lt","1800.00","1855.00"
25577,"Aperitivo Amargo Obrero 950 Cc","3690.00","4490.00"
25578,"Jugo Listo Multifruta Tutti 200 Ml","560.00","609.00"
25579,"Jugo Listo Naranja Tutti 1 Lt","1400.00","1658.00"
25580,"Jugo de Durazno Delicioso Cepita 995 Ml","1500.00","2150.00"
25581,"Jugo Natural Naranja Tentacion Cepita 1 Lt","1499.00","1910.00"
25582,"Jugo Listo Manzana Tutti 200 Ml","560.00","589.00"
25583,"Gaseosa Tonica Lata Paso de los Toros 269 Cc","960.00","995.00"
25584,"Aperitivo Amargo Serrano Tres Torres 1.5 Lt","1159.00","1160.00"
25585,"Jugo Listo Manzana Tutti 1 Lt","1193.94","1349.00"
25586,"Agua Saborizada Lemon con Gas We 2.25 Lt","2205.00","2369.00"
25587,"Jugo Listo Natural Durazno Delicioso Cepita 300 Cc","850.00","1390.00"
25588,"Gaseosa Naranja Classic Cunnington 2.25 Lt","1350.00","1430.00"
25589,"Gaseosa Lima Limon Classic Cunnington 2.25 Lt","1395.00","1469.00"
25590,"Gaseosa Pomelo Classic Cunnington 2.25 Lt","1400.00","1469.00"
25591,"Gaseosa Tonica Classic Cunnington 2.25 Lt","1395.00","1469.00"
25592,"Jugo Listo Naranja Tutti 200 Ml","560.00","609.00"
25593,"Jugo Listo Multifruta Cepita 200 Ml","700.00","1150.00"
25594,"Jugo en Polvo Sabor Mandarina Clight 8 Gr","330.00","399.00"
25595,"Gaseosa Lima Limon Sprite 3 Lt","2231.00","3800.00"
25596,"Coca Cola 3 Lt","1476.00","3800.00"
25597,"Gaseosa Manzana Crush 3 Lt","1400.00","1799.00"
25598,"Gaseosa Naranja Fanta 3 Lt","3349.00","3800.00"
25599,"Gaseosa Lima Limon Sprite Zero 1.5 Lt","2000.00","4310.00"
25600,"Coca Cola Zero en Lata 6 Un 310 Cc","196.00","268.00"
25601,"Aperitivo Amargo Serrano Terma Light 1.35 Lt","1520.00","1936.00"
25602,"Jugo de Soja Naranja Ades 1 Lt","2050.00","2800.00"
25603,"Jugo Listo Manzana Multi Ades 1 L t","2050.00","2800.00"
25604,"Gaseosa Pomelo Doble Cola 2.25 Lt","1550.00","1639.00"
25605,"Gaseosa Sprite 1 Lt","240.00","1689.00"
25606,"Gaseosa Descartable Pomelo Paso de los Toros 1.5 Lt","1869.00","1870.00"
25607,"Agua Saborizada Naranja Aquarius 2.25 Lt","1940.00","1999.00"
25608,"Coca Cola Lata 310 Cc 6 Un","205.00","331.00"
25609,"Jugo Naranja Tentacion Cepita 1.50 Lt","1580.00","2239.00"
25610,"Jugo Manzana Brik Cepita del Valle 1 Lt","1500.00","2150.00"
25611,"Bebida Energizante Speed Unlimited Regular 250 Ml","1310.00","2080.00"
25612,"Gaseosa sin TACC Cola Suave Cunnington 2.25 Lt","1380.00","1419.00"
25613,"Gaseosa Naranja Fanta 1.5 Lt","2190.00","2259.00"
25614,"Jugo Sabor Multifruta Cepita del Valle 1 Lt","1500.00","1800.00"
25615,"Agua Saborizada Citrus con Gas Ser We 1.5 Lt","1775.00","1939.00"
25616,"Gaseosa Naranja Crush 3 Lt","321.00","1400.00"
25617,"Gaseosa Cola Suave Cunnington 1.5 Lt","1090.00","1091.00"
25618,"Coca Cola 1 Lt","1435.00","1989.00"
25619,"Gaseosa Cola Classic Cunnington 2.25 Lt","1395.00","1430.00"
25620,"Gaseosa sin TACC Pomelo Suave Cunnington 2.25 Lt","1350.00","1381.00"
25621,"Agua de Mesa sin Gas Benedictino 6.25 Lt","2250.00","2599.00"
25622,"Agua Mineralizada sin Gas Cellier Favaloro 2 Lt","830.00","866.00"
25623,"Jugo en Polvo Sabor Pomelo Rosado Cligh 8 Gr","330.00","349.00"
25624,"Jugo en Polvo Sabor Naranja Dulce Clight 7.5 Gr","330.00","349.00"
25625,"Jugo en Polvo Sabor Naranja Clight 8 Gr","330.00","349.00"
25626,"Jugo en Polvo Sabor Naranja Durazno Clight 7.5 Gr","330.00","349.00"
25627,"Jugo en Polvo Sabor Mango Naranja Clight 7 Gr","330.00","349.00"
25628,"Jugo en Polvo Sabor Limonada Clight 8 Gr","330.00","349.00"
25629,"Jugo de Naranja Del Valle 200 Ml","555.00","560.00"
25630,"Jugo de Manzana Del Valle 200 Ml","555.00","560.00"
25631,"Jugo Multifruta Del Valle 200 Ml","555.00","560.00"
25632,"Gaseosa Pomelo Suave Cunnington 1.5 Lt","1090.00","1091.00"
25633,"Jugo Multifruta Del Valle 1 Lt","1505.00","1510.00"
25634,"Gaseosa Indian Tonica Suave Cunnington 2.25 Lt","1380.00","1381.00"
25635,"Jugo Manzana Del Valle 1 Lt","1505.00","1510.00"
25636,"Agua Saborizada Pomelo Cellier 1.5 Lt","859.00","860.00"
25637,"Agua Mineral sin Gas en Bidon Nestle 6.3 Lt","4018.00","4135.00"
25638,"Gaseosa Limon Pritty 2.25 Lt","1850.00","1850.00"
25639,"Gaseosa Cola Cunnington 1.5Lt","1130.00","1130.00"
25640,"Jugo en Polvo Anana Rinde Dos 18 Gr","455.00","455.00"
25641,"Jugo en Polvo Naranja Banana Rinde Dos 18 Gr","455.00","455.00"
25642,"Fanta Naranja Zero 600 Ml","20.00","20.00"
25643,"Jugo en Polvo Durazno Rinde Dos 18 Gr","455.00","455.00"
25644,"Jugo en Polvo Naranja Rinde Dos 18 Gr","455.00","455.00"
25645,"Agua Mineral Bidon Nihuil 5 Lt","1750.00","1750.00"
25646,"Agua Tonica Light Dia 2.25 Lt","1250.00","1250.00"
25647,"Gaseosa Coca Cola Zero Retornable 1.25 Lt","695.00","695.00"
25648,"Bebida Isotonica Frutas Tropicales Gatorade 500 Ml","1315.00","1315.00"
25649,"Jugo de Naranja Dia 1 Lt","1150.00","1150.00"
25650,"Agua Saborizada Naranja Durazno con Gas Dia 2 Lt","1390.00","1390.00"
25651,"Agua Saborizada Pomelo con Gas Dia 2 Lt","1390.00","1390.00"
25652,"Jugo de Pomelo Fresh Botella Cepita del Valle 1.5 Lt","1635.00","1635.00"
25653,"Coca Cola Light Sabor Liviano 1.5 Lt","1900.00","1900.00"
25654,"Coca Cola sin Azucar 2.5 Lt","3040.00","3040.00"
25655,"Jugo de Naranja 25% Cepita 1 Lt","1485.00","1485.00"
25656,"Jugo Natural Naranja Fresh Cepita del Valle 1.5 Lt","1635.00","1635.00"
25657,"Coca Cola Light Retornable 2 Lt","1700.00","1700.00"
25658,"Agua Tonica Dia 2.25 Lt","1250.00","1250.00"
25659,"Gaseosa Lima Limon Seven Up 250 Ml","570.00","570.00"
25660,"Gaseosa Cola Dia 500 Cc","750.00","750.00"
25661,"Jugo en Polvo Manzana Dia 7.5 Gr","265.00","265.00"
25662,"Agua Saborizada Citrus con Gas Dia 2 Lt","1390.00","1390.00"
25663,"Gaseosa Tonica Suave Cunnington 1.5 Lt","1090.00","1090.00"
25664,"Jugo de Naranja Del Valle 1 Lt","1505.00","1505.00"
25665,"Agua Saborizada Naranja Cellier 1.5 Lt","860.00","860.00"
25666,"Gaseosa Naranja Fanta 1.25 Lt","695.00","695.00"
25667,"Jugo de Soja Natural Ades 1 Lt","2200.00","2200.00"
25668,"Coca Cola 2.5 Lt","2500.00","2500.00"
25669,"Energizante Light Sugarfree Red Bull 250 Ml","2540.00","2540.00"
25670,"Jugo Manzana Dia 1 Lt","1150.00","1150.00"
25671,"Agua Mineralizada Dia 2 Lt","790.00","790.00"
25672,"Agua Saborizada Limon con Gas Dia 2 Lt","1390.00","1390.00"
25673,"Agua Bajo Sodio sin TACC Dia 2.25 Lt","1000.00","1000.00"
25674,"Jugo Multifruta Dia 200 Ml","500.00","500.00"
25675,"Bidon de Agua sin TACC Dia 6.5 Lt","2000.00","2000.00"
25676,"Gaseosa Naranja Dia 2.25 Lt","1250.00","1250.00"
25677,"Agua Tonica Light Dia 2.25 Lt","1250.00","1250.00"
25678,"Amargo Limon Dia 1.5 Lt","990.00","990.00"
25679,"Agua Mineral sin Gas Dia 6.25 Lt","2800.00","2800.00"
25680,"Jugo En Polvo Naranja Banana 18 Gr","275.00","275.00"
25681,"Jugo en Polvo Naranja Dia Light 10 Gr","265.00","265.00"
25682,"Gaseosa Lima Dia 2.25 Lt","1250.00","1250.00"
25683,"Amargo Cordillerano Dia 1.5 Lt","990.00","990.00"
25684,"Agua Saborizada Citrus con Gas Dia 2 Lt","1390.00","1390.00"
25685,"Agua Mineral Bidon Nihuil 5 Lt","1750.00","1750.00"
25686,"Jugo de Naranja 25% Cepita 1 Lt","1485.00","1485.00"
25687,"Bebida Isotonica Fruts Trop Dia 750 Ml","990.00","990.00"
25688,"Coca Cola Light Sabor Liviano 1.5 Lt","1900.00","1900.00"
25689,"Jugo Natural Naranja Fresh Cepita del Valle 1.5 Lt","1635.00","1635.00"
25690,"Jugo de Soja Natural Ades 1 Lt","2200.00","2200.00"
25691,"Jugo de Pomelo Fresh Botella Cepita del Valle 1.5 Lt","1635.00","1635.00"
25692,"Bebida Isotonica Frutas Tropicales Gatorade 500 Ml","1315.00","1315.00"
25693,"Jugo Multifruta Dia 1 Lt","1150.00","1150.00"
25694,"Fanta Naranja Zero 600 Ml","20.00","20.00"
25695,"Gaseosa Tonica Suave Cunnington 1.5 Lt","1090.00","1090.00"
25696,"Jugo de Naranja Dia 200 Ml","500.00","500.00"
25697,"Jugo de Naranja Del Valle 1 Lt","1505.00","1505.00"
25698,"Agua Saborizada Naranja Cellier 1.5 Lt","860.00","860.00"
25699,"Coca Cola sin Azucar 2.5 Lt","3040.00","3040.00"
25700,"Bebida Isotonica Blueberry Dia 750 Ml","990.00","990.00"
25701,"Gaseosa Coca Cola Zero Retornable 1.25 Lt","695.00","695.00"
25702,"Coca Cola Light Retornable 2 Lt","1700.00","1700.00"
25703,"Bebida Isotonica Manzana Dia 750 Ml","990.00","990.00"
25704,"Gaseosa Pomelo Dia 2.25 Lt","1250.00","1250.00"
25705,"Energizante Light Sugarfree Red Bull 250 Ml","2540.00","2540.00"
25706,"Amargo Citrus Dia 1.5 Lt","990.00","990.00"
25707,"Agua Saborizada Pera con Gas Dia 2 Lt","1390.00","1390.00"
25708,"Agua Mineral sin Gas Villavicencio Sport 750 Cc","1030.00","1861.00"
25709,"Agua Mineral sin Gas Villa del Sur 600 Cc","829.00","1670.00"
25710,"Agua Mineral con Gas Eco de Los Andes 500 Cc","950.00","1420.00"
25711,"Agua Saborizada Pera sin Gas Aquarius 500 Cc","1100.00","1590.00"
25712,"Gaseosa Pomelo Paso de los Toros 500 Cc","1139.00","1590.00"
25713,"Agua Saborizada Pomelo sin Gas Aquarius 500 Cc","1100.00","1590.00"
25714,"Agua Mineral con Gas Smart Water Pet 591 Cc","999.00","1200.00"
25715,"Agua Mineral sin Gas Eco de Los Andes 500 Cc","950.00","1420.00"
25716,"Gaseosa Fanta 1.75 Lt","2499.00","4300.00"
25717,"Agua Mineral sin Gas Eco de Los Andes 1 Lt","760.00","1960.00"
25718,"Gaseosa sin Azucar Schweppes 6 Un 310 Cc","1399.00","1650.00"
25719,"Bebida Isotonica Naranja Gatorade 500 Ml","1339.00","1890.00"
25720,"Gaseosa Lima Limon Sprite Zero 1.75 Lt","2500.00","4300.00"
25721,"Bebida Hidratante Frutilla Kiwi Suerox 630 Ml","2565.00","2850.00"
25722,"Bebida Hidratante Manzana Suerox 630 Ml","2565.00","2850.00"
25723,"Bebida Hidratante Manzana Suerox 630 Ml","2565.00","2850.00"
25724,"Bebida Hidratante Arandanos Pomelo Suerox 630 Ml","2565.00","2850.00"
25725,"Gaseosa Lima Limon Sprite 1.75 Lt","2499.00","4300.00"
25726,"Coca Cola 2.25 Lt y Gaseosa Lima Limon Sprite 2.25 Lt","5120.00","8950.00"
25727,"Gaseosa Naranja sin Azucar Lata Fanta 354 Ml","1399.00","1509.00"
25728,"Jugo en Polvo Sabor Durazno Tang 15 Gr","318.00","417.00"
25729,"Jugo en Polvo Naranja Durazasno Tang 15 Gr","318.00","417.00"
25730,"Gaseosa Tonica Schweppes 6 Un 310 Cc","1399.00","1650.00"
25731,"Agua Mineral sin Gas Eco de Los Andes 1.5 Lt","1400.00","2220.00"
25732,"Agua Mineralizada sin Gas Glaciar 500 Cc","1050.00","1269.00"
25733,"Gaseosa Pomelo Schweppes Zero 1.5 Lt","2500.00","4050.00"
25734,"Agua Saborizada Citrus con Gas H2Oh! 1.5 Lt","1660.00","1800.00"
25735,"Agua Saborizada Limonada sin Gas Aquarius 500 Cc","1100.00","1280.00"
25736,"Agua Mineral sin Gas Sierra de los Padres 2 Lt","1060.00","1109.00"
25737,"Gaseosa Naranja Mirinda 500 Cc","1139.00","1175.00"
25738,"Bebida Isotonica Mountain Blast Powearde 995 Ml","1449.00","1495.00"
25739,"Agua Saborizada Pomelo Rosado sin Gas Aquarius 500 Cc","1100.00","1280.00"
25740,"Agua Mineralizada sin Gas Glaciar 1.5 Lt","1450.00","1979.00"
25741,"Agua Mineral sin Gas Eco de Los Andes 2 Lt","1789.00","1979.00"
25742,"Agua Mineral con Gas Eco de Los Andes 1.5 Lt","1569.00","1939.00"
25743,"Jugo en Polvo Sabor Anana Verao 7 Gr","150.00","224.00"
25744,"Aperitivo Amargo Serrano Terma 1.35 Lt","1399.00","1936.00"
25745,"Jugo en Polvo Sabor Manzana Verao 7 Gr","148.00","224.00"
25746,"Jugo en Polvo Sabor Naranja Verao 7 Gr","148.00","209.00"
25747,"Bebida Isotonica Frutas Tropicales Gatorade 750 Cc","1469.00","1489.00"
25748,"Coca Cola sin Azucar en Lata 354 Cc","1400.00","1750.00"
25749,"Jugo en Polvo Sabor Manzana Stevia Clight 7.5 Gr","330.00","427.00"
25750,"Pack Gaseosa Coca Cola de 2.25 Lt y Coca Cola sin Azucar 1 Un","5280.00","8950.00"
25751,"Aperitivo Amargo Cuyano Terma Light 1.35 Lt","1399.00","1936.00"
25752,"Bebida Energizante Speed 269 Cc","1314.00","1355.00"
25753,"Jugo en Polvo Naranja Bc La Campagnola 7 Gr","225.00","232.00"
25754,"Bebida Isotonica Mountain Blast Powerade 1.5 Lt","1849.00","1850.00"
25755,"Jugo en Polvo Sabor Manzana Sobre Bc 8.5 Gr","225.00","232.00"
25756,"Jugo en Polvo Sabor Naranja Dulce Sobre Bc 7 Gr","225.00","232.00"
25757,"Gaseosa Pomelo Paso de los Toros 1.5 Lt","1665.00","2940.00"
25758,"Agua Mineral con Gas Villavicencio 500 Cc","528.00","1180.00"
25759,"Agua Saborizada Limoneto con Gas H2Oh 500 Cc","950.00","1140.00"
25760,"Jugo en Polvo Naranja Durazno Bc La Campagnola 7 Gr","225.00","232.00"
25761,"Jugo en Polvo Multifruta Arcor 18 Gr","218.00","231.00"
25762,"Agua Mineral sin Gas Eco de los Andes 850 Ml","1300.00","1690.00"
25763,"Jugo en Polvo Sabor Frutilla Tang 15 Gr","318.00","349.00"
25764,"Jugo en Polvo Pomelo Rosado Sobre Bc 7 Gr","225.00","232.00"
25765,"Agua Mineral sin Gas Glaciar 750 Cc","1529.00","1539.00"
25766,"Jugo en Polvo Pera Trang 15 Gr","318.00","349.00"
25767,"Agua Mineral sin Gas Nestle Pureza Vital 500 Cc","1129.00","1155.00"
26329,"Grasa Bovina Dia 500 Gr","1750.00","1750.00"
25768,"Agua Mineral sin Gas Nestle Pureza Vital 1.5 Lt","1160.00","1459.00"
25769,"Jugo Listo Manzana Cepita 200 Ml","700.00","1190.00"
25770,"Agua Mineral sin Gas Villavicencio 500 Cc","507.00","1180.00"
25771,"Jugo en Polvo Sabor Limonada Maracuya Sobre Clight 7.5 Gr","330.00","349.00"
25772,"Jugo en Polvo Naranza Durazno Verao 7 Gr","148.00","209.00"
25773,"Agua Mineral sin Gas Nestle Pureza Vital 500 Cc","1129.00","1155.00"
25774,"Coca Cola Light 1.75 Lt","2700.00","4300.00"
25775,"Agua Saborizada Limoneto con Gas H2Oh 500 Cc","950.00","1140.00"
25776,"Agua sin Gas Benedicto 2 Lt","105.00","1099.00"
25777,"Jugo en Polvo Naranja Bc La Campagnola 7 Gr","225.00","232.00"
25778,"Jugo en Polvo Sabor Manzana Sobre Bc 8.5 Gr","225.00","232.00"
25779,"Gaseosa Sprite Zero Lata 354 Cc","1399.00","1509.00"
25780,"Jugo en Polvo Sabor Naranja Dulce Sobre Bc 7 Gr","225.00","232.00"
25781,"Gaseosa 7 Up Free Lata 354 Cc","1139.00","1140.00"
25782,"Jugo en Polvo Banana Naranja Arcor 18 Gr","218.00","231.00"
25783,"Agua Saborizada Limoneto con Gas H2Oh! 1.5 Lt","1800.00","1849.00"
25784,"Jugo en Polvo Mango Naranja Arcor 18 Gr","218.00","231.00"
25785,"Jugo en Polvo Limonada Bc La Campagnola 18 Gr","225.00","232.00"
25786,"Gaseosa Pomelo Lata Paso De Los Toros 269 Cc","959.00","999.00"
25787,"Bebida Isotonica Uva Gatorade 500 Ml","1340.00","1355.00"
25788,"Jugo Listo Manzana Bc La Campagnola 200 Ml","483.00","700.00"
25789,"Agua Mineral Neste Purez Vital 2.25 Lt","1619.00","1620.00"
25790,"Agua Saborizada Lemon con Gas We 1.5 Lt","1449.00","1809.00"
25791,"Agua Bidon Sierra De Los Padres 6.5 Lt","2830.00","2915.00"
25792,"Gaseosa Lima Limon Light Carrefour 2.25 Lt","1250.00","1250.00"
25793,"Gaseosa Tonica Carrefour 2.25 Lt","1250.00","1250.00"
25794,"Gaseosa Cola Carrefour 2.25 Lt","1250.00","1250.00"
25795,"Gaseosa Naranja Carrefour 2.25 Lt","1250.00","1250.00"
25796,"Gaseosa Naranja Fanta Zero 500 Cc","1039.00","1960.00"
25797,"Jugo en Polvo Sabor Limonada Stevia Sobre Clight 7.5 Gr","330.00","349.00"
25798,"Agua Mineral sin Gas Bonaqua 500 Cc","809.00","1520.00"
25799,"Agua Mineral con Gas Bonaqua 500 Cc","809.00","1520.00"
25800,"Jugo Listo Manzana Cepita 300 Cc","789.00","1390.00"
25801,"Agua Saborizada Limonada sin Gas Aquarius 1.5 Lt","1699.00","1799.00"
25802,"Gaseosa Pomelo Schweppes Zero 500 Cc","1209.00","1960.00"
25803,"Jugo en Polvo Mix Naranja Frutilla Maracuya Tang 15 Gr","318.00","330.00"
25804,"Jugo en Polvo Limonada Balance Sobre Tang 7 Gr","318.00","330.00"
25805,"Jugo en Polvo Naranja Balance Sobre Tang 7 Gr","318.00","330.00"
25806,"Jugo de Soja Naranja Ades 200 Cc","900.00","1150.00"
25807,"Jugo Listo Soja Tropical Ades 6 Un 200 Ml","900.00","1150.00"
25808,"Agua Mineral sin Gas Smart Water Pet 1.5 Lt","1450.00","1840.00"
25809,"Gaseosa Cola sin Azucar Coca Cola 8 Un 237 Ml","599.00","599.00"
25810,"Jugo en Polvo Mix Frutal Sobre Bc 7 Gr","225.00","232.00"
25811,"Isotonica Uva Powerade 500 Cc","1150.00","1300.00"
25812,"Aperitivo Amargo Blanco Tacconi 1.50 Lt","1150.00","1259.00"
25813,"Jugo en Polvo Anana Bc La Campagnola 7 Gr","225.00","232.00"
25814,"Aperitivo Amargo Limon Terma Light 1.75 Lt","2195.00","2240.00"
25815,"Aperitivo Amargo Pomelo Rosado Terma 1.35 Lt","1399.00","1920.00"
25816,"Aperitivo Amargo Citrus Tres Torres 1.5 Lt","1060.00","1159.00"
25817,"Aperitivo Amargo Pomelo sin Azucar Terma 1.35 Lt","1299.00","1920.00"
25818,"Agua con Vitaminas Defense Glaciar 500 Ml","1990.00","1990.00"
25819,"Gaseosa Pomelo Blanco Carrefour 2.25 Lt","1250.00","1250.00"
25820,"Gaseosa Lima Limon Carrefour 2.25 Lt","1250.00","1250.00"
25821,"Jugo en Polvo Mango Naranja Carrefour Classic 18 Gr","285.00","285.00"
25822,"Jugo en Polvo Naranja Carrefour Classic 18 Gr","285.00","285.00"
25823,"Jugo en Polvo Manzana Carrefour Classic 18 Gr","285.00","285.00"
25824,"Jugo en Polvo Dietetico Pomelo Rosado Carrefour Classic 7.5 Gr","285.00","285.00"
25825,"Jugo en Polvo Dietetico Naranja Carrefour Classic 7.5 Gr","285.00","285.00"
25826,"Jugo en Polvo Dietetico Manzana Carrefour Classic 7.5 Gr","285.00","285.00"
25827,"Jugo en Polvo Dietetico Anana Carrefour Classic 7.5 Gr","285.00","285.00"
25828,"Soda Sifon Carrefour Classic 2 Lt","1190.00","1190.00"
25829,"Gaseosa Light Naranja Carrefour Classic 2.25 Lt","1250.00","1250.00"
25830,"Gaseosa Light Pomelo Carrefour Classic 2.25 Lt","1250.00","1250.00"
25831,"Jugo en Polvo Naranja Durazno Arcor 18 Gr","218.00","231.00"
25832,"Jugo en Polvo Limonada Arcor 18 Gr","218.00","231.00"
25833,"Jugo Listo Multifruta Pura Frutta 1 Lt","3499.00","3699.00"
25834,"Amargo Serrano Botella Terma 1.75 Lt","2240.00","2240.00"
25835,"Agua Mineral sin Gas Kin 500 Cc","160.00","590.00"
25836,"Jugo Listo Multifruta Tutti 1 Lt","1193.94","1299.00"
25837,"Jugo Durazno Tutti 200 Ml","566.00","639.00"
25838,"Agua Saborizada Manzana Sin Gas Villa Del Sur Levite 500 Cc","1600.00","2040.00"
25839,"Agua Saborizada Pomelo sin Gas Villa Del Sur Levite 500 Cc","1200.00","2040.00"
25840,"Agua Saborizada Pomelo Sin Gas Levite 1.5 Lt","1740.00","3090.00"
25841,"Aperitivo Amargo Serrano Tacconi 1.50 Lt","1259.00","1259.00"
25842,"Aperitivo Amargo Limon Tacconi 1.50 Lt","1259.00","1259.00"
25843,"Agua con Vitaminas Vitality Glaciar 500 Ml","1809.00","1990.00"
25844,"Agua Mineral con Gas Villavicencio 1.5 Lt","1445.00","1570.00"
25845,"Agua sin Gas Bidon Glaciar 6.3 Lt","5021.00","5279.00"
25846,"Agua Saborizada Citrus con Gas H2Oh 500 Cc","950.00","990.00"
25847,"Jugo Listo Naranja Bc La Campagnola 200 Ml","650.00","700.00"
25848,"Jugo Listo Multifruta Bc La Campagnola 200 Ml","650.00","700.00"
25849,"Gaseosa Pomelo Light Paso de los Toros 500 Cc","1250.00","1590.00"
25850,"Agua sin Gas Manzana Awafrut 1.5 Lt","1105.00","1129.00"
25851,"Agua Mineral con Gas Saldan 2.25 Lt","1199.00","1239.00"
25852,"Soda Sifon Cordoba 2 Lt","1350.00","1390.00"
25853,"Agua Mineralizada con Gas Cellier Favaloro 2 Lt","863.00","970.00"
25854,"Soda Saldan 1.5 Lt","999.00","1069.00"
25855,"Jugo Listo Limon Saldan 1.5 Lt","1399.00","1550.00"
25856,"Jugo en Polvo Sabor Pera Clight 7 Gr","330.00","349.00"
25857,"Aperitivo Amargo Patagonico Terma 1.35 Lt","1399.00","1920.00"
25858,"Gaseosa Cola Pepsi Black 500 Ml","1250.00","1590.00"
25859,"Jugo en Polvo Naranja Arcor 18 Gr","218.00","231.00"
25860,"Amargo Citrus Cero Terma 1.35 Lt","1399.00","1920.00"
25861,"Agua Saborizada con Gas Naranchelo H2Oh! 1.5 Lt","1799.00","1800.00"
25862,"Gaseosa Tonica Regular Paso de los Toros 1.5 Lt","1665.00","2500.00"
25863,"Gaseosa 7 Up Free 500 Cc","1250.00","1590.00"
25864,"Jugo en Polvo Frutilla Limon Bc La Campagnola 9 Gr","225.00","225.00"
25865,"Gaseosa Guarana Regular Carrefour Classic 2.25 Lt","1250.00","1250.00"
25866,"Gaseosa Limon Fizz Levite 575 Ml","1059.00","1700.00"
25867,"Gaseosa Pomelo Fizz Levite Fizz 575 Ml","1059.00","1700.00"
25868,"Bebida Energizante Ultra Sunrise Monster Energy Lata 473 Ml","2099.00","2100.00"
25869,"Bebida Energizante Red Bull Pack 4 Un 1 Lt","10359.00","10361.00"
25870,"Bebida Energizante Trop Edition Red Bull 250 Ml","2458.00","2589.00"
25871,"Bebida Energizante Paradise Monster Lata 473 Cc","2099.00","2100.00"
25872,"Coca Cola Pet 237 Cc","599.00","659.00"
25873,"Agua Mineral sin Gas Villavicencio 1.5 Lt","1445.00","1570.00"
25874,"Bebida Energizante en Lata Monster Mago Loco 473 Cc","2099.00","3020.00"
25875,"Agua sin Gas Benedictino 1.5 Lt","1149.00","1150.00"
25876,"Bebida Energizante sin Azucar Watermelon Lata Monster 473 Ml","2099.00","2100.00"
25877,"Jugo Naranja Arcor 200 Ml","550.00","630.00"
25878,"Jugo Multifruta Arcor 200 Ml","550.00","630.00"
25879,"Jugo de Multifrutal Baggio Pronto 200 Cc","225.00","600.00"
25880,"Jugo Manzana Arcor 200 Ml","550.00","630.00"
25881,"Jugo de Manzana Baggio Pronto 200 Cc","225.00","600.00"
25882,"Jugo de Naranja Baggio Pronto 200 Cc","225.00","600.00"
25883,"Bebida Energizante Energy Vr Monster 473 Ml","2099.00","2100.00"
25884,"Bebida Isotonica Frutas Tropicales Powerade 1.5 Lt","1850.00","1850.00"
25885,"Aperitivo Amargo Citrus sin Azucar Terma 1.35 Lt","1315.00","1920.00"
25886,"Bebida Isotonica Manzana Powerade 1.5 Lt","1850.00","1850.00"
25887,"Jugo en Polvo Naranja Lima Tang 15 Gr","318.00","349.00"
25888,"Agua Saborizada Pomelo Rosado Aquarius 2.25 Lt","1900.00","1900.00"
25889,"Agua Mineral sin Gas Carrefour 2 Lt","969.00","969.00"
25890,"Energizante Ultra Zero Monster 473 Ml","650.00","660.00"
25891,"Jugo de Naranja Estancia Los Naranjos 500 Ml","1590.00","1590.00"
25892,"Jugo de Naranja -Anana Estancia Los Naranjos 500 Ml","1590.00","1590.00"
25893,"Jugo de Limon-Menta-Jengibre Estancia Los Naranjos 500 Ml","1590.00","1590.00"
25894,"Jugo de Naranja -Maracuya Estancia Los Naranjos 500 Ml","1590.00","1590.00"
25895,"Jugo de Naranja-Durazno Estancia Los Naranjos 500 Ml","1590.00","1590.00"
25896,"Energizante Lata Monster Energy 473 Ml","2990.00","3020.00"
25897,"Bebida Energizante Pineapple Lata Monster 473 Ml","2099.00","2159.00"
25898,"Jugo en Polvo Diet Pomelo Rosado Clight Nereidas 11 Gr","43.20","44.28"
25899,"Jugo en Polvo Naranja Dulce Clight 20 Un 8 Gr","43.20","44.28"
25900,"Jugo Listo Naranja Bc La Campagnola 500 Cc","975.00","1400.00"
25901,"Agua Mineral sin Gas Villavicencio 2 Lt","740.00","770.00"
25902,"Agua Saborizada Pomelo Cero sin Gas Levite 500 Cc","2030.00","2040.00"
25903,"Agua Saborizada Manzana Cero sin Gas Levite 500 Cc","2030.00","2040.00"
25904,"Jugo Concentrado Naranja Frescor 1 Lt","3069.00","3069.00"
25905,"Jugo Listo Natural Naranja Frescor 1 Lt","3069.00","3069.00"
25906,"Jugo Listo Natural Pomelo Frescor 1 Lt","3339.00","3339.00"
25907,"Jugo Concentrado Naranja Diet Frescor 1 Lt","3069.00","3069.00"
25908,"Jugo Concentrado Naranja en Bidon Viraro 5 Lt","3789.00","3789.00"
25909,"Jugo en Polvo Manzana Arcor 18 Gr","214.00","224.00"
25910,"Jugo en Polvo 3 Frutas Arcor 18 Gr","218.00","218.00"
25911,"Jugo en Polvo Pomelo Amarillo Bc La Campagnola 7 Gr","225.00","225.00"
25912,"Jugo en Polvo Anana Arcor 18 Gr","218.00","218.00"
25913,"Jugo en Polvo Naranja Dulce Arcor 18 Gr","213.00","213.00"
25914,"Jugo en Polvo Frutilla Arcor 18 Gr","219.00","219.00"
25915,"Jugo en Polvo Durazno Arcor Durazno 18 Gr","218.00","218.00"
25916,"Jugo en Polvo Mango Naranja Bc La Campagnola 7 Gr","225.00","225.00"
25917,"Jugo en Polvo Pomelo Rosado Arcor 18 Gr","219.00","219.00"
25918,"Gaseosa Limon Dulce Retornable Fanta 2 Lt","2029.00","2029.00"
25919,"Coca Cola 354 Ml Pack 6 Un","1767.00","1767.00"
25920,"Gaseosa Limon Dulce Botella Fanta 500 Ml","231.00","231.00"
25921,"Gaseosa Naranja Zero Fanta 2.25 Lt","2849.00","2849.00"
25922,"Coca Cola 375 Cc","499.00","499.00"
25923,"Sprite Lata 310 Cc 6 Un","315.00","315.00"
25924,"Gaseosa Naranja Fanta 6 Un 310 Cc","241.00","249.00"
25925,"Jugo Listo Durazno Mix Nutridefensas Cepita 200 Ml","569.00","569.00"
25926,"Agua Mineral sin Gas Bonaqua 1.5 Lt","1259.00","1259.00"
25927,"Agua Mineral con Gas Bonaqua 1.5 Lt","1529.00","1529.00"
25928,"Agua Saborizada Pomelo Rosado Aquarius 1.5 Lt","1699.00","1699.00"
25929,"Gaseosa Tonica Schweppes 2.25 Lt","2699.00","2699.00"
25930,"Jugo Listo Manzana Roja 1.5 Lt","1100.00","1100.00"
25931,"Gaseosa Sprite Retornable 1.25 Lt","1739.00","1739.00"
25932,"Gaseosa Citrus Schweppes 1.5 Lt","2289.00","2289.00"
25933,"Gaseosa Coca Cola 6 Un 375 Cc","1248.00","1248.00"
25934,"Coca Cola sin Azucar 375 Ml","799.00","799.00"
25935,"Agua Mineral sin Gas Bonaqua 2.5 Lt","1619.00","1619.00"
25936,"Agua Saborizada Limonada sin Gas Aquarius 2.25 Lt","1999.00","1999.00"
25937,"Jugo Listo Durazno Cepita 1 Lt","469.00","469.00"
25938,"Jugo Listo Manzana Cepita 1 Lt","1489.00","1489.00"
25939,"Bebida Isotonica Pomelo Zero Powerade 500 Ml","310.00","320.00"
25940,"Agua Saborizada Citrus con Gas Aquarius 500 Ml","205.00","205.00"
25941,"Agua Saborizada Limonada con Gas Aquarius 500 Ml","205.00","205.00"
25942,"Gaseosa Naranja sin Azucar Fanta 3 Lt","3989.00","3989.00"
25943,"Gaseosa Sabor Naranja Fanta 375 Cc","749.00","749.00"
25944,"Agua Saborizada Pomelo Aquarius 500 Ml","205.00","205.00"
25945,"Agua Saborizada Manzana Aquarius 500 Ml","205.00","205.00"
25946,"Agua Saborizada Manzana Aquarius Cero 1.5 Lt","1869.00","1869.00"
25947,"Agua Saborizada Naranja Aquarius Cero 1.5 Lt","1869.00","1869.00"
25948,"Agua de Mesa con Gas Kin 500 Cc","160.00","165.00"
25949,"Agua Mineral sin Gas Botellon Kin 6.25 Lt","200.00","200.00"
25950,"Gaseosa Sprite 375 Ml","749.00","749.00"
25951,"Agua de Mesa Sin Gas Kin 2.25 Lt","416.00","416.00"
25952,"Gaseosa Zero Coca Cola 1 Lt","1689.00","1689.00"
25953,"Coca Cola Retornable 2.5 Lt","2389.00","2389.00"
25954,"Coca Cola Light Sabor Liviano 2.5 Lt","5280.00","5390.00"
25955,"Coca Cola Light en Lata 6 Un 354 Cc","759.00","759.00"
25956,"Jugo Listo Durazno Delicioso Cepita 1.5 Lt","2659.00","2769.00"
25957,"Jugo Listo Anana Tropical Cepita 1.50 Lt","2199.00","2199.00"
25958,"Jugo Listo Naranja Cepita Tentacion 300 Cc","1380.00","1390.00"
25959,"Jugo Sabor Naranja Botella Cepita 300 Ml","1019.00","1019.00"
25960,"Jugo Natural 0 Azucar Naranja Cepita 1 Lt","1959.00","1959.00"
25961,"Gaseosa Pomelo Crush 3 Lt","420.00","420.00"
25962,"Gaseosa Lima Limon Crush 3 Lt","301.00","301.00"
25963,"Agua Saborizada Pomelo Aquarius 375 Ml","749.00","749.00"
25964,"Agua Saborizada Pera Aquarius 375 Ml","749.00","749.00"
25965,"Agua Saborizada Naranja Aquarius 375 Ml","749.00","749.00"
25966,"Jugo Natural Manzana Hi-C 2.25 Lt","1609.00","1609.00"
25967,"Jugo Listo Naranja Hi-C 2.25 Lt","1499.00","1499.00"
25968,"Agua sin Gas Kin 600 Ml","91.00","92.00"
25969,"Jugo de Durazno Ades 200 Ml","669.00","669.00"
25970,"Jugo de Manzana Ades 200 Ml","900.00","1150.00"
25971,"Jugo de Anana Ades 1 Lt","1699.00","1699.00"
25972,"Jugo a Base de Soja Sabor Durazno Ades 1 Lt","2069.00","2069.00"
25973,"Agua Mineral con Gas Kin 500 Cc","91.00","92.00"
25974,"Bebida de Soja Sabor Frutilla Ades 1 Lt","1795.20","1870.00"
25975,"Jugo Sabor Frutilla Ades 6 Un 200 Ml","596.00","621.00"
25976,"Gaseosa Cola sin Azucar Cafeina Coca Cola Lata 220 Cc","499.00","499.00"
25977,"Jugo de Naranja 25% Cepita 200 Ml","91.00","95.00"
25978,"Jugo de Manzana Cepita del Valle 200 Ml","91.00","95.00"
25979,"Gaseosa Lima Limon sin Azucar Mini Sprite 237 Ml","599.00","599.00"
25980,"Jugo de Almendras sin Azucar Ades 1 Lt","2262.00","2365.00"
25981,"Agua Mineral con Gas Benedictino 500 Cc","218.00","218.00"
25982,"Agua Mineral sin Gas Benedictino 500 Cc","218.00","218.00"
25983,"Agua Mineral sin Gas Benedictino 2.25 Lt","398.00","398.00"
25984,"Soda Benedictino 2 Lt","1099.00","1099.00"
25985,"Jugo de Pomelo Fresh Cepita 2.25 Lt","442.00","442.00"
25986,"Jugo de Manzana Fresh Cepita del Valle 2.25 Lt","464.00","464.00"
25987,"Gaseosa Pomelo Regular Fanta 2.5 Lt","1799.00","1799.00"
25988,"Gaseosa Manzana Fanta 2.5 Lt","1799.00","1799.00"
25989,"Agua de Mesa sin Gas Benedictino 3 Lt","1299.00","1299.00"
25990,"Agua Tonica sin Azucar Lata Schweppes 310 Ml","1399.00","1399.00"
25991,"Agua Mineralizada sin Gas Smart Water 991 Ml","1200.00","1450.00"
25992,"Aperitivo Amargo Limon Tres Torres 1.5 Lt","1159.00","1159.00"
25993,"Agua Mineral Carrefour 6.25 Lt","2890.00","2890.00"
25994,"Bebida Energizante Berry Gatorade 500 Ml","1239.00","1239.00"
25995,"Bebida Naranja sin Azucar Pet Gatorade 500 Cc","1239.00","1239.00"
25996,"Gaseosa Pomelo sin Azucar Paso de Los Toros Pet 1 Un","1139.00","1139.00"
25997,"Gaseosa Naranja Regular Mirinda 500 Cc","440.00","450.00"
25998,"Gaseosa Naranja Mirinda 1.5 Lt","1999.00","2079.00"
25999,"Gaseosa Cola Pepsi Light 1.5 Lt","1609.00","1669.00"
26000,"Gaseosa Cola Black Pepsi 2.25 Lt","3969.00","3969.00"
26001,"Gaseosa Manzana Mirinda 2.25 Lt","456.00","470.00"
26002,"Gaseosa Pepsi Light 2.25 Lt","3579.00","3579.00"
26003,"Agua Saborizada Lima Limon con Gas H2Oh! 2.25 Lt","1799.00","1799.00"
26004,"Agua Saborizada Naranchelo H2Oh! 2.25 Lt","1999.00","1999.00"
26005,"Agua Saborizada Limoneto con Gas H2Oh! 2.25 Lt","2000.00","2000.00"
26006,"Gaseosa Cola Pet Botella Pepsi 250 Cc","569.00","569.00"
26007,"Gaseosa Cola Pepsi 500 Ml","1580.00","1590.00"
26008,"Gaseosa Cola Pepsi 1.5 Lt","2880.00","2940.00"
26009,"Gaseosa Pepsi 3 Lt","3689.00","3799.00"
26010,"Gaseosa 7 Up 500 Cc","1580.00","1590.00"
26011,"Gaseosa 7 Up 1.5 Lt","2880.00","2940.00"
26012,"Agua Saborizada Pera Livra 1.5 Lt","1199.00","1299.00"
26013,"Agua Saborizada Pomelo sin Gas Livra 1.5 Lt","1199.00","1299.00"
26014,"Gaseosa Limon Pritty 1.5 Lt","1409.00","1497.00"
26015,"Agua Saborizada Naranja Livra 1.5 Lt","1199.00","1299.00"
26016,"Gaseosa Limon Pritty 500 Cc","779.00","779.00"
26017,"Soda en Sifon Saldan 2 Lt","1235.00","1300.00"
26018,"Gaseosa Limon Pritty 3 Lt","2299.00","2299.00"
26019,"Gaseosa Limon Cero Pritty 2.25 Lt","1899.00","1939.00"
26020,"Gaseosa Limon Cero Pritty 1.5 Lt","1399.00","1409.00"
26021,"Gaseosa Lima Limon Doble Cola 2.25 Lt","1599.00","1619.00"
26022,"Gaseosa Lima Limon Doble Cola 3 Lt","1999.00","2139.00"
26023,"Gaseosa Pomelo Doble Cola 3 Lt","1999.00","2049.00"
26024,"Gaseosa Naranja Doble Cola 2.25 Lt","1599.00","1619.00"
26025,"Gaseosa Tonica Regular Magna 1.5 Lt","1399.00","1399.00"
26026,"Gaseosa Naranja Secco 2.25 Lt","1200.00","1200.00"
26027,"Gaseosa Pomelo Secco 2.25 Lt","1200.00","1200.00"
26028,"Agua Saborizada sin Gas Naranja Durazno sin Azucar Awafrut 500 Cc","669.00","669.00"
26029,"Agua Saborizada sin Gas Manzana sin Azucar Awafrut 2.25 Lt","1259.00","1259.00"
26030,"Agua sin Gas Sabor Pomelo Cero Levite 2.25 Lt","1259.00","1259.00"
26031,"Agua Saborizada sin Gas Naranja Durazno sin Azucar Awafrut 2.25 Lt","1259.00","1259.00"
26032,"Agua sin Gas Pomelo Awafrut 1.5 Lt","1129.00","1129.00"
26033,"Jugo Listo Naranja Zulueta 2 Lt","4125.00","4125.00"
26034,"Jugo Concentrado Anana Dietetico Zulueta 2 Lt","4125.00","4125.00"
26035,"Jugo Anana Juvin 1 Lt","1949.00","1949.00"
26036,"Jugo para Diluir Liquido Manzana Juvin 1 Lt","1949.00","1949.00"
26037,"Jugo Frutilla Juvin 1 Lt","1949.00","1949.00"
26038,"Te de Limon Lima Jengibre y Menta Detox Adelgafruta 30 Gr","3159.00","3790.00"
26039,"Agua Mineral sin Gas Frikyto 6 Lt","244.08","251.64"
26040,"Agua Saborizada sin Gas Pera Levite Villa Sur 500 Cc","2030.00","2040.00"
26041,"Agua Saborizada Naranja sin Gas Levite 1.5 Lt","3080.00","3090.00"
26042,"Agua Saborizada Naranja Sin Gas Villa del Sur Levite 500 Cc","2030.00","2040.00"
26043,"Agua Saborizada Manzana sin Gas Levite 1.5 Lt","3080.00","3090.00"
26044,"Jugo Listo Naranja con Stevia Cuarto Creciente 1.5 Lt","4990.00","4990.00"
26045,"Jugo Listo con Stevia Manzana Cuarto Creciente 1.5 Lt","4990.00","4990.00"
26046,"Jugo Limonada con Stevia Cuarto Creciente 1.5 Lt","3490.00","3490.00"
26047,"Jugo Detox Naranja Zanahoria Cuarto Creciente 1 Lt","4490.00","4490.00"
26048,"Jugo Detox Apio Limon Manzana Cuarto Creciente 1 Lt","4490.00","4490.00"
26049,"Jugo Detox Remolacha Zanahoria Naranja Cuarto Creciente 1 Lt","4490.00","4490.00"
26050,"Jugo Detox Tomate Limon Cuarto Creciente 1 Lt","2990.00","2990.00"
26051,"Jugo Listo Naranja Citric 500 Ml","180.00","182.00"
26052,"Jugo Listo Pomelo en Tetrabrick Citric 500 Ml","185.00","187.00"
26053,"Jugo Limonada con Menta Citric 1 Lt","1685.00","1755.00"
26054,"Energizante Lata Blue V Energy 250 Cc","1150.00","1150.00"
26055,"Jugo Listo Naranja Juice Market Naranja 500 Ml","900.00","900.00"
26056,"Jugo de Manzana Citric 250 Ml","515.00","515.00"
26057,"Jugo Naranja Durazno Citric 250 Ml","700.00","700.00"
26058,"Jugo Listo Natural Sabor Manzana Citric 500 Ml","1380.00","1380.00"
26059,"Jugo de Naranja/Durazno Tetra Citric 500 Ml","1380.00","1380.00"
26060,"Jugo Manazana Verde Purafruta 3 Lt","3299.00","3299.00"
26061,"Jugo Exprimido Manzana Roja Pura Frutta 1 Lt","3299.00","3299.00"
26062,"Jugo Exprimido Manzana Organico Tetrabick Pura Frutta 1 Lt","3999.00","3999.00"
26063,"Jugo Exprimido Manzana y Kiwi Tetrabrik Pura Frutta 1 Lt","3999.00","3999.00"
26064,"Jugo Blen Detox Blend Pura Frutta 1 Lt","3999.00","3999.00"
26065,"Jugo de Limon sin TACC Citric 500 Ml","1500.00","1500.00"
26066,"Jugos de Naranja 100% Exprimido Pura Frutta 1 Lt","3599.00","3599.00"
26067,"Jugo de Manzana Tetra Citric 1 Lt","3753.75","3753.75"
26068,"Jugo Listo Sabor Naranja Clasica Citric 500 Ml","1900.00","1900.00"
26069,"Jugo de Naranja Citric 250 Ml","1000.00","1000.00"
26070,"Jugo de Arandanos con Stevia Cuarto Creciente 1.5 Lt","2990.00","2990.00"
26071,"Jugo Listo Naranja Durazno Puro Sol 1 Lt","3299.00","3299.00"
26072,"Jugo Listo Pomelo Exprimido Puro Sol 1 Lt","3299.00","3299.00"
26073,"Jugo Listo Durazno Tutti 1 Lt","1193.94","1193.94"
26074,"Jugo Naranja Botella Purosol 1 Lt","3299.00","3299.00"
26075,"Jugo sabor Uva Tutti 200 Ml","566.00","566.00"
26076,"Te de Frutos del Bosque Detox Adelgafruta 30 Gr","3790.00","3790.00"
26077,"Jugo Durazno Juvin 1 Lt","1949.00","1949.00"
26078,"Jugo Pomelo Juvin 1 Lt","1949.00","1949.00"
26079,"Jugo Listo Manzana Bc La Campagnola 1 Lt","1688.00","1688.00"
26080,"Jugo Listo Durazno Zulueta 2 Lt","4125.00","4125.00"
26081,"Jugo Listo Pomelo Zulueta 2 Lt","4125.00","4125.00"
26082,"Jugo Listo Pomelo Saldan 1.5 Lt","1550.00","1550.00"
26083,"Jugo Listo Naranja Saldan 1.5 Lt","1550.00","1550.00"
26084,"Gaseosa Pepsi 2.25 Lt","2350.00","2350.00"
26085,"Gaseosa Descartable 7 Up Free 1.5 Lt","2500.00","2500.00"
26086,"Gaseosa Lima Limon 7 Up 1.5 Lt","2500.00","2500.00"
26087,"Gaseosa Pepsi Black 1.5 Lt","2500.00","2500.00"
26088,"Gaseosa 7 Up 500 Cc","1250.00","1250.00"
26089,"Energizante Orange Rockstar 6 Un 500 Cc","1310.00","1310.00"
26090,"Gaseosa 7 Up 354 Cc","950.00","950.00"
26091,"Gaseosa Pepsi Lata 354 Cc","950.00","950.00"
26092,"Aperitivo sin Alcohol Patagonico Terma 1.35 Lt","1399.00","1399.00"
26093,"Gaseosa Cola Y3000 Edicion Limitada Lata Coca Cola 473 Ml","1350.00","1350.00"
26094,"Gaseosa Uva Fanta 500 Cc","630.00","630.00"
26095,"Gaseosa Cola Edicion Limitada Move Lata Coca Cola 473 Ml","340.00","340.00"
26096,"Jugo de Naranja Tentcion Botella Cepital 995 Ml","2150.00","2150.00"
26097,"Jugo de Pomelo Fresh Pet Cepita 500 Ml","1150.00","1150.00"
26098,"Jugo de Naranja Fresh Pet Cepita 500 Ml","1150.00","1150.00"
26099,"Jugo de Multifruta Biofrut 1 Lt","1575.00","1575.00"
26100,"Jugo de Naranja y Durazno Biofrut 1 Lt","1575.00","1575.00"
26101,"Jugo de Naranja Biofrut 1 Lt","1575.00","1575.00"
26102,"Gaseosa Cola sabor Original Coto 2.25 Lt","1267.00","1267.00"
26103,"Gaseosa Cola Suave Cunnington 3 Lt","1819.00","1819.00"
26104,"Agua con Gas Citrus Coto 1.5 Lt","1300.00","1300.00"
26105,"Agua con Gas Naranja Durazno Coto 1.5 Lt","1300.00","1300.00"
26106,"Agua con Gas Pomelo Coto 1.5 Lt","1300.00","1300.00"
26107,"Agua sin Gas Naranja Coto 1.5 Lt","1250.00","1250.00"
26108,"Agua sin Gas Manzana Coto 1.5 Lt","1250.00","1250.00"
26109,"Agua sin Gas Pomelo Coto 1.5 Lt","1250.00","1250.00"
26110,"Gaseosa Tonica Cunnington 500 Ml","555.00","555.00"
26111,"Gaseosa Ginger Ale Classic Cunnington 1.5 Lt","1130.00","1130.00"
26112,"Gaseosa Sabor Naranja Cunnington 1.5 Lt","1130.00","1130.00"
26113,"Gaseosa Pomelo Cunnington 1.5 Lt","1130.00","1130.00"
26114,"Gaseosa Tonica Cunnington 1.5 Lt","1130.00","1130.00"
26115,"Agua sin Gas Cordoba Bidon 6 Lt","2400.00","2400.00"
26116,"Gaseosa Cola Cordoba 2.25 Lt","945.00","945.00"
26117,"Gaseosa Naranja Cordoba 2.25 Lt","945.00","945.00"
26118,"Energizante Lata Vitaliza 250 Cc","1150.00","1150.00"
26119,"Jugo de Durazno Del Valle 200 Ml","560.00","560.00"
26120,"Jugo de Durazno Del Valle 1 Lt","1510.00","1510.00"
26121,"Sidra sin Alcohol Del Valle 710 Cc","1852.20","1852.20"
26122,"Jugo Listo Manzana Bc 500 Cc","1400.00","1400.00"
26123,"Jugo Listo Multrifruta Natural Bc 500 Cc","1400.00","1400.00"
26124,"Jugo Multifrutal con Vitaminas A B1 C E Pronto Baggio 1 Lt","1950.00","1950.00"
26125,"Jugo Listo Manzana Roja con Vitaminas A B1 C y E Pronto Baggio 1 Lt","1920.00","1920.00"
26126,"Jugo en Polvo Pomelo Rosado Rinde Dos 18 Gr","386.00","386.00"
26127,"Jugo en Polvo Limonada Rosa Clight 7 Gr","349.00","349.00"
26128,"Agua Mineral sin Gas Coto 2 Lt","1050.00","1050.00"
26129,"Bebida Energizante Energy Lata Monster 473 Ml","2109.00","2109.00"
26130,"Jugo de Pomelo Estancia Los Naranjos 500 Ml","1590.00","1590.00"
26131,"Jugo de Naranja-Frutilla Estancia Los Naranjos 500 Ml","1590.00","1590.00"
26132,"Leche Larga Vida Chocolatada Brick Cindor 200 Cc","1770.00","1890.00"
26133,"Yogur Firme Descremado con Colageno Vainilla Pote Ser 190 Gr","1750.00","2700.00"
26134,"Yogur Entero con Cereales Crujentes Yogurisimo 166 Gr","2620.00","3550.00"
26135,"Yogur Descremado Cereales con Miel Ser 166 Gr","2420.00","4100.00"
26136,"Leche Larga Vida Chocolatada Brick Cindor 1 Lt","4470.00","4605.00"
26137,"Leche Multidefensa 2% Sachet La Serenisima 1 Lt","1285.00","1458.00"
26138,"Queso Untable Azul Tonadita 180 Gr","1644.00","1750.00"
26139,"Queso Light Finlandia 290 Gr","3728.60","3730.00"
26140,"Leche Descremada Protein Larga Vida Uat La Serenisima 1 Lt","2066.10","2129.00"
26141,"Leche Chocolatada Las Tres Niñas 200 Ml","1049.00","1129.00"
26142,"Leche Parcialmente Descremada Multidefensas La Serenisima 1 Lt","1285.00","1458.00"
26143,"Yogur Entero Clasico con Rocklets La Serenisima 164 Gr","1965.00","2025.00"
26144,"Yogur Batido Descremado sabor Frutilla Pote La Serenisima 120 Gr","735.00","759.00"
26145,"Yogur Entero Batido Cremoso Durazno Pote La Serenisima 120 Gr","735.00","759.00"
26146,"Leche Descremada Sachet 1Casanto 1 Lt","1265.00","1267.00"
26147,"Yogur Firme Entero Vainilla La Serenisima 190 Gr","1130.00","1200.00"
26148,"Queso Untable Finlandia La Serenisima 290 Gr","3728.60","3730.00"
26149,"Queso Untable Clasico Tonadita 180 Gr","1644.00","1750.00"
26150,"Leche Descremada Uht Las Tres Niñas 1 Lt","1757.00","1885.00"
26151,"Leche Fluida Reducida en Lactosa Sachet La Serenisima 1 Lt","1285.00","1458.00"
26152,"Casanto Leche Entera 3 Sachet Casanto 1 Lt","1265.00","1267.00"
26153,"Leche Multidefensa 3% La Serenisima 1 Lt","1285.00","1458.00"
26154,"Queso Untable Cremon Original La Serenisima 280 Gr","2720.00","2799.00"
26155,"Yogur Natural Big Endulzado Pote Yogurisimo 300 Gr","2760.00","2839.00"
26156,"Yogur Firme Entero Frutilla La Serenisima 190 Gr","1130.00","1200.00"
26157,"Queso Crema Untable Tradicional La Paulina 290 Gr","2154.00","2244.00"
26158,"Queso Clasico Finlandia 290 Gr","3728.60","3730.00"
26159,"Yogur Firme Descremado Frutilla La Serenisima 190 Gr","1190.00","1225.00"
26160,"Queso Untable Fontina Adler 100 Gr","2136.00","2279.00"
26161,"Queso Untable Roquefort Adler 100 Gr","2136.00","2279.00"
26162,"Yogur Entero Firme Clasico sabor Vainilla Pote La Serenisima 120 Gr","700.00","735.00"
26163,"Yogur Firme Descremado Vainilla La Serenisima 190 Gr","1190.00","1225.00"
26164,"Yogur con Cereales Descremado La Serenisima 157 Gr","1965.00","2025.00"
26165,"Queso Untable Gruyere Tonadita 180 Gr","1644.00","1750.00"
26166,"Alimento Vegetal Bebible a Base de Almendras La Serenisima 1 Lt","3075.00","3324.00"
26167,"Yogur Firme Descremado sabor Frutilla Pote La Serenisima 120 Gr","700.00","735.00"
26168,"Yogur Descremado Granola Berries Ser 155 Gr","2450.00","2575.00"
26169,"Yogur Cremix Entero sabor Vainilla Yogurisimo 120 Gr","1195.00","1230.00"
26170,"Yogur Descremado Multifruta Botella Ser 190 Gr","1945.00","3350.00"
26171,"Yogur Descremado Cremix sabor Frutilla Yogurisimo 120 Gr","1195.00","1230.00"
26172,"Yogur Firme Frutilla Pote Yogurisimo 190 Gr","1905.00","2900.00"
26173,"Queso Untable Jamon Tonadita 180 Gr","1515.00","1719.00"
26174,"Yogur Firme Entero sabor Vainilla Pote Yogurisimo 120 Gr","1195.00","1230.00"
26175,"Yogur Natural Big Pot Yogurisimo 300 Gr","2760.00","2839.00"
26176,"Yogur Firme Vainilla Pote Yogurisimo 190 Gr","1905.00","2900.00"
26177,"Yogur Entero Clasico con Cereales La Serenisima 159 Gr","1965.00","2025.00"
26178,"Yogur Cremix Entero sabor Vainilla Yogurisimo 120 Gr","1195.00","1230.00"
26179,"Yogur Descremado Cremix sabor Frutilla Yogurisimo 120 Gr","1195.00","1230.00"
26180,"Queso Crema Light Pote La Serenisima 195 Gr","1955.00","2015.00"
26181,"Leche Larga Vida Entera Clasica 3% La Serenisima 1 Lt","1929.00","1930.00"
26182,"Queso Crema Clasico Fortificado Casancrem 290 Gr","4060.00","4060.00"
26183,"Levadura Seca Instantanea Levex Pack 2 Un 20 Gr","600.00","664.00"
26184,"Postre Dulce de Leche Pote Deli Ser 95 Gr","1425.00","1469.00"
26185,"Postre Chocolate con Crema Pote Danette 100 Gr","1805.00","1859.00"
26186,"Postre de Dulce de Leche con Crema Pote Danette 100 Gr","1635.00","1685.00"
26187,"Yogur con Granola Pote Yogurisimo 168 Gr","2620.00","2620.00"
26188,"Queso Untable Gruyere Adler 100 Gr","2136.00","2225.00"
26189,"Yogur Firme Descremado Vainilla Pote Tregar 125 Gr","630.00","649.00"
26190,"Leche Parcialmente Descremada 1% Uat 1 Lt","2024.55","2085.00"
26191,"Manteca Extra La Serenisima 100 Gr","1738.00","1791.95"
26192,"Crema Culinaria La Serenisima 330 Ml","3240.00","3305.00"
26193,"Yogur Batido Natural sin Endulzantes Ser 175 Gr","1670.00","1670.00"
26194,"Manteca La Serenisima 200 Gr","3160.00","3162.60"
26195,"Yogur Cremoso sabor Natural Pote Milkaut 180 Gr","1069.00","1219.00"
26196,"Yogur Batido Descremado Clasico Vainilla La Serenisima 120 Gr","714.00","759.00"
26197,"Queso Crema Crematto Clasico Pote Milkaut 285 Gr","3075.00","3200.00"
26198,"Yogur Bebible Entero Sabor Vainilla Sachet La Serenisima 900 Gr","2910.00","2999.00"
26199,"Postre Crema Americana Pote Danette 95 Gr","1451.00","1535.00"
26200,"Levadura Prensada Familiar Amasa Facil Calsa 50 Gr","373.00","402.00"
26201,"Postre Chocolate Pote Danette 95 Gr","1451.00","1535.00"
26202,"Yogur Batido sabor Natural Yogurisimo 190 Gr","1910.00","1969.00"
26203,"Margarina Dorada Danica 210 Gr","1690.00","1905.00"
26204,"Yogur Cremoso Descremado Clasico Frutilla La Serenisima 120 Gr","714.00","759.00"
26205,"Postre Dulce de Leche Pote Danette 95 Gr","1209.00","1490.00"
26206,"Yogur Bebible Descremado Frutilla Sachet La Serenisima 900 Gr","2910.00","2999.00"
26207,"Postre Vainilla sin Sellos Serenito 120 Gr","2065.00","2129.00"
26208,"Queso Untable Cremon Light La Serenisima 280 Gr","2720.00","2799.00"
26209,"Queso Untable Cheddar Dip 180 Gr","1700.00","1830.00"
26210,"Crema de Leche Doble Crema Pote Tregar 200 Gr","2190.00","2255.00"
26211,"Queso Untable Light La Serenisima 290 Gr","2785.00","2869.00"
26212,"Crema de Leche Uat Tetra Top La Serenisima 330 Ml","3399.00","3465.00"
26213,"Leche Parcialmente Descremada Botella La Serenisima 2 Un 1 Lt","2024.55","2085.00"
26214,"Yogur Bebible Entero Frutilla Yogurisimo 900 Gr","3923.00","4379.00"
26215,"Leche Descremada 2% Sachet Casanto 1 Lt","1265.00","1299.00"
26216,"Crema de Leche Doble Milkaut 200 Cc","2385.00","2459.00"
26217,"Postre de Dulce de Leche Serenito 100 Gr","1300.00","1340.00"
26218,"Yogur Entero Griego Vainilla Caramel Pote Yogurisimo 125 Gr","1895.00","3400.00"
26219,"Postre Crema Americana Pote Danette 95 Gr","1451.00","1535.00"
26220,"Manteca La Serenisima 200 Gr","3160.00","3162.60"
26221,"Postre Chocolate Pote Danette 95 Gr","1451.00","1535.00"
26222,"Queso Untable Gruyere Adler 100 Gr","2136.00","2225.00"
26223,"Yogur Batido Natural sin Endulzantes Ser 175 Gr","1670.00","1670.00"
26224,"Leche Larga Vida Parcialmente Descremada Liviana 1% La Serenisima 1 Lt","1929.00","1930.00"
26225,"Postre de Dulce de Leche Serenito 100 Gr","1300.00","1340.00"
26226,"Levadura Prensada Familiar Amasa Facil Calsa 50 Gr","373.00","402.00"
26227,"Levadura Seca Instantanea Levex Pack 2 Un 20 Gr","600.00","664.00"
26228,"Queso Crema Clasico Fortificado Casancrem 290 Gr","4060.00","4060.00"
26229,"Yogur Cremoso Descremado Clasico Frutilla La Serenisima 120 Gr","714.00","759.00"
26230,"Yogur Bebible Descremado Vainilla Sachet La Serenisima 900 Gr","2910.00","2999.00"
26231,"Yogur Entero Griego Frutilla a la Crema Pote Yogurisimo 125 Gr","1895.00","3400.00"
26232,"Yogur Firme Entero Sabor Vainilla Pote Tregar 125 Gr","630.00","649.00"
26233,"Yogur Firme Entero sabor Frutilla Pote Yogurisimo 120 Gr","1195.00","1195.00"
26234,"Yogur Bebible Vainilla Yogurisimo 900 Gr","3923.00","4379.00"
26235,"Alimento Bebible a Base Almendra La Serenisima 1 Lt","3075.00","3169.00"
26236,"Postre de Chocolate Pote Deli Ser 95 Gr","1425.00","1469.00"
26237,"Arroz con Leche Clasico Pote Tregar 180 Gr","1249.50","1289.00"
26238,"Leche de Almendras sin Azucar Tetra Silk 1 Lt","4735.00","4879.00"
26239,"Yogur Clasico Batido Entero Vainilla La Serenisima 120 Gr","650.00","735.00"
26240,"Yogur Descremado Firme sabor Frutilla Tregar 125 Gr","630.00","649.00"
26241,"Levadura Prensada Familiar Calsa 2 Un 50 Gr","665.00","695.00"
26242,"Queso Untable Jamon Adler 100 Gr","2205.00","2279.00"
26243,"Yogur Parcialmente Descremado Vainilla Tregar 125 Gr","630.00","649.00"
26244,"Levadura Instantanea Mi Pan 10 Gr","353.00","366.00"
26245,"Yogur Bebible Entero sabor Frutilla Sachet Milkaut 900 Gr","2098.00","2185.00"
26246,"Arroz con Leche y Dulce de Leche Pote Tregar 180 Gr","1249.50","1289.00"
26247,"Queso Untable Clasico Light Tonadita 180 Gr","1644.00","1719.00"
26248,"Crema de Leche Multivitamina Sancor 200 Cc","1819.00","1895.00"
26249,"Leche Descremada Fortificada sin TACC Tetra Lechelita 1 Lt","1700.00","1845.00"
26250,"Crema de Leche Pasteurizada Tonadita 350 Cc","2935.00","2937.25"
26251,"Yogur Entero Vainilla sin Lactosa Milkaut 120 Gr","825.00","849.00"
26252,"Queso Clasico Finlandia 180 Gr","2487.35","2490.00"
26253,"Queso Light Finlandia 180 Gr","2488.00","2661.15"
26254,"Levadura Familiar Calsa 50 Gr","349.00","355.00"
26255,"Leche Chocolatada Clasico La Serenisima 1 Lt","3565.00","3565.00"
26256,"Levadura Fresca con Masa Madre Calsa 50 Gr","400.00","438.00"
26257,"Crema para Cocinar Tetra Brik La Serenisima 200 Cc","2127.75","2170.00"
26258,"Queso Light Finlandia 180 Gr","2488.00","2661.15"
26259,"Yogur Entero Bebible 0% Lactosa Vainilla Milkaut 900 Gr","2219.00","2220.00"
26260,"Leche Entera Fortificada Lechelita 1 Lt","1700.00","1845.00"
26261,"Leche Chocolatada Milkaut 200 Cc","783.00","900.00"
26262,"Leche Chocolatada Clasico La Serenisima 1 Lt","3565.00","3565.00"
26263,"Levadura Familiar Calsa 50 Gr","349.00","355.00"
26264,"Leche Chocolatada Clasico La Serenisima 200 Ml","1420.00","1420.00"
26265,"Queso Blanco Light Tregar 290 Gr","2790.00","2790.00"
26266,"Queso Untable Light Finlandia La Serenisima 180 Gr","2487.35","2490.00"
26267,"Gelatina Frutilla Yatasto 95 Gr","557.00","609.00"
26268,"Yogur con Copos de Maiz lolay 165 Gr","1040.00","1099.00"
26269,"Queso Crema Clasico Cremette Tonadita 480 Gr","2950.00","3021.00"
26270,"Yogur Bebible Descremado Clasico Durazno Sachet La Serenisima 900 Gr","2910.00","2910.00"
26271,"Queso Blanco Clasico Tregar 290 Gr","2790.00","2790.00"
26272,"Queso Crema Untable La Paulina Light 290 Gr","2155.00","2155.00"
26273,"Yogur Entero sin Lactosa Frutilla Milkaut 120 Gr","825.00","825.00"
26274,"Yogur Entero Bebible 0% Lactosa Frutilla Milkaut 900 Gr","2219.00","2220.00"
26275,"Leche UAT Parcialmente Descremada Zero Lactos Serenisima 1 Lt","2069.20","2070.00"
26276,"Manteca Calidad Extra Tonadita 200 Gr","2889.00","2890.00"
26277,"Queso Crema Light Casancrem 480 Gr","5890.00","5890.00"
26278,"Leche de Coco sin Azucar Silk Tetra 1 Lt","4735.00","4735.00"
26279,"Crema de Leche UAT La Serenisima 520 Cc","4827.00","4920.00"
26280,"Queso Crema Cremette Light Tonadita 290 Gr","1850.00","1850.00"
26281,"Tapa para Empanada Horno La Salteña 22 Un","2175.00","2175.00"
26282,"Leche Fermentada Parcialmente Descremada con Probioticos Multifruta Actimel 100 Gr","1175.00","1175.00"
26283,"Tapa para Empanada Criolla La Salteña 22 Un","2175.00","2175.00"
26284,"Crema de Leche Doble Crema Pote Tregar 350 Gr","3349.00","3350.00"
26285,"Crema de Leche Larga Vida Laser 200 Ml","2088.75","2130.00"
26286,"Leche Descremada Uat 0 La Serenisima 1 Lt","2024.55","2025.00"
26287,"Leche Fermentada Parcialmente Descremada con Probioticos Frutilla Actimel 100 Gr","1175.00","1175.00"
26288,"Leche de Coco sin Azucar Silk Tetra 1 Lt","4735.00","4735.00"
26289,"Tapas Empanadas Criollas Dia 450 Gr","1500.00","1500.00"
26290,"Postre Chocolate Dia 95 Gr","600.00","600.00"
26291,"Postre de Dulce de Leche Dia 100 Gr","600.00","600.00"
26292,"Margarina 0% Grasas Trans Dia 500 Gr","3160.00","3160.00"
26293,"Yogur Parcialmente Descremado Frutilla Yofre 140 Gr","520.00","520.00"
26294,"Ñoquis Dia 500 Gr","1390.00","1390.00"
26295,"Postre Vainilla Dia Light 100 Gr","600.00","600.00"
26296,"Leche Entera Larga Vida La Suipachense 1 Lt","1400.00","1400.00"
26297,"Ravioles 4 Quesos Dia 520 Gr","1710.00","1710.00"
26298,"Tapas Pascualina Cuquets 370 Gr","895.00","895.00"
26299,"Queso Untable Port Salut Light La Paulina 190 Gr","2150.00","2150.00"
26300,"Postre Sabor Dulce de Leche Yatasto 230 Gr","1050.00","1050.00"
26301,"Ravioles Pollo y Espinaca Dia 520 Gr","1710.00","1710.00"
26302,"Manteca Calidad Extra OPI x 100 Gr","1380.00","1380.00"
26303,"Ravioles Ricota Dia 520 Gr","1710.00","1710.00"
26304,"Leche Ultra E Sachet Dia 1 Lt","1250.00","1250.00"
26305,"Postre Dulce de Leche Dia 230 Gr","1010.00","1010.00"
26306,"Leche Chocolatada Dia 200 Ml","760.00","760.00"
26307,"Postre Sabor Vainilla Yatasto 230 Gr","1050.00","1050.00"
26308,"Yogur Firme Descremado Dia 2 Un 125 Gr","1200.00","1200.00"
26309,"Postre Dulce de Leche Light Dia 100 Gr","600.00","600.00"
26310,"Ravioles de 4 Quesos 500 Gr","1650.00","1650.00"
26311,"Postre Vainilla Dia 95 Gr","600.00","600.00"
26312,"Tapa Pascualina Individual Dia 200 Gr","800.00","800.00"
26313,"Leche 0% Lactosa Dia 1 Lt","1850.00","1850.00"
26314,"Ravioles 4 Quesos Dia 520 Gr","1710.00","1710.00"
26315,"Flan Vainilla sin Huevo Manfrey 120 Gr","730.00","730.00"
26316,"Queso Crema Light Cremette Tonadita 480 Gr","2950.00","2950.00"
26317,"Yogur Bebible Entero Frutilla Dia 1 Kg","2200.00","2200.00"
26318,"Postre Sabor Vainilla Yatasto 230 Gr","1050.00","1050.00"
26319,"Queso Blanco Descremado Dia x 400 Gr","1590.00","1590.00"
26320,"Yogur Bebible Entero Vainilla Dia 1 Kg","2200.00","2200.00"
26321,"Postre de Dulce de Leche Dia 100 Gr","600.00","600.00"
26322,"Margarina 0% Grasas Trans Dia 500 Gr","3160.00","3160.00"
26323,"Postre Vainilla Dia Light 100 Gr","600.00","600.00"
26324,"Queso Crema Light Dia 290 Gr","2690.00","2890.00"
26325,"Postre Sabor Chocolate Yatasto 230 Gr","1050.00","1050.00"
26326,"Yogur Parcialmente Descremado Frutilla Yofre 140 Gr","520.00","520.00"
26327,"Postre Sabor Dulce de Leche Yatasto 230 Gr","1050.00","1050.00"
26328,"Flan Vainilla Dia Light 125 Gr","700.00","700.00"
26330,"Yogur Bebible Entero Durazno Dia 1 Kg","2200.00","2200.00"
26331,"Ravioles Pollo y Espinaca Dia 520 Gr","1710.00","1710.00"
26332,"Ravioles de Capresse Dia 500 gr","1650.00","1650.00"
26333,"Ravioles Ricota Dia 520 Gr","1710.00","1710.00"
26334,"Ravioles Atm Cuatro 1 Kg","2750.00","2750.00"
26335,"Levadura Prensada Dia 50 Gr","330.00","330.00"
26336,"Queso Untable Port Salut Light La Paulina 190 Gr","2150.00","2150.00"
26337,"Tapas Empanadas Horno y Freir Dia 450 Gr","1750.00","1750.00"
26338,"Ravioles de 4 Quesos 500 Gr","1650.00","1650.00"
26339,"Postre Dulce de Leche Dia 230 Gr","1010.00","1010.00"
26340,"Tapas Pascualina Criolla Dia 400 Gr","1200.00","1200.00"
26341,"Yogur Bebible Entero sabor Vainilla Milkaut 900 Gr","2185.00","2185.00"
26342,"Cappellettis Rellenos con Carne Dia 500 Gr","1750.00","1750.00"
26343,"Ravioles de Ricota Dia 500 Gr","1650.00","1650.00"
26344,"Tapas Pascualina Criolla Dia 400 Gr","1200.00","1200.00"
26345,"Ravioles Ricota y Espinaca Dia 520 Gr","1710.00","1710.00"
26346,"Postre de Dulce de Leche Dia 100 Gr","600.00","600.00"
26347,"Queso Crema Light Dia 290 Gr","2690.00","2890.00"
26348,"Queso Crema Untable Dia 320 Gr","2890.00","2890.00"
26349,"Ravioles Pollo y Espinaca Dia 520 Gr","1710.00","1710.00"
26350,"Postre Vainilla Dia 95 Gr","600.00","600.00"
26351,"Crema de Leche Larga Vida Dia 200 Ml","1650.00","1650.00"
26352,"Postre Vainilla Dia 120 Gr","870.00","870.00"
26353,"Ravioles de Ricota Dia 500 Gr","1650.00","1650.00"
26354,"Yogur Parcialmente Descremado Frutilla Yofre 140 Gr","520.00","520.00"
26355,"Postre Sabor Dulce de Leche Yatasto 230 Gr","1050.00","1050.00"
26356,"Yogur Firme Descremado Dia 2 Un 125 Gr","1200.00","1200.00"
26357,"Postre Sabor Chocolate Yatasto 230 Gr","1050.00","1050.00"
26358,"Ravioles Ricota Dia 520 Gr","1710.00","1710.00"
26359,"Yogur Parcialmente Descremado Vainilla Yofre 140 Gr","520.00","520.00"
26360,"Yogur Bebible Entero Frutilla Sachet La Suipachense 900 Ml","1500.00","1500.00"
26361,"Tapas Empanadas Criollas Dia 450 Gr","1500.00","1500.00"
26362,"Yogur Entero Firme Dia Pack 2 Un 250 Gr","1200.00","1200.00"
26363,"Levadura Prensada Dia 50 Gr","330.00","330.00"
26364,"Cappellettis Rellenos con Carne Dia 500 Gr","1750.00","1750.00"
26365,"Tapa Empanadas Criolla Cuquets 280 Gr","755.00","755.00"
26366,"Queso Untable Port Salut Light La Paulina 190 Gr","2150.00","2150.00"
26367,"Ravioles de 4 Quesos 500 Gr","1650.00","1650.00"
26368,"Postre Dulce de Leche Dia 230 Gr","1010.00","1010.00"
26369,"Ravioles de Pollo y Espinaca Dia 500 Gr","1650.00","1650.00"
26370,"Postre Dia Light 95 Gr","600.00","600.00"
26371,"Leche Ultra D Sachet Dia 1 Lt","1250.00","1250.00"
26372,"Tapas Pascualina Dia 400 Gr","1200.00","1200.00"
26373,"Postre Vainilla con Confites Ilolay 110 Gr","1600.00","1600.00"
26374,"Ravioles de Carne 500 Gr","1650.00","1650.00"
26375,"Ravioles Atm Cuatro 1 Kg","2750.00","2750.00"
26376,"Leche 0% Lactosa Dia 1 Lt","1850.00","1850.00"
26377,"Leche Condensada Dia 400 Gr","2190.00","2190.00"
26378,"Leche Ultra D Sachet Dia 1 Lt","1250.00","1250.00"
26379,"Postre Vainilla Dia Light 100 Gr","600.00","600.00"
26380,"Ravioles Pollo y Espinaca Dia 520 Gr","1710.00","1710.00"
26381,"Postre Chocolate Dia 230 Gr","1010.00","1010.00"
26382,"Yogur Entero Frutilla La Suipachense 300 Gr","1300.00","1300.00"
26383,"Queso Crema Light Cremette Tonadita 480 Gr","2950.00","2950.00"
26384,"Yogur Parcialmente Descremado Frutilla Yofre 140 Gr","520.00","520.00"
26385,"Leche Condensada Dia 400 Gr","2190.00","2190.00"
26386,"Postre Sabor Dulce de Leche Yatasto 230 Gr","1050.00","1050.00"
26387,"Alimento para Untar sin TACC Manty 200 Gr","1750.00","1750.00"
26388,"Ravioles Ricota y Espinaca Dia 520 Gr","1710.00","1710.00"
26389,"Postre de Dulce de Leche Dia 100 Gr","600.00","600.00"
26390,"Ravioles Ricota Dia 520 Gr","1710.00","1710.00"
26391,"Levadura Prensada Dia 50 Gr","330.00","330.00"
26392,"Yogur Bebible Entero Vainilla Sachet La Suipachense 900 Ml","1500.00","1500.00"
26393,"Ravioles 4 Quesos Dia 520 Gr","1710.00","1710.00"
26394,"Yogur Firme Descremado Fortificado Frutilla Gran Compra 120 Gr","580.00","599.00"
26395,"Leche Entera Clasica 3 % Fortificada Tetra La Serenisima 200 Ml","850.00","969.00"
26396,"Manteca Calidad Extra La Paulina 200 Gr","2705.00","2818.00"
26397,"Leche Descremada Uat Fortificada Hierro Botella 1 La Serenisima 1 Lt","2069.00","2129.00"
26398,"Yogur Entero Tipo Suizo con Confitura de Frutilla La Cremeria 120 Gr","1171.00","1359.00"
26399,"Queso Crema Alioli La Paulina 250 Gr","2264.00","2359.00"
26400,"Tapas Empanadas Hojaldre Mendia 15 Un","1109.00","1308.00"
26401,"Tapas Empanadas Criollas Mendia 15 Un","1109.00","1308.00"
26402,"Queso Untable Salame Adler 100 Gr","2136.00","2225.00"
26403,"Leche Larga Vida Parcialmente Descremada Clasica 2% La Serenisima 1 Lt","1929.00","1989.00"
26404,"Queso Untable Cheddar Neufchatel Tregar 180 Gr","1527.00","1889.00"
26405,"Yogur Batido Natural Ser 300 Gr","2645.00","2725.00"
26406,"Yogur Entero Griego Arandanos Yogurisimo 125 Gr","1895.00","3400.00"
26407,"Leche Condensada Descremada sin TACC Nestle 395 Gr","2290.00","4219.00"
26408,"Margarina en Pan Margadan 200 Gr","1299.00","1379.00"
26409,"Queso Untable Cheddar Neufchatel Tregar 180 Gr","1527.00","1889.00"
26410,"Margarina en Pan Clasica Danica 200 Gr","1499.00","1589.00"
26411,"Yogur Descremado sabor Frutilla Milkaut 190 Gr","975.00","1025.00"
26412,"Yogur Entero Griego Arandanos Yogurisimo 125 Gr","1895.00","3400.00"
26413,"Leche Descremada Uat Vitamina Extra Calcio Botella La Serenisima 1 Lt","2025.00","2129.00"
26414,"Queso Untable Cremoso Salame Adler 190 Gr","2235.00","2539.00"
26415,"Leche Condensada Descremada sin TACC Nestle 395 Gr","2290.00","4219.00"
26416,"Queso Crema Alioli La Paulina 250 Gr","2264.00","2359.00"
26417,"Queso Untable Neufchatel Light Tregar 180 Gr","1750.00","1799.00"
26418,"Tapas Empanadas Hojaldre Mendia 15 Un","1109.00","1308.00"
26419,"Crema Chantilly Aerosol Tonadita 250 Gr","6527.00","6999.00"
26420,"Yogur Firme Descremado Fortificado Vainilla Gran Compra 120 Gr","580.00","580.00"
26421,"Ravioles de Ricotta y Queso 520 Gr","2825.00","2825.00"
26422,"Queso Untable Port Salut Milkaut 190 Gr","2012.00","2209.00"
26423,"Crema de Leche Carrefour 200 Cc","1790.00","1790.00"
26424,"Tapa para Empanadas Rotiseras Carrefour 450 Gr","1850.00","1850.00"
26425,"Crema de Leche Original para Batir Las Tres Niñas 200 Ml","1880.00","1939.00"
26426,"Queso Crema Entero Carrefour Classic 480 Gr","3590.00","3590.00"
26427,"Yogur Descremado sabor Vainilla Milkaut 190 Gr","975.00","1015.00"
26428,"Leche Parcialmente Descremada Uat Tetra Carrefour Classic 1 Lt","1590.00","1590.00"
26429,"Leche Uat Parcialmente Descremada Brik Carrefour Classic 1 Lt","1590.00","1590.00"
26430,"Leche Entera Uat Carrefour Classic Tetra 1 Lt","1590.00","1590.00"
26431,"Crema de Leche Pote Milkaut 330 Cc","3755.00","3869.00"
26432,"Queso Crema Untable La Paulina 250 Gr","2264.00","2359.00"
26433,"Yogur Descremado con Arandanos Tregar 160 Gr","1235.00","1329.00"
26434,"Yogur Descremado Tops con Cereales Tregar 164 Gr","1390.00","1429.00"
26435,"Flan Vainilla Carrefour Classic Pote 110 Gr","899.00","899.00"
26436,"Ravioles de 4 Quesos Villa Dagri 500 Gr","2179.00","2470.00"
26437,"Queso Untable Neufchafel sabor Jamon 190 Gr","1527.00","1889.00"
26438,"Yogur Bebible Descremado Sabor Frutilla Tregar 900 Gr","2199.00","2265.00"
26439,"Yogur Descremado sabor Vainilla Milkaut 190 Gr","975.00","1015.00"
26440,"Crema de Leche Original para Batir Las Tres Niñas 200 Ml","1880.00","1939.00"
26441,"Queso Crema Entero Carrefour Classic 480 Gr","3590.00","3590.00"
26442,"Leche Entera Uat Carrefour Classic Tetra 1 Lt","1590.00","1590.00"
26443,"Leche Ultra Parcialmente Descremada Sachet Carrefour Classic 1 Lt","1290.00","1290.00"
26444,"Yogur Descremado con Arandanos Tregar 160 Gr","1235.00","1329.00"
26445,"Yogur Descremado Tops con Cereales Tregar 164 Gr","1390.00","1429.00"
26446,"Queso Crema Untable La Paulina 250 Gr","2264.00","2359.00"
26447,"Manteca Ilolay 200 Gr","3015.00","3129.00"
26448,"Leche Uat Parcialmente Descremada Brik Carrefour Classic 1 Lt","1590.00","1590.00"
26449,"Leche Chocolatada Uat Parcialmente Descremada Cindor 1 Lt","4475.00","4475.00"
26450,"Tapas Pascualina Criolla Mendia 2 Un 400 Gr","1299.00","1534.00"
26451,"Leche Uat Entera Brik Carrefour Classic 1 Lt","1590.00","1590.00"
26452,"Ravioles de 4 Quesos Villa Dagri 500 Gr","2179.00","2470.00"
26453,"Ravioles de Pollo y Verdura Mendia 500 Gr","1779.00","1864.00"
26454,"Queso Crema Tradicional Classic Carrefour 290 Gr","2290.00","2290.00"
26455,"Yogur Firme Entero con Duraznos Tregar 160 Gr","1290.00","1329.00"
26456,"Ravioles de Ricotta Carrefour 500 Gr","1790.00","1790.00"
26457,"Queso Crema Light Carrefour Classic 290 Gr","2290.00","2290.00"
26458,"Sorrentinos de Mozzarella y Jamon Carrefour 500 Gr","2590.00","2590.00"
26459,"Yogur Entero Frutilla Pote Milkaut 190 Gr","1015.00","1050.00"
26460,"Ravioles de Jamon y Mozzarella Mendia 500 Gr","1779.00","1864.00"
26461,"Manteca Calidad Extra Carrefour 200 Gr","2550.00","2550.00"
26462,"Leche Parcialmente Descremada Uat Tetra Carrefour Classic 1 Lt","1590.00","1590.00"
26463,"Crema de Leche Pote Milkaut 330 Cc","3755.00","3869.00"
26464,"Yogur Firme Vainilla Yogurisimo 4 Un 480 Gr","4015.00","4015.00"
26465,"Manteca con Multivitaminas Sancor 200 Gr","3259.00","3287.00"
26466,"Yogur Bebible Descremado Deslactosado Frutilla Sachet La Serenisima 900 Gr","3345.00","3445.00"
26467,"Yogur Entero Tipo Suizo con Confitura de Durazno y Naranja La Cremeria 120 Gr","1171.00","1319.00"
26468,"Yogur Bebible Descremado Deslactosado Vainilla Sachet La Serenisima 900 Gr","3345.00","3445.00"
26469,"Leche Reducida en Lactosa Uat Tetra Carrefour Classic 1 Lt","1890.00","1890.00"
26470,"Flan Vainilla Carrefour Classic Pote 110 Gr","899.00","899.00"
26471,"Ravioles de Carne y Jamon Carrefour 500 Gr","1790.00","1790.00"
26472,"Yogur Descremado con Frutas Durazno Pote Tregar 160 Gr","1290.00","1290.00"
26473,"Yogur Batido Semidescremado Natural Yogurade 210 Gr","1850.00","1905.00"
26474,"Ravioles de Ricota y Verdura Mendia 500 Gr","1779.00","1864.00"
26475,"Queso Untable Jamon Milkaut 190 Gr","2012.00","2249.00"
26476,"Tapas Pastelitos Mendia 24 Un 330 Gr","1059.00","1162.00"
26477,"Ravioles de 4 Quesos Mendia 500 Gr","1779.00","1864.00"
26478,"Manteca Multivitamina Sancor 100 Gr","1699.00","1709.00"
26479,"Yogur Bebible Entero sabor Vainilla Sachet Ilolay 1 Kg","1999.00","2195.00"
26480,"Cappellettis Rellenos con Ricotta y Queso Carrefour 500 Gr","1890.00","1890.00"
26481,"Yogur Batido Descremado sabor Vainilla Gran Compra 120 Gr","580.00","599.00"
26482,"Tapas Pascualina Villa Dagri 2 Un 400 Gr","1379.00","1399.00"
26483,"Queso Mascarpone Congelado Tregar 200 Gr","2650.00","2729.00"
26484,"Ñoquis Papa Mendia 1 Kg","2630.00","2999.00"
26485,"Margarina en Pan Margadan 500 Gr","3069.00","3149.00"
26486,"Queso Untable Original Mendicrim 300 Gr","3179.00","3179.00"
26487,"Crema de Leche Ilolay 350 Cc","3132.00","3263.00"
26488,"Ñoquis de Papa 500 Gr","2160.00","2160.00"
26489,"Ravioles de Carne y Espinaca Carrefour 500 Gr","1790.00","1790.00"
26490,"Ravioles de Cuatro Quesos Carrefour 500 Gr","1790.00","1790.00"
26491,"Yogur Bebible Entero sabor Durazno Sachet Milkaut 900 Gr","2098.00","2185.00"
26492,"Queso Crema Descremado Carrefour Classic 480 Gr","3590.00","3590.00"
26493,"Margarina Clasica en Pan Danica 500 Gr","3545.00","3645.00"
26494,"Queso Untable Azul Fundido Milkaut 190 Gr","2012.00","2209.00"
26495,"Yogur con Cereal Copos Descremado Tops Tregar 164 Gr","1390.00","1390.00"
26496,"Tapas Pascualina Mendia Light 400 Gr","1436.00","1499.00"
26497,"Yogur Entero Vainilla Sachet Milkaut 1.2 Lt","2919.00","3105.00"
26498,"Yogur Bebible Descremado sabor Vainilla Sachet Ilolay 1 Kg","1999.00","2240.00"
26499,"Yogur Bebible Descremado Frutilla Sachet Carrefour Classic 900 Gr","1790.00","1790.00"
26500,"Tapas Pascualina para Horno de Hojaldre Individual Mendia 230 Gr","671.00","799.00"
26501,"Manteca Tonadita 500 Gr","6719.00","6999.00"
26502,"Queso Untable Cheddar Milkaut 190 Gr","2012.00","2209.00"
26503,"Yogur Bebible Descremado sin Sellos Sachet Yogurisimo 900 Gr","3930.00","4255.00"
26504,"Yogur Bebible Descremado sabor Vainilla Sachet Milkaut 900 Gr","2089.00","2149.00"
26505,"Cappellettis Rellenos con Ricotta y Queso Carrefour 500 Gr","1890.00","1890.00"
26506,"Yogur Bebible Descremado Frutilla Sachet Carrefour Classic 900 Gr","1790.00","1790.00"
26507,"Tapas Pascualina para Horno de Hojaldre Individual Mendia 230 Gr","671.00","799.00"
26508,"Yogur Bebible Descremado sabor Vainilla Sachet Ilolay 1 Kg","1999.00","2240.00"
26509,"Tapas Pascualina Villa Dagri 2 Un 400 Gr","1379.00","1399.00"
26510,"Yogur Entero Tipo Suizo con Confitura de Moras La Cremeria 120 Gr","1171.00","1319.00"
26511,"Queso Untable Clasico La Paulina 190 Gr","1919.00","2002.00"
26512,"Yogur Entero con Anana Tregar 160 Gr","1290.00","1290.00"
26513,"Tapa Pascualina Integral 400 Gr","1500.00","1500.00"
26514,"Yogur Bebible Descremado sin Sellos Sachet Yogurisimo 900 Gr","3930.00","4255.00"
26515,"Yogur Bebible Descremado sabor Vainilla Sachet Milkaut 900 Gr","2089.00","2149.00"
26516,"Queso Untable Cheddar Milkaut 190 Gr","2012.00","2209.00"
26517,"Manteca La Paulina 100 Gr","1473.00","1535.00"
26518,"Yogur Bebible Descremado sabor Frutilla Sachet Ilolay 1 Kg","1999.00","2240.00"
26519,"Yogur Bebible Descremado sabor Frutilla Sachet Milkaut 900 Gr","2089.00","2149.00"
26520,"Queso Crema Clasico Tregar 190 Gr","1890.00","1890.00"
26521,"Yogur Descremado sin Lactosa Frutilla Botella Ser 190 Gr","1949.00","2040.00"
26522,"Yogur Bebible Descremado Vainilla Tregar 900 Gr","2199.00","2199.00"
26523,"Tapas Empanadas Villa Dagri 12 Un","1150.00","1199.00"
26524,"Yogur Bebible Entero sabor Frutilla Sachet Ilolay 1 Kg","1999.00","2240.00"
26525,"Queso Crema Ciboulette La Paulina 250 Gr","2264.00","2359.00"
26526,"Tapas Empanadas Criollas Carrefour 12 Un","1050.00","1050.00"
26527,"Queso Untable Fundido Tradicional Milkaut 190 Gr","2012.00","2095.00"
26528,"Ñoquis Bellaterra 500 Gr","1519.00","1519.00"
26529,"Queso Crema Clasico Blancrem 480 Gr","4180.00","4305.00"
26530,"Tapa para Pascualina Criolla Carrefour 2 Un","1190.00","1190.00"
26531,"Tapas Empanadas Freir Carrefour 12 Un","1050.00","1050.00"
26532,"Ravioles de Ricota Villa Dagri 500 Gr","2179.00","2399.00"
26533,"Queso Untable de Almendras sabor Clasico Felices las Vacas 200 Gr","2015.00","2015.00"
26534,"Manteca SyS 100 Gr","1536.00","1600.00"
26535,"Leche Parcialmente Descremada UAT Larga Vida Manfrey 1 Lt","1680.00","1750.00"
26536,"Queso Untable Cremoso Clasico Adler 190 Gr","2309.00","2479.00"
26537,"Cappellettis Rellenos con Carne y Jamon Carrefour 500 Gr","1890.00","1890.00"
26538,"Ravioles Pollo y Verdura Sumasa 460 Gr","1343.00","1399.00"
26539,"Ñoquis 500 Gr","993.00","1034.00"
26540,"Yogur Batido Semidescremado Frutilla Yogurade 210 Gr","1850.00","1850.00"
26541,"Queso Crema Clasico Light La Serenisima 290 Gr","612.36","612.36"
26542,"Bebida Vegetal de Almendras sin TACC Biba 1 Lt","2010.24","2094.00"
26543,"Leche de Almendras Endulzada Tetra Silk 1 Lt","4735.00","4735.00"
26544,"Leche Descremada Barista Larga Vida Botella La Serenisima 1 Lt","2025.00","2066.10"
26545,"Capelletis Jamon y Queso El Sol 500 Gr","2032.00","2117.00"
26546,"Yogur Bebible Frutilla Danonino 185 Gr","221.00","223.00"
26547,"Crema en Polvo Light Coffee Mate 170 Gr","3554.50","3702.60"
26548,"Postre Vainilla Pote Serenito 120 Gr","181.00","183.00"
26549,"Queso Untable para Dipear Cheddar Adler 150 Gr","2151.00","2409.00"
26550,"Yogur Entero Frutilla Cremix Yogurisimo 4 Un 480 Gr","4015.00","4015.00"
26551,"Yogur Batido sabor Natural Ser 157 Gr","1670.00","1670.00"
26552,"Ravioles de Pollo La Bianca 2 Placas","2262.99","2262.99"
26553,"Ravioles de Verdura Pamp 600 Gr","1489.00","1552.00"
26554,"Cappellettis Rellenos con Carne y Jamon Carrefour 500 Gr","1890.00","1890.00"
26555,"Queso Untable Fontina Fundido La Paulina 190 Gr","1919.00","1919.00"
26556,"Queso Crema Clasico Light La Serenisima 290 Gr","612.36","612.36"
26557,"Queso Fundido Untable Magro La Paulina 190 Gr","1920.00","2000.00"
26558,"Tapas Empanadas Freir Delicias Doradas 12 Un","1665.00","1735.00"
26559,"Yogur Entero Firme Sabor Natural Frasco Dahi 190 Gr","1730.00","1779.00"
26560,"Crema de Leche Zero Lactosa Tetra La Serenisima 200 Cc","1760.00","1760.00"
26561,"Yogur Bebible Entero Fortificado Vainilla en Sachet Yogurisimo 1 Kg","1038.96","1038.96"
26562,"Leche Chocolatada UAT Larga Vida Tregar 200 Ml","1104.00","1150.00"
26563,"Postre Vainilla Pote Serenito 120 Gr","181.00","183.00"
26564,"Queso Untable para Dipear Cheddar Adler 150 Gr","2151.00","2409.00"
26565,"Pastas Frescas Capellettis Rellenas Pasteurizadas La Italiana 1 Kg","3379.00","3519.00"
26566,"Ravioles de verdura La Bianca 500 Gr","2262.99","2262.99"
26567,"Cappellettis Rellenos con Carne y Jamon Carrefour 500 Gr","1890.00","1890.00"
26568,"Tapas Empanadas Horno Pamp 12 Un","640.00","666.00"
26569,"Queso Crema Clasico Light La Serenisima 290 Gr","612.36","612.36"
26570,"Queso Untable 4 Quesos Tholem Tentaciones 190 Gr","1895.00","2669.00"
26571,"Fideos Frescos al Huevo Pamp 500 Gr","993.00","1034.00"
26572,"Queso Crema Clasico Entero Casancrem 480 Gr","1386.72","1386.72"
26573,"Leche 0 Lactosa Larga Vida La Serenisima 1 Lt","654.00","654.00"
26574,"Tapa Pascualina Hojaldre Sumasa 400 Gr","1278.00","1332.00"
26575,"Postre Vainilla Pote Serenito 120 Gr","181.00","183.00"
26576,"Ravioles de Ricotta Pamp 600 Gr","1489.00","1552.00"
26577,"Queso Untable para Dipear Cheddar Adler 150 Gr","2151.00","2409.00"
26578,"Yogur Cremoso Vainilla Ilolay 120 Gr","545.00","550.00"
26579,"Queso Untable de Almendras sabor Clasico Felices las Vacas 200 Gr","2015.00","2015.00"
26580,"Yogur Batido Descremado Frutilla Ilolay 120 Gr","528.00","550.00"
26581,"Ravioles Carne Espinaca Carrefour 1 Kg","2990.00","2990.00"
26582,"Manteca SyS 200 Gr","2889.00","3009.00"
26583,"Pastas Frescas Capellettis Rellenas Pasteurizadas La Italiana 1 Kg","3379.00","3519.00"
26584,"Yogur Cremoso Vainilla Ilolay 120 Gr","545.00","550.00"
26585,"Queso Crema Clasico Light La Serenisima 290 Gr","612.36","612.36"
26586,"Yogur Batido Descremado Frutilla Ilolay 120 Gr","528.00","550.00"
26587,"Ravioles Carne Espinaca Carrefour 1 Kg","2990.00","2990.00"
26588,"Queso Crema Light Casancrem 480 Gr","1386.72","1386.72"
26589,"Tapas para Pascualina sin TACC Orali 2 Un","3650.00","3650.00"
26590,"Queso Untable para Dipear Cheddar Adler 150 Gr","2151.00","2409.00"
26591,"Postre Vainilla Pote Serenito 120 Gr","181.00","183.00"
26592,"Pastas Frescas Capellettis Rellenas Pasteurizadas La Italiana 1 Kg","3379.00","3519.00"
26593,"Queso Untable de Almendras sabor Clasico Felices las Vacas 200 Gr","2015.00","2015.00"
26594,"Queso Untable Fundido con Jamon La Paulina 190 Gr","1919.00","2002.00"
26595,"Tapas para Pasteles 24 Un","1395.02","1395.02"
26596,"Yogur Bebible Semidescremado Frutilla Sachet Tregar 900 Gr","2199.00","2199.00"
26597,"Ravioles de Pollo La Italiana 1 Kg","3379.00","3519.00"
26598,"Levadura Saf Instant Roja 125 Gr","4394.00","4577.00"
26599,"Tapas Empanadas Horno Delicias Doradas 12 Un","1665.00","1735.00"
26600,"Ravioles de Pollo Pamp 600 Gr","1489.00","1552.00"
26601,"Yogur Entero con Colchon de Frutilla Milkaut 150 Gr","1279.00","1280.00"
26602,"Queso Untable Fundido con Jamon La Paulina 190 Gr","1919.00","2002.00"
26603,"Postre Vainilla Pote Serenito 120 Gr","181.00","183.00"
26604,"Ravioles de Pollo La Italiana 1 Kg","3379.00","3519.00"
26605,"Levadura Saf Instant Roja 125 Gr","4394.00","4577.00"
26606,"Queso Untable para Dipear Cheddar Adler 150 Gr","2151.00","2409.00"
26607,"Ñoquis de Papa Paladini 500 Gr","2636.00","2746.00"
26608,"Leche Entera UAT Larga Vida Tregar 1 Lt","1645.00","1645.00"
26609,"Levadura Instantanea Mi Pan 4 Un 10 Gr","1228.00","1279.00"
26610,"Yogur Bebible Descremado sabor Vainilla Sachet Milkaut 900 Gr","381.24","381.24"
26611,"Queso Clasico Tregar 180 Gr","1750.00","1750.00"
26612,"Pastas Frescas Capellettis Rellenas Pasteurizadas La Italiana 1 Kg","3379.00","3519.00"
26613,"Tapas para Pasteles 24 Un","1395.02","1395.02"
26614,"Yogur Bebible Semidescremado Frutilla Sachet Tregar 900 Gr","2199.00","2199.00"
26615,"Ravioles de Pollo Pamp 600 Gr","1489.00","1552.00"
26616,"Tapas Empanadas Horno Delicias Doradas 12 Un","1665.00","1735.00"
26617,"Yogur Entero con Colchon de Frutilla Milkaut 150 Gr","1279.00","1280.00"
26618,"Yogurt Bebible Descremado Sabor Multifruta Botellita Ser 190 Gr","230.00","233.00"
26619,"Queso Untable de Almendras sabor Clasico Felices las Vacas 200 Gr","2015.00","2015.00"
26620,"Yogur Batido Descremado Vainilla Ilolay 120 Gr","528.00","550.00"
26621,"Cappellettis Rellenos con 4 Quesos 500 Gr","2835.00","2835.00"
26622,"Queso Untable de Almendras sabor Clasico Felices las Vacas 200 Gr","2015.00","2015.00"
26623,"Queso Untable Fontina Fundido La Paulina 190 Gr","1919.00","1919.00"
26624,"Crema de Leche La Paulina 200 Cc","1594.00","1660.00"
26625,"Tapas para Pasteles 24 Un","1395.02","1395.02"
26626,"Yogur Bebible Semidescremado Frutilla Sachet Tregar 900 Gr","2199.00","2199.00"
26627,"Yogur Entero con Colchon de Frutilla Milkaut 150 Gr","1279.00","1280.00"
26628,"Ravioles de Pollo Pamp 600 Gr","1489.00","1552.00"
26629,"Tapas Empanadas Horno Delicias Doradas 12 Un","1665.00","1735.00"
26630,"Tapas Empanadas Criollas Mendia 20 Un","1475.00","1475.00"
26631,"Queso Untable Cremoso con Queso Azul Adler 190 Gr","2410.00","2410.00"
26632,"Leche 0% Lactosa Uat Parcialmente Descremada Tregar 1 Lt","1680.00","1979.00"
26633,"Grasa Porcina Refinada Esani 500 Gr","1535.00","1800.00"
26634,"Pastas Frescas Capellettis Rellenas Pasteurizadas La Italiana 1 Kg","3379.00","3519.00"
26635,"Cappellettis Rellenos con 4 Quesos 500 Gr","2835.00","2835.00"
26636,"Leche Chocolatada UAT Larga Vida Tregar 1 Lt","2160.00","2250.00"
26637,"Queso Crema Ligth Pote San Ignacio 290 Gr","2775.00","2775.00"
26638,"Acelga paquete 3 unidades","2500","2500"
26639,"Ajo 3 cabezas","2500","2500"
26640,"Albahaca paquete 3 unidades","3000","3000"
26641,"Alcaucil 6 unidades","5000","5000"
26642,"Apio 2 plantas","1500","1500"
26643,"Berenjena 1 kg","3000","3000"
26644,"Batata 2 kg","3000","3000"
26645,"Cebolla 4 kg","2000","9000"
26646,"Cebolla morada 2 kg","4000","4000"
26647,"Choclo 2 kg","3000","3000"
26648,"Cilantro 2 unidades","1500","1500"
26649,"Coliflor 1 kg","3000","3000"
26650,"Espárrago 2 paquetes","4000","4000"
26651,"Espinaca 4 paquetes","2500","2500"
26652,"Haba 1 kg","1800","1800"
26653,"Jengibre 1 kg","4000","4000"
26654,"Lechuga capuccina 2 kg","3000","3000"
26655,"Lechuga manteca 1 kg","3000","3000"
26656,"Morrón rojo 2 kg","6000","6000"
26657,"Morrón verde 2 kg","4000","4000"
26658,"Papa 8 kg","8000","18000"
26659,"Pepino 2 kg","2000","2000"
26660,"Rabanito 3 paquetes","2000","2000"
26661,"Radicheta 4 paquetes","1500","1500"
26662,"Remolacha 2 paquetes","3000","3000"
26663,"Repollo blanco 1 kg","1500","1500"
26664,"Repollo colorado 1 kg","2000","2000"
26665,"Rúcula 4 paquetes","1500","1500"
26666,"Tomate cherry 1 kg","3000","3000"
26667,"Tomate perita 3 kg","2900","2900"
26668,"Tomate redondo 2 kg","2900","2900"
26669,"Zanahoria 3 kg","2800","2800"
26670,"Zapallito 3 kg","2800","2800"
26671,"Zapallo anco 2 kg","2000","18000"
26672,"Zucchini 3 kg","2800","2800"
26673,"Ananá Ecuador unidad","4000","4000"
26674,"Arándano 2 paquetes","3000","3000"
26675,"Banana 2 kg","3000","3000"
26676,"Banana Ecuador 2 kg","4000","4000"
26677,"Ciruela 1 kg","7000","7000"
26678,"Durazno 1 kg","4000","4000"
26679,"Kiwi 2 kg","6000","6000"
26680,"Limón 2 kg","3000","3000"
26681,"Mandarina 3 kg","3000","3000"
26682,"Mango 1 kg","4000","4000"
26683,"Manzana roja 3 kg","5000","5000"
26684,"Manzana verde 3 kg","5000","5000"
26685,"Melón asiático unidad","4500","4500"
26686,"Naranja de jugo 4 kg","2500","2500"
26687,"Naranja ombligo 3 kg","2500","2500"
26688,"Palta 1 kg","6000","6000"
26689,"Papaya 1 kg","4000","4000"
26690,"Pera 3 kg","4000","4000"
26691,"Pomelo 3 kg","2500","2500"
26692,"60 huevos","10000","10000"
26693,"30 huevos","5800","5800"
26694,"Aceite de oliva mendocino virgen extra 500 ml","15000","15000"
26695,"Aceitunas en salmuera Don Vicente 800 g","9000","9000"
26696,"Champiñones bandeja 200 g","3500","3500"
26697,"Berenjena condimentada 200 g","2800","2800"
26698,"Brotes de soja paquete","2500","2500"
26699,"Condimentos 50 g","500","500"
26700,"Dulce de cayote 800 g","7000","7000"
26701,"Jugo de arándanos 2 botellas","3000","3000"
26702,"Mermelada El Celta frutilla light 350 g","3500","3500"
26703,"Miel multifloral cordobesa 500 g","3500","3500"
26704,"Mix de granola Kos Food 1 kg","6900","6900"
26705,"Nuez pelada mariposa 250 g","4000","4000"
26706,"Pasta de ajo mediterránea 200 g","2800","2800"
26707,"Pasta de maní sin azúcar Kos Food 500 g","5900","5900"
26708,"Salsa alioli ajo ahumado 200 g","2800","2800"
26709,"Salsa de tomate grande 1 L","5000","5000"
